Warning: you requested the nanomsg event logger, but bmv2 was compiled without -DBMELOG, and the event logger cannot be activated
Calling target program-options parser
[06:04:43.169] [bmv2] [D] [thread 245315] Set default default entry for table 'MyIngress.ipv4_lpm': MyIngress.drop - 
[06:04:43.169] [bmv2] [D] [thread 245315] Set default default entry for table 'MyIngress.tb_set_role': NoAction - 
[06:04:43.170] [bmv2] [D] [thread 245315] Set default default entry for table 'MyEgress.tbl_prime': NoAction - 
[06:04:43.170] [bmv2] [D] [thread 245315] Set default default entry for table 'MyEgress.swtrace': NoAction - 
Adding interface s38-eth1 as port 1
[06:04:43.171] [bmv2] [D] [thread 245315] Adding interface s38-eth1 as port 1
Adding interface s38-eth2 as port 2
[06:04:43.245] [bmv2] [D] [thread 245315] Adding interface s38-eth2 as port 2
Adding interface s38-eth3 as port 3
[06:04:43.305] [bmv2] [D] [thread 245315] Adding interface s38-eth3 as port 3
Adding interface s38-eth4 as port 4
[06:04:43.357] [bmv2] [D] [thread 245315] Adding interface s38-eth4 as port 4
Adding interface s38-eth5 as port 5
[06:04:43.417] [bmv2] [D] [thread 245315] Adding interface s38-eth5 as port 5
Adding interface s38-eth6 as port 6
[06:04:43.477] [bmv2] [D] [thread 245315] Adding interface s38-eth6 as port 6
Adding interface s38-cpu-eth0 as port 7
[06:04:43.525] [bmv2] [D] [thread 245315] Adding interface s38-cpu-eth0 as port 7
[06:04:43.589] [bmv2] [I] [thread 245315] Starting Thrift server on port 9127
[06:04:43.589] [bmv2] [I] [thread 245315] Thrift server was started
[06:04:48.666] [bmv2] [D] [thread 245321] [0.0] [cxt 0] Processing packet received on port 6
[06:04:48.666] [bmv2] [D] [thread 245321] [0.0] [cxt 0] Parser 'parser': start
[06:04:48.666] [bmv2] [D] [thread 245321] [0.0] [cxt 0] Parser 'parser' entering state 'start'
[06:04:48.666] [bmv2] [D] [thread 245321] [0.0] [cxt 0] Extracting header 'ethernet'
[06:04:48.666] [bmv2] [D] [thread 245321] [0.0] [cxt 0] Parser state 'start': key is 86dd
[06:04:48.666] [bmv2] [T] [thread 245321] [0.0] [cxt 0] Bytes parsed: 14
[06:04:48.666] [bmv2] [D] [thread 245321] [0.0] [cxt 0] Parser 'parser': end
[06:04:48.666] [bmv2] [D] [thread 245321] [0.0] [cxt 0] Pipeline 'ingress': start
[06:04:48.666] [bmv2] [T] [thread 245321] [0.0] [cxt 0] /home/p4/Desktop/html/p4src/switch.p4(291) Condition "hdr.ipv4.isValid()" (node_2) is false
[06:04:48.666] [bmv2] [T] [thread 245321] [0.0] [cxt 0] Applying table 'MyIngress.tb_set_role'
[06:04:48.666] [bmv2] [D] [thread 245321] [0.0] [cxt 0] Looking up key:
* standard_metadata.ingress_port: 0006

[06:04:48.666] [bmv2] [D] [thread 245321] [0.0] [cxt 0] Table 'MyIngress.tb_set_role': miss
[06:04:48.666] [bmv2] [D] [thread 245321] [0.0] [cxt 0] Action entry is NoAction - 
[06:04:48.666] [bmv2] [T] [thread 245321] [0.0] [cxt 0] Action NoAction
[06:04:48.666] [bmv2] [D] [thread 245321] [0.0] [cxt 0] Pipeline 'ingress': end
[06:04:48.666] [bmv2] [D] [thread 245321] [0.0] [cxt 0] Egress port is 0
[06:04:48.666] [bmv2] [D] [thread 245322] [0.0] [cxt 0] Pipeline 'egress': start
[06:04:48.667] [bmv2] [T] [thread 245322] [0.0] [cxt 0] /home/p4/Desktop/html/p4src/switch.p4(381) Condition "hdr.tag.isValid()" (node_7) is false
[06:04:48.667] [bmv2] [T] [thread 245322] [0.0] [cxt 0] /home/p4/Desktop/html/p4src/switch.p4(386) Condition "hdr.mri.isValid()" (node_9) is false
[06:04:48.667] [bmv2] [D] [thread 245322] [0.0] [cxt 0] Pipeline 'egress': end
[06:04:48.667] [bmv2] [D] [thread 245322] [0.0] [cxt 0] Deparser 'deparser': start
[06:04:48.667] [bmv2] [T] [thread 245322] [0.0] [cxt 0] Skipping checksum 'cksum' update because condition not met
[06:04:48.667] [bmv2] [D] [thread 245322] [0.0] [cxt 0] Deparsing header 'ethernet'
[06:04:48.667] [bmv2] [D] [thread 245322] [0.0] [cxt 0] Deparser 'deparser': end
[06:04:48.667] [bmv2] [D] [thread 245326] [0.0] [cxt 0] Transmitting packet of size 70 out of port 0
[06:04:59.145] [bmv2] [T] [thread 247327] bm_get_config
[06:04:59.147] [bmv2] [T] [thread 247327] bm_table_add_entry
[06:04:59.147] [bmv2] [D] [thread 247327] Entry 0 added to table 'MyIngress.ipv4_lpm'
[06:04:59.148] [bmv2] [D] [thread 247327] Dumping entry 0
Match key:
* hdr.ipv4.dstAddr              : LPM       0a000101/32
* standard_metadata.ingress_port: EXACT     0002
Action entry: MyIngress.ipv4_forward - a000101,1,

[06:04:59.148] [bmv2] [T] [thread 247327] bm_table_add_entry
[06:04:59.148] [bmv2] [D] [thread 247327] Entry 1 added to table 'MyIngress.ipv4_lpm'
[06:04:59.149] [bmv2] [D] [thread 247327] Dumping entry 1
Match key:
* hdr.ipv4.dstAddr              : LPM       0a000101/32
* standard_metadata.ingress_port: EXACT     0003
Action entry: MyIngress.ipv4_forward - a000101,1,

[06:04:59.149] [bmv2] [T] [thread 247327] bm_table_add_entry
[06:04:59.149] [bmv2] [D] [thread 247327] Entry 2 added to table 'MyIngress.ipv4_lpm'
[06:04:59.149] [bmv2] [D] [thread 247327] Dumping entry 2
Match key:
* hdr.ipv4.dstAddr              : LPM       0a000101/32
* standard_metadata.ingress_port: EXACT     0004
Action entry: MyIngress.ipv4_forward - a000101,1,

[06:04:59.150] [bmv2] [T] [thread 247327] bm_table_add_entry
[06:04:59.150] [bmv2] [D] [thread 247327] Entry 3 added to table 'MyIngress.ipv4_lpm'
[06:04:59.150] [bmv2] [D] [thread 247327] Dumping entry 3
Match key:
* hdr.ipv4.dstAddr              : LPM       0a000101/32
* standard_metadata.ingress_port: EXACT     0005
Action entry: MyIngress.ipv4_forward - a000101,1,

[06:04:59.151] [bmv2] [T] [thread 247327] bm_table_add_entry
[06:04:59.151] [bmv2] [D] [thread 247327] Entry 4 added to table 'MyIngress.ipv4_lpm'
[06:04:59.151] [bmv2] [D] [thread 247327] Dumping entry 4
Match key:
* hdr.ipv4.dstAddr              : LPM       0a000101/32
* standard_metadata.ingress_port: EXACT     0006
Action entry: MyIngress.ipv4_forward - a000101,1,

[06:04:59.152] [bmv2] [T] [thread 247327] bm_table_add_entry
[06:04:59.152] [bmv2] [D] [thread 247327] Entry 5 added to table 'MyIngress.ipv4_lpm'
[06:04:59.152] [bmv2] [D] [thread 247327] Dumping entry 5
Match key:
* hdr.ipv4.dstAddr              : LPM       0a000102/32
* standard_metadata.ingress_port: EXACT     0002
Action entry: MyIngress.ipv4_forward - a000102,1,

[06:04:59.152] [bmv2] [T] [thread 247327] bm_table_add_entry
[06:04:59.153] [bmv2] [D] [thread 247327] Entry 6 added to table 'MyIngress.ipv4_lpm'
[06:04:59.153] [bmv2] [D] [thread 247327] Dumping entry 6
Match key:
* hdr.ipv4.dstAddr              : LPM       0a000102/32
* standard_metadata.ingress_port: EXACT     0003
Action entry: MyIngress.ipv4_forward - a000102,1,

[06:04:59.153] [bmv2] [T] [thread 247327] bm_table_add_entry
[06:04:59.153] [bmv2] [D] [thread 247327] Entry 7 added to table 'MyIngress.ipv4_lpm'
[06:04:59.153] [bmv2] [D] [thread 247327] Dumping entry 7
Match key:
* hdr.ipv4.dstAddr              : LPM       0a000102/32
* standard_metadata.ingress_port: EXACT     0004
Action entry: MyIngress.ipv4_forward - a000102,1,

[06:04:59.154] [bmv2] [T] [thread 247327] bm_table_add_entry
[06:04:59.154] [bmv2] [D] [thread 247327] Entry 8 added to table 'MyIngress.ipv4_lpm'
[06:04:59.154] [bmv2] [D] [thread 247327] Dumping entry 8
Match key:
* hdr.ipv4.dstAddr              : LPM       0a000102/32
* standard_metadata.ingress_port: EXACT     0005
Action entry: MyIngress.ipv4_forward - a000102,1,

[06:04:59.155] [bmv2] [T] [thread 247327] bm_table_add_entry
[06:04:59.155] [bmv2] [D] [thread 247327] Entry 9 added to table 'MyIngress.ipv4_lpm'
[06:04:59.155] [bmv2] [D] [thread 247327] Dumping entry 9
Match key:
* hdr.ipv4.dstAddr              : LPM       0a000102/32
* standard_metadata.ingress_port: EXACT     0006
Action entry: MyIngress.ipv4_forward - a000102,1,

[06:04:59.155] [bmv2] [T] [thread 247327] bm_table_add_entry
[06:04:59.156] [bmv2] [D] [thread 247327] Entry 10 added to table 'MyIngress.ipv4_lpm'
[06:04:59.156] [bmv2] [D] [thread 247327] Dumping entry 10
Match key:
* hdr.ipv4.dstAddr              : LPM       0a000103/32
* standard_metadata.ingress_port: EXACT     0002
Action entry: MyIngress.ipv4_forward - a000103,1,

[06:04:59.156] [bmv2] [T] [thread 247327] bm_table_add_entry
[06:04:59.156] [bmv2] [D] [thread 247327] Entry 11 added to table 'MyIngress.ipv4_lpm'
[06:04:59.156] [bmv2] [D] [thread 247327] Dumping entry 11
Match key:
* hdr.ipv4.dstAddr              : LPM       0a000103/32
* standard_metadata.ingress_port: EXACT     0003
Action entry: MyIngress.ipv4_forward - a000103,1,

[06:04:59.157] [bmv2] [T] [thread 247327] bm_table_add_entry
[06:04:59.157] [bmv2] [D] [thread 247327] Entry 12 added to table 'MyIngress.ipv4_lpm'
[06:04:59.157] [bmv2] [D] [thread 247327] Dumping entry 12
Match key:
* hdr.ipv4.dstAddr              : LPM       0a000103/32
* standard_metadata.ingress_port: EXACT     0004
Action entry: MyIngress.ipv4_forward - a000103,1,

[06:04:59.158] [bmv2] [T] [thread 247327] bm_table_add_entry
[06:04:59.158] [bmv2] [D] [thread 247327] Entry 13 added to table 'MyIngress.ipv4_lpm'
[06:04:59.158] [bmv2] [D] [thread 247327] Dumping entry 13
Match key:
* hdr.ipv4.dstAddr              : LPM       0a000103/32
* standard_metadata.ingress_port: EXACT     0005
Action entry: MyIngress.ipv4_forward - a000103,1,

[06:04:59.159] [bmv2] [T] [thread 247327] bm_table_add_entry
[06:04:59.159] [bmv2] [D] [thread 247327] Entry 14 added to table 'MyIngress.ipv4_lpm'
[06:04:59.159] [bmv2] [D] [thread 247327] Dumping entry 14
Match key:
* hdr.ipv4.dstAddr              : LPM       0a000103/32
* standard_metadata.ingress_port: EXACT     0006
Action entry: MyIngress.ipv4_forward - a000103,1,

[06:04:59.160] [bmv2] [T] [thread 247327] bm_table_add_entry
[06:04:59.160] [bmv2] [D] [thread 247327] Entry 15 added to table 'MyIngress.ipv4_lpm'
[06:04:59.160] [bmv2] [D] [thread 247327] Dumping entry 15
Match key:
* hdr.ipv4.dstAddr              : LPM       0a000204/32
* standard_metadata.ingress_port: EXACT     0002
Action entry: MyIngress.ipv4_forward - a000204,1,

[06:04:59.161] [bmv2] [T] [thread 247327] bm_table_add_entry
[06:04:59.161] [bmv2] [D] [thread 247327] Entry 16 added to table 'MyIngress.ipv4_lpm'
[06:04:59.161] [bmv2] [D] [thread 247327] Dumping entry 16
Match key:
* hdr.ipv4.dstAddr              : LPM       0a000204/32
* standard_metadata.ingress_port: EXACT     0003
Action entry: MyIngress.ipv4_forward - a000204,1,

[06:04:59.162] [bmv2] [T] [thread 247327] bm_table_add_entry
[06:04:59.162] [bmv2] [D] [thread 247327] Entry 17 added to table 'MyIngress.ipv4_lpm'
[06:04:59.162] [bmv2] [D] [thread 247327] Dumping entry 17
Match key:
* hdr.ipv4.dstAddr              : LPM       0a000204/32
* standard_metadata.ingress_port: EXACT     0004
Action entry: MyIngress.ipv4_forward - a000204,1,

[06:04:59.163] [bmv2] [T] [thread 247327] bm_table_add_entry
[06:04:59.163] [bmv2] [D] [thread 247327] Entry 18 added to table 'MyIngress.ipv4_lpm'
[06:04:59.163] [bmv2] [D] [thread 247327] Dumping entry 18
Match key:
* hdr.ipv4.dstAddr              : LPM       0a000204/32
* standard_metadata.ingress_port: EXACT     0005
Action entry: MyIngress.ipv4_forward - a000204,1,

[06:04:59.164] [bmv2] [T] [thread 247327] bm_table_add_entry
[06:04:59.164] [bmv2] [D] [thread 247327] Entry 19 added to table 'MyIngress.ipv4_lpm'
[06:04:59.164] [bmv2] [D] [thread 247327] Dumping entry 19
Match key:
* hdr.ipv4.dstAddr              : LPM       0a000204/32
* standard_metadata.ingress_port: EXACT     0006
Action entry: MyIngress.ipv4_forward - a000204,1,

[06:04:59.165] [bmv2] [T] [thread 247327] bm_table_add_entry
[06:04:59.165] [bmv2] [D] [thread 247327] Entry 20 added to table 'MyIngress.ipv4_lpm'
[06:04:59.165] [bmv2] [D] [thread 247327] Dumping entry 20
Match key:
* hdr.ipv4.dstAddr              : LPM       0a000205/32
* standard_metadata.ingress_port: EXACT     0002
Action entry: MyIngress.ipv4_forward - a000205,1,

[06:04:59.166] [bmv2] [T] [thread 247327] bm_table_add_entry
[06:04:59.166] [bmv2] [D] [thread 247327] Entry 21 added to table 'MyIngress.ipv4_lpm'
[06:04:59.166] [bmv2] [D] [thread 247327] Dumping entry 21
Match key:
* hdr.ipv4.dstAddr              : LPM       0a000205/32
* standard_metadata.ingress_port: EXACT     0003
Action entry: MyIngress.ipv4_forward - a000205,1,

[06:04:59.166] [bmv2] [T] [thread 247327] bm_table_add_entry
[06:04:59.167] [bmv2] [D] [thread 247327] Entry 22 added to table 'MyIngress.ipv4_lpm'
[06:04:59.167] [bmv2] [D] [thread 247327] Dumping entry 22
Match key:
* hdr.ipv4.dstAddr              : LPM       0a000205/32
* standard_metadata.ingress_port: EXACT     0004
Action entry: MyIngress.ipv4_forward - a000205,1,

[06:04:59.167] [bmv2] [T] [thread 247327] bm_table_add_entry
[06:04:59.167] [bmv2] [D] [thread 247327] Entry 23 added to table 'MyIngress.ipv4_lpm'
[06:04:59.168] [bmv2] [D] [thread 247327] Dumping entry 23
Match key:
* hdr.ipv4.dstAddr              : LPM       0a000205/32
* standard_metadata.ingress_port: EXACT     0005
Action entry: MyIngress.ipv4_forward - a000205,1,

[06:04:59.168] [bmv2] [T] [thread 247327] bm_table_add_entry
[06:04:59.168] [bmv2] [D] [thread 247327] Entry 24 added to table 'MyIngress.ipv4_lpm'
[06:04:59.168] [bmv2] [D] [thread 247327] Dumping entry 24
Match key:
* hdr.ipv4.dstAddr              : LPM       0a000205/32
* standard_metadata.ingress_port: EXACT     0006
Action entry: MyIngress.ipv4_forward - a000205,1,

[06:04:59.169] [bmv2] [T] [thread 247327] bm_table_add_entry
[06:04:59.169] [bmv2] [D] [thread 247327] Entry 25 added to table 'MyIngress.ipv4_lpm'
[06:04:59.169] [bmv2] [D] [thread 247327] Dumping entry 25
Match key:
* hdr.ipv4.dstAddr              : LPM       0a000206/32
* standard_metadata.ingress_port: EXACT     0002
Action entry: MyIngress.ipv4_forward - a000206,1,

[06:04:59.170] [bmv2] [T] [thread 247327] bm_table_add_entry
[06:04:59.170] [bmv2] [D] [thread 247327] Entry 26 added to table 'MyIngress.ipv4_lpm'
[06:04:59.170] [bmv2] [D] [thread 247327] Dumping entry 26
Match key:
* hdr.ipv4.dstAddr              : LPM       0a000206/32
* standard_metadata.ingress_port: EXACT     0003
Action entry: MyIngress.ipv4_forward - a000206,1,

[06:04:59.171] [bmv2] [T] [thread 247327] bm_table_add_entry
[06:04:59.171] [bmv2] [D] [thread 247327] Entry 27 added to table 'MyIngress.ipv4_lpm'
[06:04:59.171] [bmv2] [D] [thread 247327] Dumping entry 27
Match key:
* hdr.ipv4.dstAddr              : LPM       0a000206/32
* standard_metadata.ingress_port: EXACT     0004
Action entry: MyIngress.ipv4_forward - a000206,1,

[06:04:59.171] [bmv2] [T] [thread 247327] bm_table_add_entry
[06:04:59.172] [bmv2] [D] [thread 247327] Entry 28 added to table 'MyIngress.ipv4_lpm'
[06:04:59.172] [bmv2] [D] [thread 247327] Dumping entry 28
Match key:
* hdr.ipv4.dstAddr              : LPM       0a000206/32
* standard_metadata.ingress_port: EXACT     0005
Action entry: MyIngress.ipv4_forward - a000206,1,

[06:04:59.172] [bmv2] [T] [thread 247327] bm_table_add_entry
[06:04:59.172] [bmv2] [D] [thread 247327] Entry 29 added to table 'MyIngress.ipv4_lpm'
[06:04:59.172] [bmv2] [D] [thread 247327] Dumping entry 29
Match key:
* hdr.ipv4.dstAddr              : LPM       0a000206/32
* standard_metadata.ingress_port: EXACT     0006
Action entry: MyIngress.ipv4_forward - a000206,1,

[06:04:59.173] [bmv2] [T] [thread 247327] bm_table_add_entry
[06:04:59.173] [bmv2] [D] [thread 247327] Entry 30 added to table 'MyIngress.ipv4_lpm'
[06:04:59.173] [bmv2] [D] [thread 247327] Dumping entry 30
Match key:
* hdr.ipv4.dstAddr              : LPM       0a000307/32
* standard_metadata.ingress_port: EXACT     0002
Action entry: MyIngress.ipv4_forward - a000307,1,

[06:04:59.174] [bmv2] [T] [thread 247327] bm_table_add_entry
[06:04:59.174] [bmv2] [D] [thread 247327] Entry 31 added to table 'MyIngress.ipv4_lpm'
[06:04:59.174] [bmv2] [D] [thread 247327] Dumping entry 31
Match key:
* hdr.ipv4.dstAddr              : LPM       0a000307/32
* standard_metadata.ingress_port: EXACT     0003
Action entry: MyIngress.ipv4_forward - a000307,1,

[06:04:59.175] [bmv2] [T] [thread 247327] bm_table_add_entry
[06:04:59.175] [bmv2] [D] [thread 247327] Entry 32 added to table 'MyIngress.ipv4_lpm'
[06:04:59.175] [bmv2] [D] [thread 247327] Dumping entry 32
Match key:
* hdr.ipv4.dstAddr              : LPM       0a000307/32
* standard_metadata.ingress_port: EXACT     0004
Action entry: MyIngress.ipv4_forward - a000307,1,

[06:04:59.176] [bmv2] [T] [thread 247327] bm_table_add_entry
[06:04:59.176] [bmv2] [D] [thread 247327] Entry 33 added to table 'MyIngress.ipv4_lpm'
[06:04:59.176] [bmv2] [D] [thread 247327] Dumping entry 33
Match key:
* hdr.ipv4.dstAddr              : LPM       0a000307/32
* standard_metadata.ingress_port: EXACT     0005
Action entry: MyIngress.ipv4_forward - a000307,1,

[06:04:59.177] [bmv2] [T] [thread 247327] bm_table_add_entry
[06:04:59.177] [bmv2] [D] [thread 247327] Entry 34 added to table 'MyIngress.ipv4_lpm'
[06:04:59.177] [bmv2] [D] [thread 247327] Dumping entry 34
Match key:
* hdr.ipv4.dstAddr              : LPM       0a000307/32
* standard_metadata.ingress_port: EXACT     0006
Action entry: MyIngress.ipv4_forward - a000307,1,

[06:04:59.178] [bmv2] [T] [thread 247327] bm_table_add_entry
[06:04:59.178] [bmv2] [D] [thread 247327] Entry 35 added to table 'MyIngress.ipv4_lpm'
[06:04:59.178] [bmv2] [D] [thread 247327] Dumping entry 35
Match key:
* hdr.ipv4.dstAddr              : LPM       0a000308/32
* standard_metadata.ingress_port: EXACT     0002
Action entry: MyIngress.ipv4_forward - a000308,1,

[06:04:59.178] [bmv2] [T] [thread 247327] bm_table_add_entry
[06:04:59.179] [bmv2] [D] [thread 247327] Entry 36 added to table 'MyIngress.ipv4_lpm'
[06:04:59.179] [bmv2] [D] [thread 247327] Dumping entry 36
Match key:
* hdr.ipv4.dstAddr              : LPM       0a000308/32
* standard_metadata.ingress_port: EXACT     0003
Action entry: MyIngress.ipv4_forward - a000308,1,

[06:04:59.179] [bmv2] [T] [thread 247327] bm_table_add_entry
[06:04:59.179] [bmv2] [D] [thread 247327] Entry 37 added to table 'MyIngress.ipv4_lpm'
[06:04:59.179] [bmv2] [D] [thread 247327] Dumping entry 37
Match key:
* hdr.ipv4.dstAddr              : LPM       0a000308/32
* standard_metadata.ingress_port: EXACT     0004
Action entry: MyIngress.ipv4_forward - a000308,1,

[06:04:59.180] [bmv2] [T] [thread 247327] bm_table_add_entry
[06:04:59.180] [bmv2] [D] [thread 247327] Entry 38 added to table 'MyIngress.ipv4_lpm'
[06:04:59.180] [bmv2] [D] [thread 247327] Dumping entry 38
Match key:
* hdr.ipv4.dstAddr              : LPM       0a000308/32
* standard_metadata.ingress_port: EXACT     0005
Action entry: MyIngress.ipv4_forward - a000308,1,

[06:04:59.181] [bmv2] [T] [thread 247327] bm_table_add_entry
[06:04:59.181] [bmv2] [D] [thread 247327] Entry 39 added to table 'MyIngress.ipv4_lpm'
[06:04:59.181] [bmv2] [D] [thread 247327] Dumping entry 39
Match key:
* hdr.ipv4.dstAddr              : LPM       0a000308/32
* standard_metadata.ingress_port: EXACT     0006
Action entry: MyIngress.ipv4_forward - a000308,1,

[06:04:59.182] [bmv2] [T] [thread 247327] bm_table_add_entry
[06:04:59.182] [bmv2] [D] [thread 247327] Entry 40 added to table 'MyIngress.ipv4_lpm'
[06:04:59.182] [bmv2] [D] [thread 247327] Dumping entry 40
Match key:
* hdr.ipv4.dstAddr              : LPM       0a000309/32
* standard_metadata.ingress_port: EXACT     0002
Action entry: MyIngress.ipv4_forward - a000309,1,

[06:04:59.183] [bmv2] [T] [thread 247327] bm_table_add_entry
[06:04:59.183] [bmv2] [D] [thread 247327] Entry 41 added to table 'MyIngress.ipv4_lpm'
[06:04:59.183] [bmv2] [D] [thread 247327] Dumping entry 41
Match key:
* hdr.ipv4.dstAddr              : LPM       0a000309/32
* standard_metadata.ingress_port: EXACT     0003
Action entry: MyIngress.ipv4_forward - a000309,1,

[06:04:59.183] [bmv2] [T] [thread 247327] bm_table_add_entry
[06:04:59.184] [bmv2] [D] [thread 247327] Entry 42 added to table 'MyIngress.ipv4_lpm'
[06:04:59.184] [bmv2] [D] [thread 247327] Dumping entry 42
Match key:
* hdr.ipv4.dstAddr              : LPM       0a000309/32
* standard_metadata.ingress_port: EXACT     0004
Action entry: MyIngress.ipv4_forward - a000309,1,

[06:04:59.184] [bmv2] [T] [thread 247327] bm_table_add_entry
[06:04:59.185] [bmv2] [D] [thread 247327] Entry 43 added to table 'MyIngress.ipv4_lpm'
[06:04:59.185] [bmv2] [D] [thread 247327] Dumping entry 43
Match key:
* hdr.ipv4.dstAddr              : LPM       0a000309/32
* standard_metadata.ingress_port: EXACT     0005
Action entry: MyIngress.ipv4_forward - a000309,1,

[06:04:59.185] [bmv2] [T] [thread 247327] bm_table_add_entry
[06:04:59.185] [bmv2] [D] [thread 247327] Entry 44 added to table 'MyIngress.ipv4_lpm'
[06:04:59.185] [bmv2] [D] [thread 247327] Dumping entry 44
Match key:
* hdr.ipv4.dstAddr              : LPM       0a000309/32
* standard_metadata.ingress_port: EXACT     0006
Action entry: MyIngress.ipv4_forward - a000309,1,

[06:04:59.186] [bmv2] [T] [thread 247327] bm_table_add_entry
[06:04:59.186] [bmv2] [D] [thread 247327] Entry 45 added to table 'MyIngress.ipv4_lpm'
[06:04:59.186] [bmv2] [D] [thread 247327] Dumping entry 45
Match key:
* hdr.ipv4.dstAddr              : LPM       0a00040a/32
* standard_metadata.ingress_port: EXACT     0001
Action entry: MyIngress.ipv4_forward - a00040a,2,

[06:04:59.187] [bmv2] [T] [thread 247327] bm_table_add_entry
[06:04:59.187] [bmv2] [D] [thread 247327] Entry 46 added to table 'MyIngress.ipv4_lpm'
[06:04:59.187] [bmv2] [D] [thread 247327] Dumping entry 46
Match key:
* hdr.ipv4.dstAddr              : LPM       0a00040a/32
* standard_metadata.ingress_port: EXACT     0003
Action entry: MyIngress.ipv4_forward - a00040a,2,

[06:04:59.187] [bmv2] [T] [thread 247327] bm_table_add_entry
[06:04:59.188] [bmv2] [D] [thread 247327] Entry 47 added to table 'MyIngress.ipv4_lpm'
[06:04:59.188] [bmv2] [D] [thread 247327] Dumping entry 47
Match key:
* hdr.ipv4.dstAddr              : LPM       0a00040a/32
* standard_metadata.ingress_port: EXACT     0004
Action entry: MyIngress.ipv4_forward - a00040a,2,

[06:04:59.188] [bmv2] [T] [thread 247327] bm_table_add_entry
[06:04:59.189] [bmv2] [D] [thread 247327] Entry 48 added to table 'MyIngress.ipv4_lpm'
[06:04:59.189] [bmv2] [D] [thread 247327] Dumping entry 48
Match key:
* hdr.ipv4.dstAddr              : LPM       0a00040a/32
* standard_metadata.ingress_port: EXACT     0005
Action entry: MyIngress.ipv4_forward - a00040a,2,

[06:04:59.190] [bmv2] [T] [thread 247327] bm_table_add_entry
[06:04:59.190] [bmv2] [D] [thread 247327] Entry 49 added to table 'MyIngress.ipv4_lpm'
[06:04:59.190] [bmv2] [D] [thread 247327] Dumping entry 49
Match key:
* hdr.ipv4.dstAddr              : LPM       0a00040a/32
* standard_metadata.ingress_port: EXACT     0006
Action entry: MyIngress.ipv4_forward - a00040a,2,

[06:04:59.191] [bmv2] [T] [thread 247327] bm_table_add_entry
[06:04:59.191] [bmv2] [D] [thread 247327] Entry 50 added to table 'MyIngress.ipv4_lpm'
[06:04:59.191] [bmv2] [D] [thread 247327] Dumping entry 50
Match key:
* hdr.ipv4.dstAddr              : LPM       0a00040b/32
* standard_metadata.ingress_port: EXACT     0001
Action entry: MyIngress.ipv4_forward - a00040b,2,

[06:04:59.192] [bmv2] [T] [thread 247327] bm_table_add_entry
[06:04:59.192] [bmv2] [D] [thread 247327] Entry 51 added to table 'MyIngress.ipv4_lpm'
[06:04:59.192] [bmv2] [D] [thread 247327] Dumping entry 51
Match key:
* hdr.ipv4.dstAddr              : LPM       0a00040b/32
* standard_metadata.ingress_port: EXACT     0003
Action entry: MyIngress.ipv4_forward - a00040b,2,

[06:04:59.193] [bmv2] [T] [thread 247327] bm_table_add_entry
[06:04:59.193] [bmv2] [D] [thread 247327] Entry 52 added to table 'MyIngress.ipv4_lpm'
[06:04:59.193] [bmv2] [D] [thread 247327] Dumping entry 52
Match key:
* hdr.ipv4.dstAddr              : LPM       0a00040b/32
* standard_metadata.ingress_port: EXACT     0004
Action entry: MyIngress.ipv4_forward - a00040b,2,

[06:04:59.193] [bmv2] [T] [thread 247327] bm_table_add_entry
[06:04:59.194] [bmv2] [D] [thread 247327] Entry 53 added to table 'MyIngress.ipv4_lpm'
[06:04:59.194] [bmv2] [D] [thread 247327] Dumping entry 53
Match key:
* hdr.ipv4.dstAddr              : LPM       0a00040b/32
* standard_metadata.ingress_port: EXACT     0005
Action entry: MyIngress.ipv4_forward - a00040b,2,

[06:04:59.195] [bmv2] [T] [thread 247327] bm_table_add_entry
[06:04:59.195] [bmv2] [D] [thread 247327] Entry 54 added to table 'MyIngress.ipv4_lpm'
[06:04:59.195] [bmv2] [D] [thread 247327] Dumping entry 54
Match key:
* hdr.ipv4.dstAddr              : LPM       0a00040b/32
* standard_metadata.ingress_port: EXACT     0006
Action entry: MyIngress.ipv4_forward - a00040b,2,

[06:04:59.195] [bmv2] [T] [thread 247327] bm_table_add_entry
[06:04:59.196] [bmv2] [D] [thread 247327] Entry 55 added to table 'MyIngress.ipv4_lpm'
[06:04:59.196] [bmv2] [D] [thread 247327] Dumping entry 55
Match key:
* hdr.ipv4.dstAddr              : LPM       0a00040c/32
* standard_metadata.ingress_port: EXACT     0001
Action entry: MyIngress.ipv4_forward - a00040c,2,

[06:04:59.196] [bmv2] [T] [thread 247327] bm_table_add_entry
[06:04:59.196] [bmv2] [D] [thread 247327] Entry 56 added to table 'MyIngress.ipv4_lpm'
[06:04:59.196] [bmv2] [D] [thread 247327] Dumping entry 56
Match key:
* hdr.ipv4.dstAddr              : LPM       0a00040c/32
* standard_metadata.ingress_port: EXACT     0003
Action entry: MyIngress.ipv4_forward - a00040c,2,

[06:04:59.197] [bmv2] [T] [thread 247327] bm_table_add_entry
[06:04:59.197] [bmv2] [D] [thread 247327] Entry 57 added to table 'MyIngress.ipv4_lpm'
[06:04:59.197] [bmv2] [D] [thread 247327] Dumping entry 57
Match key:
* hdr.ipv4.dstAddr              : LPM       0a00040c/32
* standard_metadata.ingress_port: EXACT     0004
Action entry: MyIngress.ipv4_forward - a00040c,2,

[06:04:59.198] [bmv2] [T] [thread 247327] bm_table_add_entry
[06:04:59.198] [bmv2] [D] [thread 247327] Entry 58 added to table 'MyIngress.ipv4_lpm'
[06:04:59.198] [bmv2] [D] [thread 247327] Dumping entry 58
Match key:
* hdr.ipv4.dstAddr              : LPM       0a00040c/32
* standard_metadata.ingress_port: EXACT     0005
Action entry: MyIngress.ipv4_forward - a00040c,2,

[06:04:59.199] [bmv2] [T] [thread 247327] bm_table_add_entry
[06:04:59.199] [bmv2] [D] [thread 247327] Entry 59 added to table 'MyIngress.ipv4_lpm'
[06:04:59.199] [bmv2] [D] [thread 247327] Dumping entry 59
Match key:
* hdr.ipv4.dstAddr              : LPM       0a00040c/32
* standard_metadata.ingress_port: EXACT     0006
Action entry: MyIngress.ipv4_forward - a00040c,2,

[06:04:59.199] [bmv2] [T] [thread 247327] bm_table_add_entry
[06:04:59.200] [bmv2] [D] [thread 247327] Entry 60 added to table 'MyIngress.ipv4_lpm'
[06:04:59.200] [bmv2] [D] [thread 247327] Dumping entry 60
Match key:
* hdr.ipv4.dstAddr              : LPM       0a00050d/32
* standard_metadata.ingress_port: EXACT     0001
Action entry: MyIngress.ipv4_forward - a00050d,2,

[06:04:59.200] [bmv2] [T] [thread 247327] bm_table_add_entry
[06:04:59.201] [bmv2] [D] [thread 247327] Entry 61 added to table 'MyIngress.ipv4_lpm'
[06:04:59.201] [bmv2] [D] [thread 247327] Dumping entry 61
Match key:
* hdr.ipv4.dstAddr              : LPM       0a00050d/32
* standard_metadata.ingress_port: EXACT     0003
Action entry: MyIngress.ipv4_forward - a00050d,2,

[06:04:59.201] [bmv2] [T] [thread 247327] bm_table_add_entry
[06:04:59.201] [bmv2] [D] [thread 247327] Entry 62 added to table 'MyIngress.ipv4_lpm'
[06:04:59.202] [bmv2] [D] [thread 247327] Dumping entry 62
Match key:
* hdr.ipv4.dstAddr              : LPM       0a00050d/32
* standard_metadata.ingress_port: EXACT     0004
Action entry: MyIngress.ipv4_forward - a00050d,2,

[06:04:59.202] [bmv2] [T] [thread 247327] bm_table_add_entry
[06:04:59.203] [bmv2] [D] [thread 247327] Entry 63 added to table 'MyIngress.ipv4_lpm'
[06:04:59.203] [bmv2] [D] [thread 247327] Dumping entry 63
Match key:
* hdr.ipv4.dstAddr              : LPM       0a00050d/32
* standard_metadata.ingress_port: EXACT     0005
Action entry: MyIngress.ipv4_forward - a00050d,2,

[06:04:59.203] [bmv2] [T] [thread 247327] bm_table_add_entry
[06:04:59.203] [bmv2] [D] [thread 247327] Entry 64 added to table 'MyIngress.ipv4_lpm'
[06:04:59.203] [bmv2] [D] [thread 247327] Dumping entry 64
Match key:
* hdr.ipv4.dstAddr              : LPM       0a00050d/32
* standard_metadata.ingress_port: EXACT     0006
Action entry: MyIngress.ipv4_forward - a00050d,2,

[06:04:59.204] [bmv2] [T] [thread 247327] bm_table_add_entry
[06:04:59.204] [bmv2] [D] [thread 247327] Entry 65 added to table 'MyIngress.ipv4_lpm'
[06:04:59.204] [bmv2] [D] [thread 247327] Dumping entry 65
Match key:
* hdr.ipv4.dstAddr              : LPM       0a00050e/32
* standard_metadata.ingress_port: EXACT     0001
Action entry: MyIngress.ipv4_forward - a00050e,2,

[06:04:59.205] [bmv2] [T] [thread 247327] bm_table_add_entry
[06:04:59.205] [bmv2] [D] [thread 247327] Entry 66 added to table 'MyIngress.ipv4_lpm'
[06:04:59.205] [bmv2] [D] [thread 247327] Dumping entry 66
Match key:
* hdr.ipv4.dstAddr              : LPM       0a00050e/32
* standard_metadata.ingress_port: EXACT     0003
Action entry: MyIngress.ipv4_forward - a00050e,2,

[06:04:59.206] [bmv2] [T] [thread 247327] bm_table_add_entry
[06:04:59.206] [bmv2] [D] [thread 247327] Entry 67 added to table 'MyIngress.ipv4_lpm'
[06:04:59.206] [bmv2] [D] [thread 247327] Dumping entry 67
Match key:
* hdr.ipv4.dstAddr              : LPM       0a00050e/32
* standard_metadata.ingress_port: EXACT     0004
Action entry: MyIngress.ipv4_forward - a00050e,2,

[06:04:59.206] [bmv2] [T] [thread 247327] bm_table_add_entry
[06:04:59.207] [bmv2] [D] [thread 247327] Entry 68 added to table 'MyIngress.ipv4_lpm'
[06:04:59.207] [bmv2] [D] [thread 247327] Dumping entry 68
Match key:
* hdr.ipv4.dstAddr              : LPM       0a00050e/32
* standard_metadata.ingress_port: EXACT     0005
Action entry: MyIngress.ipv4_forward - a00050e,2,

[06:04:59.208] [bmv2] [T] [thread 247327] bm_table_add_entry
[06:04:59.208] [bmv2] [D] [thread 247327] Entry 69 added to table 'MyIngress.ipv4_lpm'
[06:04:59.208] [bmv2] [D] [thread 247327] Dumping entry 69
Match key:
* hdr.ipv4.dstAddr              : LPM       0a00050e/32
* standard_metadata.ingress_port: EXACT     0006
Action entry: MyIngress.ipv4_forward - a00050e,2,

[06:04:59.209] [bmv2] [T] [thread 247327] bm_table_add_entry
[06:04:59.209] [bmv2] [D] [thread 247327] Entry 70 added to table 'MyIngress.ipv4_lpm'
[06:04:59.209] [bmv2] [D] [thread 247327] Dumping entry 70
Match key:
* hdr.ipv4.dstAddr              : LPM       0a00050f/32
* standard_metadata.ingress_port: EXACT     0001
Action entry: MyIngress.ipv4_forward - a00050f,2,

[06:04:59.209] [bmv2] [T] [thread 247327] bm_table_add_entry
[06:04:59.209] [bmv2] [D] [thread 247327] Entry 71 added to table 'MyIngress.ipv4_lpm'
[06:04:59.210] [bmv2] [D] [thread 247327] Dumping entry 71
Match key:
* hdr.ipv4.dstAddr              : LPM       0a00050f/32
* standard_metadata.ingress_port: EXACT     0003
Action entry: MyIngress.ipv4_forward - a00050f,2,

[06:04:59.210] [bmv2] [T] [thread 247327] bm_table_add_entry
[06:04:59.210] [bmv2] [D] [thread 247327] Entry 72 added to table 'MyIngress.ipv4_lpm'
[06:04:59.210] [bmv2] [D] [thread 247327] Dumping entry 72
Match key:
* hdr.ipv4.dstAddr              : LPM       0a00050f/32
* standard_metadata.ingress_port: EXACT     0004
Action entry: MyIngress.ipv4_forward - a00050f,2,

[06:04:59.211] [bmv2] [T] [thread 247327] bm_table_add_entry
[06:04:59.211] [bmv2] [D] [thread 247327] Entry 73 added to table 'MyIngress.ipv4_lpm'
[06:04:59.211] [bmv2] [D] [thread 247327] Dumping entry 73
Match key:
* hdr.ipv4.dstAddr              : LPM       0a00050f/32
* standard_metadata.ingress_port: EXACT     0005
Action entry: MyIngress.ipv4_forward - a00050f,2,

[06:04:59.212] [bmv2] [T] [thread 247327] bm_table_add_entry
[06:04:59.212] [bmv2] [D] [thread 247327] Entry 74 added to table 'MyIngress.ipv4_lpm'
[06:04:59.212] [bmv2] [D] [thread 247327] Dumping entry 74
Match key:
* hdr.ipv4.dstAddr              : LPM       0a00050f/32
* standard_metadata.ingress_port: EXACT     0006
Action entry: MyIngress.ipv4_forward - a00050f,2,

[06:04:59.212] [bmv2] [T] [thread 247327] bm_table_add_entry
[06:04:59.213] [bmv2] [D] [thread 247327] Entry 75 added to table 'MyIngress.ipv4_lpm'
[06:04:59.213] [bmv2] [D] [thread 247327] Dumping entry 75
Match key:
* hdr.ipv4.dstAddr              : LPM       0a000610/32
* standard_metadata.ingress_port: EXACT     0001
Action entry: MyIngress.ipv4_forward - a000610,2,

[06:04:59.213] [bmv2] [T] [thread 247327] bm_table_add_entry
[06:04:59.213] [bmv2] [D] [thread 247327] Entry 76 added to table 'MyIngress.ipv4_lpm'
[06:04:59.213] [bmv2] [D] [thread 247327] Dumping entry 76
Match key:
* hdr.ipv4.dstAddr              : LPM       0a000610/32
* standard_metadata.ingress_port: EXACT     0003
Action entry: MyIngress.ipv4_forward - a000610,2,

[06:04:59.214] [bmv2] [T] [thread 247327] bm_table_add_entry
[06:04:59.214] [bmv2] [D] [thread 247327] Entry 77 added to table 'MyIngress.ipv4_lpm'
[06:04:59.214] [bmv2] [D] [thread 247327] Dumping entry 77
Match key:
* hdr.ipv4.dstAddr              : LPM       0a000610/32
* standard_metadata.ingress_port: EXACT     0004
Action entry: MyIngress.ipv4_forward - a000610,2,

[06:04:59.215] [bmv2] [T] [thread 247327] bm_table_add_entry
[06:04:59.215] [bmv2] [D] [thread 247327] Entry 78 added to table 'MyIngress.ipv4_lpm'
[06:04:59.215] [bmv2] [D] [thread 247327] Dumping entry 78
Match key:
* hdr.ipv4.dstAddr              : LPM       0a000610/32
* standard_metadata.ingress_port: EXACT     0005
Action entry: MyIngress.ipv4_forward - a000610,2,

[06:04:59.215] [bmv2] [T] [thread 247327] bm_table_add_entry
[06:04:59.216] [bmv2] [D] [thread 247327] Entry 79 added to table 'MyIngress.ipv4_lpm'
[06:04:59.216] [bmv2] [D] [thread 247327] Dumping entry 79
Match key:
* hdr.ipv4.dstAddr              : LPM       0a000610/32
* standard_metadata.ingress_port: EXACT     0006
Action entry: MyIngress.ipv4_forward - a000610,2,

[06:04:59.216] [bmv2] [T] [thread 247327] bm_table_add_entry
[06:04:59.216] [bmv2] [D] [thread 247327] Entry 80 added to table 'MyIngress.ipv4_lpm'
[06:04:59.216] [bmv2] [D] [thread 247327] Dumping entry 80
Match key:
* hdr.ipv4.dstAddr              : LPM       0a000611/32
* standard_metadata.ingress_port: EXACT     0001
Action entry: MyIngress.ipv4_forward - a000611,2,

[06:04:59.217] [bmv2] [T] [thread 247327] bm_table_add_entry
[06:04:59.217] [bmv2] [D] [thread 247327] Entry 81 added to table 'MyIngress.ipv4_lpm'
[06:04:59.217] [bmv2] [D] [thread 247327] Dumping entry 81
Match key:
* hdr.ipv4.dstAddr              : LPM       0a000611/32
* standard_metadata.ingress_port: EXACT     0003
Action entry: MyIngress.ipv4_forward - a000611,2,

[06:04:59.218] [bmv2] [T] [thread 247327] bm_table_add_entry
[06:04:59.218] [bmv2] [D] [thread 247327] Entry 82 added to table 'MyIngress.ipv4_lpm'
[06:04:59.218] [bmv2] [D] [thread 247327] Dumping entry 82
Match key:
* hdr.ipv4.dstAddr              : LPM       0a000611/32
* standard_metadata.ingress_port: EXACT     0004
Action entry: MyIngress.ipv4_forward - a000611,2,

[06:04:59.218] [bmv2] [T] [thread 247327] bm_table_add_entry
[06:04:59.219] [bmv2] [D] [thread 247327] Entry 83 added to table 'MyIngress.ipv4_lpm'
[06:04:59.219] [bmv2] [D] [thread 247327] Dumping entry 83
Match key:
* hdr.ipv4.dstAddr              : LPM       0a000611/32
* standard_metadata.ingress_port: EXACT     0005
Action entry: MyIngress.ipv4_forward - a000611,2,

[06:04:59.219] [bmv2] [T] [thread 247327] bm_table_add_entry
[06:04:59.219] [bmv2] [D] [thread 247327] Entry 84 added to table 'MyIngress.ipv4_lpm'
[06:04:59.219] [bmv2] [D] [thread 247327] Dumping entry 84
Match key:
* hdr.ipv4.dstAddr              : LPM       0a000611/32
* standard_metadata.ingress_port: EXACT     0006
Action entry: MyIngress.ipv4_forward - a000611,2,

[06:04:59.220] [bmv2] [T] [thread 247327] bm_table_add_entry
[06:04:59.220] [bmv2] [D] [thread 247327] Entry 85 added to table 'MyIngress.ipv4_lpm'
[06:04:59.220] [bmv2] [D] [thread 247327] Dumping entry 85
Match key:
* hdr.ipv4.dstAddr              : LPM       0a000612/32
* standard_metadata.ingress_port: EXACT     0001
Action entry: MyIngress.ipv4_forward - a000612,2,

[06:04:59.221] [bmv2] [T] [thread 247327] bm_table_add_entry
[06:04:59.221] [bmv2] [D] [thread 247327] Entry 86 added to table 'MyIngress.ipv4_lpm'
[06:04:59.221] [bmv2] [D] [thread 247327] Dumping entry 86
Match key:
* hdr.ipv4.dstAddr              : LPM       0a000612/32
* standard_metadata.ingress_port: EXACT     0003
Action entry: MyIngress.ipv4_forward - a000612,2,

[06:04:59.222] [bmv2] [T] [thread 247327] bm_table_add_entry
[06:04:59.222] [bmv2] [D] [thread 247327] Entry 87 added to table 'MyIngress.ipv4_lpm'
[06:04:59.222] [bmv2] [D] [thread 247327] Dumping entry 87
Match key:
* hdr.ipv4.dstAddr              : LPM       0a000612/32
* standard_metadata.ingress_port: EXACT     0004
Action entry: MyIngress.ipv4_forward - a000612,2,

[06:04:59.223] [bmv2] [T] [thread 247327] bm_table_add_entry
[06:04:59.223] [bmv2] [D] [thread 247327] Entry 88 added to table 'MyIngress.ipv4_lpm'
[06:04:59.223] [bmv2] [D] [thread 247327] Dumping entry 88
Match key:
* hdr.ipv4.dstAddr              : LPM       0a000612/32
* standard_metadata.ingress_port: EXACT     0005
Action entry: MyIngress.ipv4_forward - a000612,2,

[06:04:59.223] [bmv2] [T] [thread 247327] bm_table_add_entry
[06:04:59.224] [bmv2] [D] [thread 247327] Entry 89 added to table 'MyIngress.ipv4_lpm'
[06:04:59.224] [bmv2] [D] [thread 247327] Dumping entry 89
Match key:
* hdr.ipv4.dstAddr              : LPM       0a000612/32
* standard_metadata.ingress_port: EXACT     0006
Action entry: MyIngress.ipv4_forward - a000612,2,

[06:04:59.224] [bmv2] [T] [thread 247327] bm_table_add_entry
[06:04:59.224] [bmv2] [D] [thread 247327] Entry 90 added to table 'MyIngress.ipv4_lpm'
[06:04:59.224] [bmv2] [D] [thread 247327] Dumping entry 90
Match key:
* hdr.ipv4.dstAddr              : LPM       0a000713/32
* standard_metadata.ingress_port: EXACT     0001
Action entry: MyIngress.ipv4_forward - a000713,3,

[06:04:59.225] [bmv2] [T] [thread 247327] bm_table_add_entry
[06:04:59.225] [bmv2] [D] [thread 247327] Entry 91 added to table 'MyIngress.ipv4_lpm'
[06:04:59.225] [bmv2] [D] [thread 247327] Dumping entry 91
Match key:
* hdr.ipv4.dstAddr              : LPM       0a000713/32
* standard_metadata.ingress_port: EXACT     0002
Action entry: MyIngress.ipv4_forward - a000713,3,

[06:04:59.226] [bmv2] [T] [thread 247327] bm_table_add_entry
[06:04:59.226] [bmv2] [D] [thread 247327] Entry 92 added to table 'MyIngress.ipv4_lpm'
[06:04:59.226] [bmv2] [D] [thread 247327] Dumping entry 92
Match key:
* hdr.ipv4.dstAddr              : LPM       0a000713/32
* standard_metadata.ingress_port: EXACT     0004
Action entry: MyIngress.ipv4_forward - a000713,3,

[06:04:59.226] [bmv2] [T] [thread 247327] bm_table_add_entry
[06:04:59.227] [bmv2] [D] [thread 247327] Entry 93 added to table 'MyIngress.ipv4_lpm'
[06:04:59.227] [bmv2] [D] [thread 247327] Dumping entry 93
Match key:
* hdr.ipv4.dstAddr              : LPM       0a000713/32
* standard_metadata.ingress_port: EXACT     0005
Action entry: MyIngress.ipv4_forward - a000713,3,

[06:04:59.227] [bmv2] [T] [thread 247327] bm_table_add_entry
[06:04:59.227] [bmv2] [D] [thread 247327] Entry 94 added to table 'MyIngress.ipv4_lpm'
[06:04:59.227] [bmv2] [D] [thread 247327] Dumping entry 94
Match key:
* hdr.ipv4.dstAddr              : LPM       0a000713/32
* standard_metadata.ingress_port: EXACT     0006
Action entry: MyIngress.ipv4_forward - a000713,3,

[06:04:59.228] [bmv2] [T] [thread 247327] bm_table_add_entry
[06:04:59.228] [bmv2] [D] [thread 247327] Entry 95 added to table 'MyIngress.ipv4_lpm'
[06:04:59.228] [bmv2] [D] [thread 247327] Dumping entry 95
Match key:
* hdr.ipv4.dstAddr              : LPM       0a000714/32
* standard_metadata.ingress_port: EXACT     0001
Action entry: MyIngress.ipv4_forward - a000714,3,

[06:04:59.229] [bmv2] [T] [thread 247327] bm_table_add_entry
[06:04:59.229] [bmv2] [D] [thread 247327] Entry 96 added to table 'MyIngress.ipv4_lpm'
[06:04:59.229] [bmv2] [D] [thread 247327] Dumping entry 96
Match key:
* hdr.ipv4.dstAddr              : LPM       0a000714/32
* standard_metadata.ingress_port: EXACT     0002
Action entry: MyIngress.ipv4_forward - a000714,3,

[06:04:59.230] [bmv2] [T] [thread 247327] bm_table_add_entry
[06:04:59.230] [bmv2] [D] [thread 247327] Entry 97 added to table 'MyIngress.ipv4_lpm'
[06:04:59.230] [bmv2] [D] [thread 247327] Dumping entry 97
Match key:
* hdr.ipv4.dstAddr              : LPM       0a000714/32
* standard_metadata.ingress_port: EXACT     0004
Action entry: MyIngress.ipv4_forward - a000714,3,

[06:04:59.230] [bmv2] [T] [thread 247327] bm_table_add_entry
[06:04:59.231] [bmv2] [D] [thread 247327] Entry 98 added to table 'MyIngress.ipv4_lpm'
[06:04:59.231] [bmv2] [D] [thread 247327] Dumping entry 98
Match key:
* hdr.ipv4.dstAddr              : LPM       0a000714/32
* standard_metadata.ingress_port: EXACT     0005
Action entry: MyIngress.ipv4_forward - a000714,3,

[06:04:59.231] [bmv2] [T] [thread 247327] bm_table_add_entry
[06:04:59.231] [bmv2] [D] [thread 247327] Entry 99 added to table 'MyIngress.ipv4_lpm'
[06:04:59.231] [bmv2] [D] [thread 247327] Dumping entry 99
Match key:
* hdr.ipv4.dstAddr              : LPM       0a000714/32
* standard_metadata.ingress_port: EXACT     0006
Action entry: MyIngress.ipv4_forward - a000714,3,

[06:04:59.232] [bmv2] [T] [thread 247327] bm_table_add_entry
[06:04:59.232] [bmv2] [D] [thread 247327] Entry 100 added to table 'MyIngress.ipv4_lpm'
[06:04:59.232] [bmv2] [D] [thread 247327] Dumping entry 100
Match key:
* hdr.ipv4.dstAddr              : LPM       0a000715/32
* standard_metadata.ingress_port: EXACT     0001
Action entry: MyIngress.ipv4_forward - a000715,3,

[06:04:59.233] [bmv2] [T] [thread 247327] bm_table_add_entry
[06:04:59.233] [bmv2] [D] [thread 247327] Entry 101 added to table 'MyIngress.ipv4_lpm'
[06:04:59.233] [bmv2] [D] [thread 247327] Dumping entry 101
Match key:
* hdr.ipv4.dstAddr              : LPM       0a000715/32
* standard_metadata.ingress_port: EXACT     0002
Action entry: MyIngress.ipv4_forward - a000715,3,

[06:04:59.234] [bmv2] [T] [thread 247327] bm_table_add_entry
[06:04:59.234] [bmv2] [D] [thread 247327] Entry 102 added to table 'MyIngress.ipv4_lpm'
[06:04:59.234] [bmv2] [D] [thread 247327] Dumping entry 102
Match key:
* hdr.ipv4.dstAddr              : LPM       0a000715/32
* standard_metadata.ingress_port: EXACT     0004
Action entry: MyIngress.ipv4_forward - a000715,3,

[06:04:59.235] [bmv2] [T] [thread 247327] bm_table_add_entry
[06:04:59.235] [bmv2] [D] [thread 247327] Entry 103 added to table 'MyIngress.ipv4_lpm'
[06:04:59.235] [bmv2] [D] [thread 247327] Dumping entry 103
Match key:
* hdr.ipv4.dstAddr              : LPM       0a000715/32
* standard_metadata.ingress_port: EXACT     0005
Action entry: MyIngress.ipv4_forward - a000715,3,

[06:04:59.236] [bmv2] [T] [thread 247327] bm_table_add_entry
[06:04:59.236] [bmv2] [D] [thread 247327] Entry 104 added to table 'MyIngress.ipv4_lpm'
[06:04:59.236] [bmv2] [D] [thread 247327] Dumping entry 104
Match key:
* hdr.ipv4.dstAddr              : LPM       0a000715/32
* standard_metadata.ingress_port: EXACT     0006
Action entry: MyIngress.ipv4_forward - a000715,3,

[06:04:59.237] [bmv2] [T] [thread 247327] bm_table_add_entry
[06:04:59.237] [bmv2] [D] [thread 247327] Entry 105 added to table 'MyIngress.ipv4_lpm'
[06:04:59.237] [bmv2] [D] [thread 247327] Dumping entry 105
Match key:
* hdr.ipv4.dstAddr              : LPM       0a000816/32
* standard_metadata.ingress_port: EXACT     0001
Action entry: MyIngress.ipv4_forward - a000816,3,

[06:04:59.238] [bmv2] [T] [thread 247327] bm_table_add_entry
[06:04:59.239] [bmv2] [D] [thread 247327] Entry 106 added to table 'MyIngress.ipv4_lpm'
[06:04:59.239] [bmv2] [D] [thread 247327] Dumping entry 106
Match key:
* hdr.ipv4.dstAddr              : LPM       0a000816/32
* standard_metadata.ingress_port: EXACT     0002
Action entry: MyIngress.ipv4_forward - a000816,3,

[06:04:59.239] [bmv2] [T] [thread 247327] bm_table_add_entry
[06:04:59.239] [bmv2] [D] [thread 247327] Entry 107 added to table 'MyIngress.ipv4_lpm'
[06:04:59.239] [bmv2] [D] [thread 247327] Dumping entry 107
Match key:
* hdr.ipv4.dstAddr              : LPM       0a000816/32
* standard_metadata.ingress_port: EXACT     0004
Action entry: MyIngress.ipv4_forward - a000816,3,

[06:04:59.240] [bmv2] [T] [thread 247327] bm_table_add_entry
[06:04:59.240] [bmv2] [D] [thread 247327] Entry 108 added to table 'MyIngress.ipv4_lpm'
[06:04:59.240] [bmv2] [D] [thread 247327] Dumping entry 108
Match key:
* hdr.ipv4.dstAddr              : LPM       0a000816/32
* standard_metadata.ingress_port: EXACT     0005
Action entry: MyIngress.ipv4_forward - a000816,3,

[06:04:59.241] [bmv2] [T] [thread 247327] bm_table_add_entry
[06:04:59.241] [bmv2] [D] [thread 247327] Entry 109 added to table 'MyIngress.ipv4_lpm'
[06:04:59.241] [bmv2] [D] [thread 247327] Dumping entry 109
Match key:
* hdr.ipv4.dstAddr              : LPM       0a000816/32
* standard_metadata.ingress_port: EXACT     0006
Action entry: MyIngress.ipv4_forward - a000816,3,

[06:04:59.241] [bmv2] [T] [thread 247327] bm_table_add_entry
[06:04:59.242] [bmv2] [D] [thread 247327] Entry 110 added to table 'MyIngress.ipv4_lpm'
[06:04:59.242] [bmv2] [D] [thread 247327] Dumping entry 110
Match key:
* hdr.ipv4.dstAddr              : LPM       0a000817/32
* standard_metadata.ingress_port: EXACT     0001
Action entry: MyIngress.ipv4_forward - a000817,3,

[06:04:59.242] [bmv2] [T] [thread 247327] bm_table_add_entry
[06:04:59.242] [bmv2] [D] [thread 247327] Entry 111 added to table 'MyIngress.ipv4_lpm'
[06:04:59.242] [bmv2] [D] [thread 247327] Dumping entry 111
Match key:
* hdr.ipv4.dstAddr              : LPM       0a000817/32
* standard_metadata.ingress_port: EXACT     0002
Action entry: MyIngress.ipv4_forward - a000817,3,

[06:04:59.243] [bmv2] [T] [thread 247327] bm_table_add_entry
[06:04:59.243] [bmv2] [D] [thread 247327] Entry 112 added to table 'MyIngress.ipv4_lpm'
[06:04:59.243] [bmv2] [D] [thread 247327] Dumping entry 112
Match key:
* hdr.ipv4.dstAddr              : LPM       0a000817/32
* standard_metadata.ingress_port: EXACT     0004
Action entry: MyIngress.ipv4_forward - a000817,3,

[06:04:59.244] [bmv2] [T] [thread 247327] bm_table_add_entry
[06:04:59.244] [bmv2] [D] [thread 247327] Entry 113 added to table 'MyIngress.ipv4_lpm'
[06:04:59.244] [bmv2] [D] [thread 247327] Dumping entry 113
Match key:
* hdr.ipv4.dstAddr              : LPM       0a000817/32
* standard_metadata.ingress_port: EXACT     0005
Action entry: MyIngress.ipv4_forward - a000817,3,

[06:04:59.245] [bmv2] [T] [thread 247327] bm_table_add_entry
[06:04:59.245] [bmv2] [D] [thread 247327] Entry 114 added to table 'MyIngress.ipv4_lpm'
[06:04:59.245] [bmv2] [D] [thread 247327] Dumping entry 114
Match key:
* hdr.ipv4.dstAddr              : LPM       0a000817/32
* standard_metadata.ingress_port: EXACT     0006
Action entry: MyIngress.ipv4_forward - a000817,3,

[06:04:59.245] [bmv2] [T] [thread 247327] bm_table_add_entry
[06:04:59.246] [bmv2] [D] [thread 247327] Entry 115 added to table 'MyIngress.ipv4_lpm'
[06:04:59.246] [bmv2] [D] [thread 247327] Dumping entry 115
Match key:
* hdr.ipv4.dstAddr              : LPM       0a000818/32
* standard_metadata.ingress_port: EXACT     0001
Action entry: MyIngress.ipv4_forward - a000818,3,

[06:04:59.247] [bmv2] [T] [thread 247327] bm_table_add_entry
[06:04:59.247] [bmv2] [D] [thread 247327] Entry 116 added to table 'MyIngress.ipv4_lpm'
[06:04:59.247] [bmv2] [D] [thread 247327] Dumping entry 116
Match key:
* hdr.ipv4.dstAddr              : LPM       0a000818/32
* standard_metadata.ingress_port: EXACT     0002
Action entry: MyIngress.ipv4_forward - a000818,3,

[06:04:59.247] [bmv2] [T] [thread 247327] bm_table_add_entry
[06:04:59.247] [bmv2] [D] [thread 247327] Entry 117 added to table 'MyIngress.ipv4_lpm'
[06:04:59.248] [bmv2] [D] [thread 247327] Dumping entry 117
Match key:
* hdr.ipv4.dstAddr              : LPM       0a000818/32
* standard_metadata.ingress_port: EXACT     0004
Action entry: MyIngress.ipv4_forward - a000818,3,

[06:04:59.248] [bmv2] [T] [thread 247327] bm_table_add_entry
[06:04:59.248] [bmv2] [D] [thread 247327] Entry 118 added to table 'MyIngress.ipv4_lpm'
[06:04:59.248] [bmv2] [D] [thread 247327] Dumping entry 118
Match key:
* hdr.ipv4.dstAddr              : LPM       0a000818/32
* standard_metadata.ingress_port: EXACT     0005
Action entry: MyIngress.ipv4_forward - a000818,3,

[06:04:59.249] [bmv2] [T] [thread 247327] bm_table_add_entry
[06:04:59.249] [bmv2] [D] [thread 247327] Entry 119 added to table 'MyIngress.ipv4_lpm'
[06:04:59.249] [bmv2] [D] [thread 247327] Dumping entry 119
Match key:
* hdr.ipv4.dstAddr              : LPM       0a000818/32
* standard_metadata.ingress_port: EXACT     0006
Action entry: MyIngress.ipv4_forward - a000818,3,

[06:04:59.250] [bmv2] [T] [thread 247327] bm_table_add_entry
[06:04:59.250] [bmv2] [D] [thread 247327] Entry 120 added to table 'MyIngress.ipv4_lpm'
[06:04:59.250] [bmv2] [D] [thread 247327] Dumping entry 120
Match key:
* hdr.ipv4.dstAddr              : LPM       0a000919/32
* standard_metadata.ingress_port: EXACT     0001
Action entry: MyIngress.ipv4_forward - a000919,3,

[06:04:59.250] [bmv2] [T] [thread 247327] bm_table_add_entry
[06:04:59.251] [bmv2] [D] [thread 247327] Entry 121 added to table 'MyIngress.ipv4_lpm'
[06:04:59.251] [bmv2] [D] [thread 247327] Dumping entry 121
Match key:
* hdr.ipv4.dstAddr              : LPM       0a000919/32
* standard_metadata.ingress_port: EXACT     0002
Action entry: MyIngress.ipv4_forward - a000919,3,

[06:04:59.251] [bmv2] [T] [thread 247327] bm_table_add_entry
[06:04:59.251] [bmv2] [D] [thread 247327] Entry 122 added to table 'MyIngress.ipv4_lpm'
[06:04:59.251] [bmv2] [D] [thread 247327] Dumping entry 122
Match key:
* hdr.ipv4.dstAddr              : LPM       0a000919/32
* standard_metadata.ingress_port: EXACT     0004
Action entry: MyIngress.ipv4_forward - a000919,3,

[06:04:59.252] [bmv2] [T] [thread 247327] bm_table_add_entry
[06:04:59.252] [bmv2] [D] [thread 247327] Entry 123 added to table 'MyIngress.ipv4_lpm'
[06:04:59.252] [bmv2] [D] [thread 247327] Dumping entry 123
Match key:
* hdr.ipv4.dstAddr              : LPM       0a000919/32
* standard_metadata.ingress_port: EXACT     0005
Action entry: MyIngress.ipv4_forward - a000919,3,

[06:04:59.253] [bmv2] [T] [thread 247327] bm_table_add_entry
[06:04:59.253] [bmv2] [D] [thread 247327] Entry 124 added to table 'MyIngress.ipv4_lpm'
[06:04:59.253] [bmv2] [D] [thread 247327] Dumping entry 124
Match key:
* hdr.ipv4.dstAddr              : LPM       0a000919/32
* standard_metadata.ingress_port: EXACT     0006
Action entry: MyIngress.ipv4_forward - a000919,3,

[06:04:59.253] [bmv2] [T] [thread 247327] bm_table_add_entry
[06:04:59.254] [bmv2] [D] [thread 247327] Entry 125 added to table 'MyIngress.ipv4_lpm'
[06:04:59.254] [bmv2] [D] [thread 247327] Dumping entry 125
Match key:
* hdr.ipv4.dstAddr              : LPM       0a00091a/32
* standard_metadata.ingress_port: EXACT     0001
Action entry: MyIngress.ipv4_forward - a00091a,3,

[06:04:59.254] [bmv2] [T] [thread 247327] bm_table_add_entry
[06:04:59.254] [bmv2] [D] [thread 247327] Entry 126 added to table 'MyIngress.ipv4_lpm'
[06:04:59.254] [bmv2] [D] [thread 247327] Dumping entry 126
Match key:
* hdr.ipv4.dstAddr              : LPM       0a00091a/32
* standard_metadata.ingress_port: EXACT     0002
Action entry: MyIngress.ipv4_forward - a00091a,3,

[06:04:59.255] [bmv2] [T] [thread 247327] bm_table_add_entry
[06:04:59.255] [bmv2] [D] [thread 247327] Entry 127 added to table 'MyIngress.ipv4_lpm'
[06:04:59.255] [bmv2] [D] [thread 247327] Dumping entry 127
Match key:
* hdr.ipv4.dstAddr              : LPM       0a00091a/32
* standard_metadata.ingress_port: EXACT     0004
Action entry: MyIngress.ipv4_forward - a00091a,3,

[06:04:59.256] [bmv2] [T] [thread 247327] bm_table_add_entry
[06:04:59.256] [bmv2] [D] [thread 247327] Entry 128 added to table 'MyIngress.ipv4_lpm'
[06:04:59.256] [bmv2] [D] [thread 247327] Dumping entry 128
Match key:
* hdr.ipv4.dstAddr              : LPM       0a00091a/32
* standard_metadata.ingress_port: EXACT     0005
Action entry: MyIngress.ipv4_forward - a00091a,3,

[06:04:59.257] [bmv2] [T] [thread 247327] bm_table_add_entry
[06:04:59.257] [bmv2] [D] [thread 247327] Entry 129 added to table 'MyIngress.ipv4_lpm'
[06:04:59.257] [bmv2] [D] [thread 247327] Dumping entry 129
Match key:
* hdr.ipv4.dstAddr              : LPM       0a00091a/32
* standard_metadata.ingress_port: EXACT     0006
Action entry: MyIngress.ipv4_forward - a00091a,3,

[06:04:59.258] [bmv2] [T] [thread 247327] bm_table_add_entry
[06:04:59.258] [bmv2] [D] [thread 247327] Entry 130 added to table 'MyIngress.ipv4_lpm'
[06:04:59.258] [bmv2] [D] [thread 247327] Dumping entry 130
Match key:
* hdr.ipv4.dstAddr              : LPM       0a00091b/32
* standard_metadata.ingress_port: EXACT     0001
Action entry: MyIngress.ipv4_forward - a00091b,3,

[06:04:59.258] [bmv2] [T] [thread 247327] bm_table_add_entry
[06:04:59.259] [bmv2] [D] [thread 247327] Entry 131 added to table 'MyIngress.ipv4_lpm'
[06:04:59.259] [bmv2] [D] [thread 247327] Dumping entry 131
Match key:
* hdr.ipv4.dstAddr              : LPM       0a00091b/32
* standard_metadata.ingress_port: EXACT     0002
Action entry: MyIngress.ipv4_forward - a00091b,3,

[06:04:59.259] [bmv2] [T] [thread 247327] bm_table_add_entry
[06:04:59.259] [bmv2] [D] [thread 247327] Entry 132 added to table 'MyIngress.ipv4_lpm'
[06:04:59.260] [bmv2] [D] [thread 247327] Dumping entry 132
Match key:
* hdr.ipv4.dstAddr              : LPM       0a00091b/32
* standard_metadata.ingress_port: EXACT     0004
Action entry: MyIngress.ipv4_forward - a00091b,3,

[06:04:59.260] [bmv2] [T] [thread 247327] bm_table_add_entry
[06:04:59.260] [bmv2] [D] [thread 247327] Entry 133 added to table 'MyIngress.ipv4_lpm'
[06:04:59.260] [bmv2] [D] [thread 247327] Dumping entry 133
Match key:
* hdr.ipv4.dstAddr              : LPM       0a00091b/32
* standard_metadata.ingress_port: EXACT     0005
Action entry: MyIngress.ipv4_forward - a00091b,3,

[06:04:59.261] [bmv2] [T] [thread 247327] bm_table_add_entry
[06:04:59.262] [bmv2] [D] [thread 247327] Entry 134 added to table 'MyIngress.ipv4_lpm'
[06:04:59.262] [bmv2] [D] [thread 247327] Dumping entry 134
Match key:
* hdr.ipv4.dstAddr              : LPM       0a00091b/32
* standard_metadata.ingress_port: EXACT     0006
Action entry: MyIngress.ipv4_forward - a00091b,3,

[06:04:59.262] [bmv2] [T] [thread 247327] bm_table_add_entry
[06:04:59.262] [bmv2] [D] [thread 247327] Entry 135 added to table 'MyIngress.ipv4_lpm'
[06:04:59.263] [bmv2] [D] [thread 247327] Dumping entry 135
Match key:
* hdr.ipv4.dstAddr              : LPM       0a000a1c/32
* standard_metadata.ingress_port: EXACT     0001
Action entry: MyIngress.ipv4_forward - a000a1c,4,

[06:04:59.263] [bmv2] [T] [thread 247327] bm_table_add_entry
[06:04:59.263] [bmv2] [D] [thread 247327] Entry 136 added to table 'MyIngress.ipv4_lpm'
[06:04:59.263] [bmv2] [D] [thread 247327] Dumping entry 136
Match key:
* hdr.ipv4.dstAddr              : LPM       0a000a1c/32
* standard_metadata.ingress_port: EXACT     0002
Action entry: MyIngress.ipv4_forward - a000a1c,4,

[06:04:59.264] [bmv2] [T] [thread 247327] bm_table_add_entry
[06:04:59.264] [bmv2] [D] [thread 247327] Entry 137 added to table 'MyIngress.ipv4_lpm'
[06:04:59.264] [bmv2] [D] [thread 247327] Dumping entry 137
Match key:
* hdr.ipv4.dstAddr              : LPM       0a000a1c/32
* standard_metadata.ingress_port: EXACT     0003
Action entry: MyIngress.ipv4_forward - a000a1c,4,

[06:04:59.265] [bmv2] [T] [thread 247327] bm_table_add_entry
[06:04:59.265] [bmv2] [D] [thread 247327] Entry 138 added to table 'MyIngress.ipv4_lpm'
[06:04:59.265] [bmv2] [D] [thread 247327] Dumping entry 138
Match key:
* hdr.ipv4.dstAddr              : LPM       0a000a1c/32
* standard_metadata.ingress_port: EXACT     0005
Action entry: MyIngress.ipv4_forward - a000a1c,4,

[06:04:59.265] [bmv2] [T] [thread 247327] bm_table_add_entry
[06:04:59.266] [bmv2] [D] [thread 247327] Entry 139 added to table 'MyIngress.ipv4_lpm'
[06:04:59.266] [bmv2] [D] [thread 247327] Dumping entry 139
Match key:
* hdr.ipv4.dstAddr              : LPM       0a000a1c/32
* standard_metadata.ingress_port: EXACT     0006
Action entry: MyIngress.ipv4_forward - a000a1c,4,

[06:04:59.266] [bmv2] [T] [thread 247327] bm_table_add_entry
[06:04:59.266] [bmv2] [D] [thread 247327] Entry 140 added to table 'MyIngress.ipv4_lpm'
[06:04:59.266] [bmv2] [D] [thread 247327] Dumping entry 140
Match key:
* hdr.ipv4.dstAddr              : LPM       0a000a1d/32
* standard_metadata.ingress_port: EXACT     0001
Action entry: MyIngress.ipv4_forward - a000a1d,4,

[06:04:59.267] [bmv2] [T] [thread 247327] bm_table_add_entry
[06:04:59.267] [bmv2] [D] [thread 247327] Entry 141 added to table 'MyIngress.ipv4_lpm'
[06:04:59.267] [bmv2] [D] [thread 247327] Dumping entry 141
Match key:
* hdr.ipv4.dstAddr              : LPM       0a000a1d/32
* standard_metadata.ingress_port: EXACT     0002
Action entry: MyIngress.ipv4_forward - a000a1d,4,

[06:04:59.268] [bmv2] [T] [thread 247327] bm_table_add_entry
[06:04:59.268] [bmv2] [D] [thread 247327] Entry 142 added to table 'MyIngress.ipv4_lpm'
[06:04:59.268] [bmv2] [D] [thread 247327] Dumping entry 142
Match key:
* hdr.ipv4.dstAddr              : LPM       0a000a1d/32
* standard_metadata.ingress_port: EXACT     0003
Action entry: MyIngress.ipv4_forward - a000a1d,4,

[06:04:59.269] [bmv2] [T] [thread 247327] bm_table_add_entry
[06:04:59.269] [bmv2] [D] [thread 247327] Entry 143 added to table 'MyIngress.ipv4_lpm'
[06:04:59.269] [bmv2] [D] [thread 247327] Dumping entry 143
Match key:
* hdr.ipv4.dstAddr              : LPM       0a000a1d/32
* standard_metadata.ingress_port: EXACT     0005
Action entry: MyIngress.ipv4_forward - a000a1d,4,

[06:04:59.270] [bmv2] [T] [thread 247327] bm_table_add_entry
[06:04:59.270] [bmv2] [D] [thread 247327] Entry 144 added to table 'MyIngress.ipv4_lpm'
[06:04:59.270] [bmv2] [D] [thread 247327] Dumping entry 144
Match key:
* hdr.ipv4.dstAddr              : LPM       0a000a1d/32
* standard_metadata.ingress_port: EXACT     0006
Action entry: MyIngress.ipv4_forward - a000a1d,4,

[06:04:59.271] [bmv2] [T] [thread 247327] bm_table_add_entry
[06:04:59.271] [bmv2] [D] [thread 247327] Entry 145 added to table 'MyIngress.ipv4_lpm'
[06:04:59.271] [bmv2] [D] [thread 247327] Dumping entry 145
Match key:
* hdr.ipv4.dstAddr              : LPM       0a000a1e/32
* standard_metadata.ingress_port: EXACT     0001
Action entry: MyIngress.ipv4_forward - a000a1e,4,

[06:04:59.271] [bmv2] [T] [thread 247327] bm_table_add_entry
[06:04:59.272] [bmv2] [D] [thread 247327] Entry 146 added to table 'MyIngress.ipv4_lpm'
[06:04:59.272] [bmv2] [D] [thread 247327] Dumping entry 146
Match key:
* hdr.ipv4.dstAddr              : LPM       0a000a1e/32
* standard_metadata.ingress_port: EXACT     0002
Action entry: MyIngress.ipv4_forward - a000a1e,4,

[06:04:59.272] [bmv2] [T] [thread 247327] bm_table_add_entry
[06:04:59.272] [bmv2] [D] [thread 247327] Entry 147 added to table 'MyIngress.ipv4_lpm'
[06:04:59.272] [bmv2] [D] [thread 247327] Dumping entry 147
Match key:
* hdr.ipv4.dstAddr              : LPM       0a000a1e/32
* standard_metadata.ingress_port: EXACT     0003
Action entry: MyIngress.ipv4_forward - a000a1e,4,

[06:04:59.273] [bmv2] [T] [thread 247327] bm_table_add_entry
[06:04:59.273] [bmv2] [D] [thread 247327] Entry 148 added to table 'MyIngress.ipv4_lpm'
[06:04:59.273] [bmv2] [D] [thread 247327] Dumping entry 148
Match key:
* hdr.ipv4.dstAddr              : LPM       0a000a1e/32
* standard_metadata.ingress_port: EXACT     0005
Action entry: MyIngress.ipv4_forward - a000a1e,4,

[06:04:59.274] [bmv2] [T] [thread 247327] bm_table_add_entry
[06:04:59.274] [bmv2] [D] [thread 247327] Entry 149 added to table 'MyIngress.ipv4_lpm'
[06:04:59.274] [bmv2] [D] [thread 247327] Dumping entry 149
Match key:
* hdr.ipv4.dstAddr              : LPM       0a000a1e/32
* standard_metadata.ingress_port: EXACT     0006
Action entry: MyIngress.ipv4_forward - a000a1e,4,

[06:04:59.275] [bmv2] [T] [thread 247327] bm_table_add_entry
[06:04:59.275] [bmv2] [D] [thread 247327] Entry 150 added to table 'MyIngress.ipv4_lpm'
[06:04:59.275] [bmv2] [D] [thread 247327] Dumping entry 150
Match key:
* hdr.ipv4.dstAddr              : LPM       0a000b1f/32
* standard_metadata.ingress_port: EXACT     0001
Action entry: MyIngress.ipv4_forward - a000b1f,4,

[06:04:59.275] [bmv2] [T] [thread 247327] bm_table_add_entry
[06:04:59.275] [bmv2] [D] [thread 247327] Entry 151 added to table 'MyIngress.ipv4_lpm'
[06:04:59.276] [bmv2] [D] [thread 247327] Dumping entry 151
Match key:
* hdr.ipv4.dstAddr              : LPM       0a000b1f/32
* standard_metadata.ingress_port: EXACT     0002
Action entry: MyIngress.ipv4_forward - a000b1f,4,

[06:04:59.276] [bmv2] [T] [thread 247327] bm_table_add_entry
[06:04:59.276] [bmv2] [D] [thread 247327] Entry 152 added to table 'MyIngress.ipv4_lpm'
[06:04:59.276] [bmv2] [D] [thread 247327] Dumping entry 152
Match key:
* hdr.ipv4.dstAddr              : LPM       0a000b1f/32
* standard_metadata.ingress_port: EXACT     0003
Action entry: MyIngress.ipv4_forward - a000b1f,4,

[06:04:59.277] [bmv2] [T] [thread 247327] bm_table_add_entry
[06:04:59.277] [bmv2] [D] [thread 247327] Entry 153 added to table 'MyIngress.ipv4_lpm'
[06:04:59.277] [bmv2] [D] [thread 247327] Dumping entry 153
Match key:
* hdr.ipv4.dstAddr              : LPM       0a000b1f/32
* standard_metadata.ingress_port: EXACT     0005
Action entry: MyIngress.ipv4_forward - a000b1f,4,

[06:04:59.278] [bmv2] [T] [thread 247327] bm_table_add_entry
[06:04:59.278] [bmv2] [D] [thread 247327] Entry 154 added to table 'MyIngress.ipv4_lpm'
[06:04:59.278] [bmv2] [D] [thread 247327] Dumping entry 154
Match key:
* hdr.ipv4.dstAddr              : LPM       0a000b1f/32
* standard_metadata.ingress_port: EXACT     0006
Action entry: MyIngress.ipv4_forward - a000b1f,4,

[06:04:59.279] [bmv2] [T] [thread 247327] bm_table_add_entry
[06:04:59.279] [bmv2] [D] [thread 247327] Entry 155 added to table 'MyIngress.ipv4_lpm'
[06:04:59.279] [bmv2] [D] [thread 247327] Dumping entry 155
Match key:
* hdr.ipv4.dstAddr              : LPM       0a000b20/32
* standard_metadata.ingress_port: EXACT     0001
Action entry: MyIngress.ipv4_forward - a000b20,4,

[06:04:59.279] [bmv2] [T] [thread 247327] bm_table_add_entry
[06:04:59.279] [bmv2] [D] [thread 247327] Entry 156 added to table 'MyIngress.ipv4_lpm'
[06:04:59.279] [bmv2] [D] [thread 247327] Dumping entry 156
Match key:
* hdr.ipv4.dstAddr              : LPM       0a000b20/32
* standard_metadata.ingress_port: EXACT     0002
Action entry: MyIngress.ipv4_forward - a000b20,4,

[06:04:59.280] [bmv2] [T] [thread 247327] bm_table_add_entry
[06:04:59.280] [bmv2] [D] [thread 247327] Entry 157 added to table 'MyIngress.ipv4_lpm'
[06:04:59.280] [bmv2] [D] [thread 247327] Dumping entry 157
Match key:
* hdr.ipv4.dstAddr              : LPM       0a000b20/32
* standard_metadata.ingress_port: EXACT     0003
Action entry: MyIngress.ipv4_forward - a000b20,4,

[06:04:59.281] [bmv2] [T] [thread 247327] bm_table_add_entry
[06:04:59.281] [bmv2] [D] [thread 247327] Entry 158 added to table 'MyIngress.ipv4_lpm'
[06:04:59.281] [bmv2] [D] [thread 247327] Dumping entry 158
Match key:
* hdr.ipv4.dstAddr              : LPM       0a000b20/32
* standard_metadata.ingress_port: EXACT     0005
Action entry: MyIngress.ipv4_forward - a000b20,4,

[06:04:59.282] [bmv2] [T] [thread 247327] bm_table_add_entry
[06:04:59.282] [bmv2] [D] [thread 247327] Entry 159 added to table 'MyIngress.ipv4_lpm'
[06:04:59.282] [bmv2] [D] [thread 247327] Dumping entry 159
Match key:
* hdr.ipv4.dstAddr              : LPM       0a000b20/32
* standard_metadata.ingress_port: EXACT     0006
Action entry: MyIngress.ipv4_forward - a000b20,4,

[06:04:59.282] [bmv2] [T] [thread 247327] bm_table_add_entry
[06:04:59.283] [bmv2] [D] [thread 247327] Entry 160 added to table 'MyIngress.ipv4_lpm'
[06:04:59.283] [bmv2] [D] [thread 247327] Dumping entry 160
Match key:
* hdr.ipv4.dstAddr              : LPM       0a000b21/32
* standard_metadata.ingress_port: EXACT     0001
Action entry: MyIngress.ipv4_forward - a000b21,4,

[06:04:59.283] [bmv2] [T] [thread 247327] bm_table_add_entry
[06:04:59.283] [bmv2] [D] [thread 247327] Entry 161 added to table 'MyIngress.ipv4_lpm'
[06:04:59.283] [bmv2] [D] [thread 247327] Dumping entry 161
Match key:
* hdr.ipv4.dstAddr              : LPM       0a000b21/32
* standard_metadata.ingress_port: EXACT     0002
Action entry: MyIngress.ipv4_forward - a000b21,4,

[06:04:59.284] [bmv2] [T] [thread 247327] bm_table_add_entry
[06:04:59.284] [bmv2] [D] [thread 247327] Entry 162 added to table 'MyIngress.ipv4_lpm'
[06:04:59.284] [bmv2] [D] [thread 247327] Dumping entry 162
Match key:
* hdr.ipv4.dstAddr              : LPM       0a000b21/32
* standard_metadata.ingress_port: EXACT     0003
Action entry: MyIngress.ipv4_forward - a000b21,4,

[06:04:59.285] [bmv2] [T] [thread 247327] bm_table_add_entry
[06:04:59.285] [bmv2] [D] [thread 247327] Entry 163 added to table 'MyIngress.ipv4_lpm'
[06:04:59.285] [bmv2] [D] [thread 247327] Dumping entry 163
Match key:
* hdr.ipv4.dstAddr              : LPM       0a000b21/32
* standard_metadata.ingress_port: EXACT     0005
Action entry: MyIngress.ipv4_forward - a000b21,4,

[06:04:59.286] [bmv2] [T] [thread 247327] bm_table_add_entry
[06:04:59.286] [bmv2] [D] [thread 247327] Entry 164 added to table 'MyIngress.ipv4_lpm'
[06:04:59.286] [bmv2] [D] [thread 247327] Dumping entry 164
Match key:
* hdr.ipv4.dstAddr              : LPM       0a000b21/32
* standard_metadata.ingress_port: EXACT     0006
Action entry: MyIngress.ipv4_forward - a000b21,4,

[06:04:59.286] [bmv2] [T] [thread 247327] bm_table_add_entry
[06:04:59.286] [bmv2] [D] [thread 247327] Entry 165 added to table 'MyIngress.ipv4_lpm'
[06:04:59.287] [bmv2] [D] [thread 247327] Dumping entry 165
Match key:
* hdr.ipv4.dstAddr              : LPM       0a000c22/32
* standard_metadata.ingress_port: EXACT     0001
Action entry: MyIngress.ipv4_forward - a000c22,4,

[06:04:59.287] [bmv2] [T] [thread 247327] bm_table_add_entry
[06:04:59.287] [bmv2] [D] [thread 247327] Entry 166 added to table 'MyIngress.ipv4_lpm'
[06:04:59.287] [bmv2] [D] [thread 247327] Dumping entry 166
Match key:
* hdr.ipv4.dstAddr              : LPM       0a000c22/32
* standard_metadata.ingress_port: EXACT     0002
Action entry: MyIngress.ipv4_forward - a000c22,4,

[06:04:59.288] [bmv2] [T] [thread 247327] bm_table_add_entry
[06:04:59.288] [bmv2] [D] [thread 247327] Entry 167 added to table 'MyIngress.ipv4_lpm'
[06:04:59.288] [bmv2] [D] [thread 247327] Dumping entry 167
Match key:
* hdr.ipv4.dstAddr              : LPM       0a000c22/32
* standard_metadata.ingress_port: EXACT     0003
Action entry: MyIngress.ipv4_forward - a000c22,4,

[06:04:59.289] [bmv2] [T] [thread 247327] bm_table_add_entry
[06:04:59.289] [bmv2] [D] [thread 247327] Entry 168 added to table 'MyIngress.ipv4_lpm'
[06:04:59.289] [bmv2] [D] [thread 247327] Dumping entry 168
Match key:
* hdr.ipv4.dstAddr              : LPM       0a000c22/32
* standard_metadata.ingress_port: EXACT     0005
Action entry: MyIngress.ipv4_forward - a000c22,4,

[06:04:59.290] [bmv2] [T] [thread 247327] bm_table_add_entry
[06:04:59.290] [bmv2] [D] [thread 247327] Entry 169 added to table 'MyIngress.ipv4_lpm'
[06:04:59.290] [bmv2] [D] [thread 247327] Dumping entry 169
Match key:
* hdr.ipv4.dstAddr              : LPM       0a000c22/32
* standard_metadata.ingress_port: EXACT     0006
Action entry: MyIngress.ipv4_forward - a000c22,4,

[06:04:59.290] [bmv2] [T] [thread 247327] bm_table_add_entry
[06:04:59.290] [bmv2] [D] [thread 247327] Entry 170 added to table 'MyIngress.ipv4_lpm'
[06:04:59.291] [bmv2] [D] [thread 247327] Dumping entry 170
Match key:
* hdr.ipv4.dstAddr              : LPM       0a000c23/32
* standard_metadata.ingress_port: EXACT     0001
Action entry: MyIngress.ipv4_forward - a000c23,4,

[06:04:59.291] [bmv2] [T] [thread 247327] bm_table_add_entry
[06:04:59.291] [bmv2] [D] [thread 247327] Entry 171 added to table 'MyIngress.ipv4_lpm'
[06:04:59.291] [bmv2] [D] [thread 247327] Dumping entry 171
Match key:
* hdr.ipv4.dstAddr              : LPM       0a000c23/32
* standard_metadata.ingress_port: EXACT     0002
Action entry: MyIngress.ipv4_forward - a000c23,4,

[06:04:59.292] [bmv2] [T] [thread 247327] bm_table_add_entry
[06:04:59.292] [bmv2] [D] [thread 247327] Entry 172 added to table 'MyIngress.ipv4_lpm'
[06:04:59.292] [bmv2] [D] [thread 247327] Dumping entry 172
Match key:
* hdr.ipv4.dstAddr              : LPM       0a000c23/32
* standard_metadata.ingress_port: EXACT     0003
Action entry: MyIngress.ipv4_forward - a000c23,4,

[06:04:59.293] [bmv2] [T] [thread 247327] bm_table_add_entry
[06:04:59.293] [bmv2] [D] [thread 247327] Entry 173 added to table 'MyIngress.ipv4_lpm'
[06:04:59.293] [bmv2] [D] [thread 247327] Dumping entry 173
Match key:
* hdr.ipv4.dstAddr              : LPM       0a000c23/32
* standard_metadata.ingress_port: EXACT     0005
Action entry: MyIngress.ipv4_forward - a000c23,4,

[06:04:59.293] [bmv2] [T] [thread 247327] bm_table_add_entry
[06:04:59.294] [bmv2] [D] [thread 247327] Entry 174 added to table 'MyIngress.ipv4_lpm'
[06:04:59.294] [bmv2] [D] [thread 247327] Dumping entry 174
Match key:
* hdr.ipv4.dstAddr              : LPM       0a000c23/32
* standard_metadata.ingress_port: EXACT     0006
Action entry: MyIngress.ipv4_forward - a000c23,4,

[06:04:59.294] [bmv2] [T] [thread 247327] bm_table_add_entry
[06:04:59.294] [bmv2] [D] [thread 247327] Entry 175 added to table 'MyIngress.ipv4_lpm'
[06:04:59.295] [bmv2] [D] [thread 247327] Dumping entry 175
Match key:
* hdr.ipv4.dstAddr              : LPM       0a000c24/32
* standard_metadata.ingress_port: EXACT     0001
Action entry: MyIngress.ipv4_forward - a000c24,4,

[06:04:59.295] [bmv2] [T] [thread 247327] bm_table_add_entry
[06:04:59.295] [bmv2] [D] [thread 247327] Entry 176 added to table 'MyIngress.ipv4_lpm'
[06:04:59.295] [bmv2] [D] [thread 247327] Dumping entry 176
Match key:
* hdr.ipv4.dstAddr              : LPM       0a000c24/32
* standard_metadata.ingress_port: EXACT     0002
Action entry: MyIngress.ipv4_forward - a000c24,4,

[06:04:59.296] [bmv2] [T] [thread 247327] bm_table_add_entry
[06:04:59.296] [bmv2] [D] [thread 247327] Entry 177 added to table 'MyIngress.ipv4_lpm'
[06:04:59.296] [bmv2] [D] [thread 247327] Dumping entry 177
Match key:
* hdr.ipv4.dstAddr              : LPM       0a000c24/32
* standard_metadata.ingress_port: EXACT     0003
Action entry: MyIngress.ipv4_forward - a000c24,4,

[06:04:59.297] [bmv2] [T] [thread 247327] bm_table_add_entry
[06:04:59.297] [bmv2] [D] [thread 247327] Entry 178 added to table 'MyIngress.ipv4_lpm'
[06:04:59.297] [bmv2] [D] [thread 247327] Dumping entry 178
Match key:
* hdr.ipv4.dstAddr              : LPM       0a000c24/32
* standard_metadata.ingress_port: EXACT     0005
Action entry: MyIngress.ipv4_forward - a000c24,4,

[06:04:59.297] [bmv2] [T] [thread 247327] bm_table_add_entry
[06:04:59.298] [bmv2] [D] [thread 247327] Entry 179 added to table 'MyIngress.ipv4_lpm'
[06:04:59.298] [bmv2] [D] [thread 247327] Dumping entry 179
Match key:
* hdr.ipv4.dstAddr              : LPM       0a000c24/32
* standard_metadata.ingress_port: EXACT     0006
Action entry: MyIngress.ipv4_forward - a000c24,4,

[06:04:59.298] [bmv2] [T] [thread 247327] bm_table_add_entry
[06:04:59.298] [bmv2] [D] [thread 247327] Entry 180 added to table 'MyIngress.ipv4_lpm'
[06:04:59.298] [bmv2] [D] [thread 247327] Dumping entry 180
Match key:
* hdr.ipv4.dstAddr              : LPM       0a000d25/32
* standard_metadata.ingress_port: EXACT     0001
Action entry: MyIngress.ipv4_forward - a000d25,5,

[06:04:59.299] [bmv2] [T] [thread 247327] bm_table_add_entry
[06:04:59.299] [bmv2] [D] [thread 247327] Entry 181 added to table 'MyIngress.ipv4_lpm'
[06:04:59.299] [bmv2] [D] [thread 247327] Dumping entry 181
Match key:
* hdr.ipv4.dstAddr              : LPM       0a000d25/32
* standard_metadata.ingress_port: EXACT     0002
Action entry: MyIngress.ipv4_forward - a000d25,5,

[06:04:59.300] [bmv2] [T] [thread 247327] bm_table_add_entry
[06:04:59.300] [bmv2] [D] [thread 247327] Entry 182 added to table 'MyIngress.ipv4_lpm'
[06:04:59.300] [bmv2] [D] [thread 247327] Dumping entry 182
Match key:
* hdr.ipv4.dstAddr              : LPM       0a000d25/32
* standard_metadata.ingress_port: EXACT     0003
Action entry: MyIngress.ipv4_forward - a000d25,5,

[06:04:59.301] [bmv2] [T] [thread 247327] bm_table_add_entry
[06:04:59.301] [bmv2] [D] [thread 247327] Entry 183 added to table 'MyIngress.ipv4_lpm'
[06:04:59.301] [bmv2] [D] [thread 247327] Dumping entry 183
Match key:
* hdr.ipv4.dstAddr              : LPM       0a000d25/32
* standard_metadata.ingress_port: EXACT     0004
Action entry: MyIngress.ipv4_forward - a000d25,5,

[06:04:59.302] [bmv2] [T] [thread 247327] bm_table_add_entry
[06:04:59.302] [bmv2] [D] [thread 247327] Entry 184 added to table 'MyIngress.ipv4_lpm'
[06:04:59.302] [bmv2] [D] [thread 247327] Dumping entry 184
Match key:
* hdr.ipv4.dstAddr              : LPM       0a000d25/32
* standard_metadata.ingress_port: EXACT     0006
Action entry: MyIngress.ipv4_forward - a000d25,5,

[06:04:59.302] [bmv2] [T] [thread 247327] bm_table_add_entry
[06:04:59.303] [bmv2] [D] [thread 247327] Entry 185 added to table 'MyIngress.ipv4_lpm'
[06:04:59.303] [bmv2] [D] [thread 247327] Dumping entry 185
Match key:
* hdr.ipv4.dstAddr              : LPM       0a000d26/32
* standard_metadata.ingress_port: EXACT     0001
Action entry: MyIngress.ipv4_forward - a000d26,5,

[06:04:59.303] [bmv2] [T] [thread 247327] bm_table_add_entry
[06:04:59.303] [bmv2] [D] [thread 247327] Entry 186 added to table 'MyIngress.ipv4_lpm'
[06:04:59.303] [bmv2] [D] [thread 247327] Dumping entry 186
Match key:
* hdr.ipv4.dstAddr              : LPM       0a000d26/32
* standard_metadata.ingress_port: EXACT     0002
Action entry: MyIngress.ipv4_forward - a000d26,5,

[06:04:59.304] [bmv2] [T] [thread 247327] bm_table_add_entry
[06:04:59.304] [bmv2] [D] [thread 247327] Entry 187 added to table 'MyIngress.ipv4_lpm'
[06:04:59.304] [bmv2] [D] [thread 247327] Dumping entry 187
Match key:
* hdr.ipv4.dstAddr              : LPM       0a000d26/32
* standard_metadata.ingress_port: EXACT     0003
Action entry: MyIngress.ipv4_forward - a000d26,5,

[06:04:59.305] [bmv2] [T] [thread 247327] bm_table_add_entry
[06:04:59.305] [bmv2] [D] [thread 247327] Entry 188 added to table 'MyIngress.ipv4_lpm'
[06:04:59.305] [bmv2] [D] [thread 247327] Dumping entry 188
Match key:
* hdr.ipv4.dstAddr              : LPM       0a000d26/32
* standard_metadata.ingress_port: EXACT     0004
Action entry: MyIngress.ipv4_forward - a000d26,5,

[06:04:59.306] [bmv2] [T] [thread 247327] bm_table_add_entry
[06:04:59.306] [bmv2] [D] [thread 247327] Entry 189 added to table 'MyIngress.ipv4_lpm'
[06:04:59.306] [bmv2] [D] [thread 247327] Dumping entry 189
Match key:
* hdr.ipv4.dstAddr              : LPM       0a000d26/32
* standard_metadata.ingress_port: EXACT     0006
Action entry: MyIngress.ipv4_forward - a000d26,5,

[06:04:59.306] [bmv2] [T] [thread 247327] bm_table_add_entry
[06:04:59.306] [bmv2] [D] [thread 247327] Entry 190 added to table 'MyIngress.ipv4_lpm'
[06:04:59.306] [bmv2] [D] [thread 247327] Dumping entry 190
Match key:
* hdr.ipv4.dstAddr              : LPM       0a000d27/32
* standard_metadata.ingress_port: EXACT     0001
Action entry: MyIngress.ipv4_forward - a000d27,5,

[06:04:59.307] [bmv2] [T] [thread 247327] bm_table_add_entry
[06:04:59.307] [bmv2] [D] [thread 247327] Entry 191 added to table 'MyIngress.ipv4_lpm'
[06:04:59.307] [bmv2] [D] [thread 247327] Dumping entry 191
Match key:
* hdr.ipv4.dstAddr              : LPM       0a000d27/32
* standard_metadata.ingress_port: EXACT     0002
Action entry: MyIngress.ipv4_forward - a000d27,5,

[06:04:59.308] [bmv2] [T] [thread 247327] bm_table_add_entry
[06:04:59.308] [bmv2] [D] [thread 247327] Entry 192 added to table 'MyIngress.ipv4_lpm'
[06:04:59.308] [bmv2] [D] [thread 247327] Dumping entry 192
Match key:
* hdr.ipv4.dstAddr              : LPM       0a000d27/32
* standard_metadata.ingress_port: EXACT     0003
Action entry: MyIngress.ipv4_forward - a000d27,5,

[06:04:59.309] [bmv2] [T] [thread 247327] bm_table_add_entry
[06:04:59.309] [bmv2] [D] [thread 247327] Entry 193 added to table 'MyIngress.ipv4_lpm'
[06:04:59.309] [bmv2] [D] [thread 247327] Dumping entry 193
Match key:
* hdr.ipv4.dstAddr              : LPM       0a000d27/32
* standard_metadata.ingress_port: EXACT     0004
Action entry: MyIngress.ipv4_forward - a000d27,5,

[06:04:59.310] [bmv2] [T] [thread 247327] bm_table_add_entry
[06:04:59.310] [bmv2] [D] [thread 247327] Entry 194 added to table 'MyIngress.ipv4_lpm'
[06:04:59.310] [bmv2] [D] [thread 247327] Dumping entry 194
Match key:
* hdr.ipv4.dstAddr              : LPM       0a000d27/32
* standard_metadata.ingress_port: EXACT     0006
Action entry: MyIngress.ipv4_forward - a000d27,5,

[06:04:59.311] [bmv2] [T] [thread 247327] bm_table_add_entry
[06:04:59.311] [bmv2] [D] [thread 247327] Entry 195 added to table 'MyIngress.ipv4_lpm'
[06:04:59.311] [bmv2] [D] [thread 247327] Dumping entry 195
Match key:
* hdr.ipv4.dstAddr              : LPM       0a000e28/32
* standard_metadata.ingress_port: EXACT     0001
Action entry: MyIngress.ipv4_forward - a000e28,5,

[06:04:59.311] [bmv2] [T] [thread 247327] bm_table_add_entry
[06:04:59.312] [bmv2] [D] [thread 247327] Entry 196 added to table 'MyIngress.ipv4_lpm'
[06:04:59.312] [bmv2] [D] [thread 247327] Dumping entry 196
Match key:
* hdr.ipv4.dstAddr              : LPM       0a000e28/32
* standard_metadata.ingress_port: EXACT     0002
Action entry: MyIngress.ipv4_forward - a000e28,5,

[06:04:59.312] [bmv2] [T] [thread 247327] bm_table_add_entry
[06:04:59.312] [bmv2] [D] [thread 247327] Entry 197 added to table 'MyIngress.ipv4_lpm'
[06:04:59.313] [bmv2] [D] [thread 247327] Dumping entry 197
Match key:
* hdr.ipv4.dstAddr              : LPM       0a000e28/32
* standard_metadata.ingress_port: EXACT     0003
Action entry: MyIngress.ipv4_forward - a000e28,5,

[06:04:59.313] [bmv2] [T] [thread 247327] bm_table_add_entry
[06:04:59.313] [bmv2] [D] [thread 247327] Entry 198 added to table 'MyIngress.ipv4_lpm'
[06:04:59.313] [bmv2] [D] [thread 247327] Dumping entry 198
Match key:
* hdr.ipv4.dstAddr              : LPM       0a000e28/32
* standard_metadata.ingress_port: EXACT     0004
Action entry: MyIngress.ipv4_forward - a000e28,5,

[06:04:59.314] [bmv2] [T] [thread 247327] bm_table_add_entry
[06:04:59.314] [bmv2] [D] [thread 247327] Entry 199 added to table 'MyIngress.ipv4_lpm'
[06:04:59.314] [bmv2] [D] [thread 247327] Dumping entry 199
Match key:
* hdr.ipv4.dstAddr              : LPM       0a000e28/32
* standard_metadata.ingress_port: EXACT     0006
Action entry: MyIngress.ipv4_forward - a000e28,5,

[06:04:59.315] [bmv2] [T] [thread 247327] bm_table_add_entry
[06:04:59.315] [bmv2] [D] [thread 247327] Entry 200 added to table 'MyIngress.ipv4_lpm'
[06:04:59.315] [bmv2] [D] [thread 247327] Dumping entry 200
Match key:
* hdr.ipv4.dstAddr              : LPM       0a000e29/32
* standard_metadata.ingress_port: EXACT     0001
Action entry: MyIngress.ipv4_forward - a000e29,5,

[06:04:59.315] [bmv2] [T] [thread 247327] bm_table_add_entry
[06:04:59.316] [bmv2] [D] [thread 247327] Entry 201 added to table 'MyIngress.ipv4_lpm'
[06:04:59.316] [bmv2] [D] [thread 247327] Dumping entry 201
Match key:
* hdr.ipv4.dstAddr              : LPM       0a000e29/32
* standard_metadata.ingress_port: EXACT     0002
Action entry: MyIngress.ipv4_forward - a000e29,5,

[06:04:59.316] [bmv2] [T] [thread 247327] bm_table_add_entry
[06:04:59.316] [bmv2] [D] [thread 247327] Entry 202 added to table 'MyIngress.ipv4_lpm'
[06:04:59.316] [bmv2] [D] [thread 247327] Dumping entry 202
Match key:
* hdr.ipv4.dstAddr              : LPM       0a000e29/32
* standard_metadata.ingress_port: EXACT     0003
Action entry: MyIngress.ipv4_forward - a000e29,5,

[06:04:59.317] [bmv2] [T] [thread 247327] bm_table_add_entry
[06:04:59.317] [bmv2] [D] [thread 247327] Entry 203 added to table 'MyIngress.ipv4_lpm'
[06:04:59.317] [bmv2] [D] [thread 247327] Dumping entry 203
Match key:
* hdr.ipv4.dstAddr              : LPM       0a000e29/32
* standard_metadata.ingress_port: EXACT     0004
Action entry: MyIngress.ipv4_forward - a000e29,5,

[06:04:59.318] [bmv2] [T] [thread 247327] bm_table_add_entry
[06:04:59.318] [bmv2] [D] [thread 247327] Entry 204 added to table 'MyIngress.ipv4_lpm'
[06:04:59.318] [bmv2] [D] [thread 247327] Dumping entry 204
Match key:
* hdr.ipv4.dstAddr              : LPM       0a000e29/32
* standard_metadata.ingress_port: EXACT     0006
Action entry: MyIngress.ipv4_forward - a000e29,5,

[06:04:59.319] [bmv2] [T] [thread 247327] bm_table_add_entry
[06:04:59.319] [bmv2] [D] [thread 247327] Entry 205 added to table 'MyIngress.ipv4_lpm'
[06:04:59.319] [bmv2] [D] [thread 247327] Dumping entry 205
Match key:
* hdr.ipv4.dstAddr              : LPM       0a000e2a/32
* standard_metadata.ingress_port: EXACT     0001
Action entry: MyIngress.ipv4_forward - a000e2a,5,

[06:04:59.319] [bmv2] [T] [thread 247327] bm_table_add_entry
[06:04:59.319] [bmv2] [D] [thread 247327] Entry 206 added to table 'MyIngress.ipv4_lpm'
[06:04:59.320] [bmv2] [D] [thread 247327] Dumping entry 206
Match key:
* hdr.ipv4.dstAddr              : LPM       0a000e2a/32
* standard_metadata.ingress_port: EXACT     0002
Action entry: MyIngress.ipv4_forward - a000e2a,5,

[06:04:59.320] [bmv2] [T] [thread 247327] bm_table_add_entry
[06:04:59.321] [bmv2] [D] [thread 247327] Entry 207 added to table 'MyIngress.ipv4_lpm'
[06:04:59.321] [bmv2] [D] [thread 247327] Dumping entry 207
Match key:
* hdr.ipv4.dstAddr              : LPM       0a000e2a/32
* standard_metadata.ingress_port: EXACT     0003
Action entry: MyIngress.ipv4_forward - a000e2a,5,

[06:04:59.321] [bmv2] [T] [thread 247327] bm_table_add_entry
[06:04:59.322] [bmv2] [D] [thread 247327] Entry 208 added to table 'MyIngress.ipv4_lpm'
[06:04:59.322] [bmv2] [D] [thread 247327] Dumping entry 208
Match key:
* hdr.ipv4.dstAddr              : LPM       0a000e2a/32
* standard_metadata.ingress_port: EXACT     0004
Action entry: MyIngress.ipv4_forward - a000e2a,5,

[06:04:59.322] [bmv2] [T] [thread 247327] bm_table_add_entry
[06:04:59.322] [bmv2] [D] [thread 247327] Entry 209 added to table 'MyIngress.ipv4_lpm'
[06:04:59.323] [bmv2] [D] [thread 247327] Dumping entry 209
Match key:
* hdr.ipv4.dstAddr              : LPM       0a000e2a/32
* standard_metadata.ingress_port: EXACT     0006
Action entry: MyIngress.ipv4_forward - a000e2a,5,

[06:04:59.323] [bmv2] [T] [thread 247327] bm_table_add_entry
[06:04:59.323] [bmv2] [D] [thread 247327] Entry 210 added to table 'MyIngress.ipv4_lpm'
[06:04:59.323] [bmv2] [D] [thread 247327] Dumping entry 210
Match key:
* hdr.ipv4.dstAddr              : LPM       0a000f2b/32
* standard_metadata.ingress_port: EXACT     0001
Action entry: MyIngress.ipv4_forward - a000f2b,5,

[06:04:59.324] [bmv2] [T] [thread 247327] bm_table_add_entry
[06:04:59.324] [bmv2] [D] [thread 247327] Entry 211 added to table 'MyIngress.ipv4_lpm'
[06:04:59.324] [bmv2] [D] [thread 247327] Dumping entry 211
Match key:
* hdr.ipv4.dstAddr              : LPM       0a000f2b/32
* standard_metadata.ingress_port: EXACT     0002
Action entry: MyIngress.ipv4_forward - a000f2b,5,

[06:04:59.325] [bmv2] [T] [thread 247327] bm_table_add_entry
[06:04:59.325] [bmv2] [D] [thread 247327] Entry 212 added to table 'MyIngress.ipv4_lpm'
[06:04:59.325] [bmv2] [D] [thread 247327] Dumping entry 212
Match key:
* hdr.ipv4.dstAddr              : LPM       0a000f2b/32
* standard_metadata.ingress_port: EXACT     0003
Action entry: MyIngress.ipv4_forward - a000f2b,5,

[06:04:59.326] [bmv2] [T] [thread 247327] bm_table_add_entry
[06:04:59.326] [bmv2] [D] [thread 247327] Entry 213 added to table 'MyIngress.ipv4_lpm'
[06:04:59.326] [bmv2] [D] [thread 247327] Dumping entry 213
Match key:
* hdr.ipv4.dstAddr              : LPM       0a000f2b/32
* standard_metadata.ingress_port: EXACT     0004
Action entry: MyIngress.ipv4_forward - a000f2b,5,

[06:04:59.326] [bmv2] [T] [thread 247327] bm_table_add_entry
[06:04:59.327] [bmv2] [D] [thread 247327] Entry 214 added to table 'MyIngress.ipv4_lpm'
[06:04:59.327] [bmv2] [D] [thread 247327] Dumping entry 214
Match key:
* hdr.ipv4.dstAddr              : LPM       0a000f2b/32
* standard_metadata.ingress_port: EXACT     0006
Action entry: MyIngress.ipv4_forward - a000f2b,5,

[06:04:59.327] [bmv2] [T] [thread 247327] bm_table_add_entry
[06:04:59.327] [bmv2] [D] [thread 247327] Entry 215 added to table 'MyIngress.ipv4_lpm'
[06:04:59.327] [bmv2] [D] [thread 247327] Dumping entry 215
Match key:
* hdr.ipv4.dstAddr              : LPM       0a000f2c/32
* standard_metadata.ingress_port: EXACT     0001
Action entry: MyIngress.ipv4_forward - a000f2c,5,

[06:04:59.328] [bmv2] [T] [thread 247327] bm_table_add_entry
[06:04:59.328] [bmv2] [D] [thread 247327] Entry 216 added to table 'MyIngress.ipv4_lpm'
[06:04:59.328] [bmv2] [D] [thread 247327] Dumping entry 216
Match key:
* hdr.ipv4.dstAddr              : LPM       0a000f2c/32
* standard_metadata.ingress_port: EXACT     0002
Action entry: MyIngress.ipv4_forward - a000f2c,5,

[06:04:59.329] [bmv2] [T] [thread 247327] bm_table_add_entry
[06:04:59.329] [bmv2] [D] [thread 247327] Entry 217 added to table 'MyIngress.ipv4_lpm'
[06:04:59.329] [bmv2] [D] [thread 247327] Dumping entry 217
Match key:
* hdr.ipv4.dstAddr              : LPM       0a000f2c/32
* standard_metadata.ingress_port: EXACT     0003
Action entry: MyIngress.ipv4_forward - a000f2c,5,

[06:04:59.330] [bmv2] [T] [thread 247327] bm_table_add_entry
[06:04:59.330] [bmv2] [D] [thread 247327] Entry 218 added to table 'MyIngress.ipv4_lpm'
[06:04:59.330] [bmv2] [D] [thread 247327] Dumping entry 218
Match key:
* hdr.ipv4.dstAddr              : LPM       0a000f2c/32
* standard_metadata.ingress_port: EXACT     0004
Action entry: MyIngress.ipv4_forward - a000f2c,5,

[06:04:59.331] [bmv2] [T] [thread 247327] bm_table_add_entry
[06:04:59.331] [bmv2] [D] [thread 247327] Entry 219 added to table 'MyIngress.ipv4_lpm'
[06:04:59.331] [bmv2] [D] [thread 247327] Dumping entry 219
Match key:
* hdr.ipv4.dstAddr              : LPM       0a000f2c/32
* standard_metadata.ingress_port: EXACT     0006
Action entry: MyIngress.ipv4_forward - a000f2c,5,

[06:04:59.331] [bmv2] [T] [thread 247327] bm_table_add_entry
[06:04:59.332] [bmv2] [D] [thread 247327] Entry 220 added to table 'MyIngress.ipv4_lpm'
[06:04:59.332] [bmv2] [D] [thread 247327] Dumping entry 220
Match key:
* hdr.ipv4.dstAddr              : LPM       0a000f2d/32
* standard_metadata.ingress_port: EXACT     0001
Action entry: MyIngress.ipv4_forward - a000f2d,5,

[06:04:59.332] [bmv2] [T] [thread 247327] bm_table_add_entry
[06:04:59.332] [bmv2] [D] [thread 247327] Entry 221 added to table 'MyIngress.ipv4_lpm'
[06:04:59.333] [bmv2] [D] [thread 247327] Dumping entry 221
Match key:
* hdr.ipv4.dstAddr              : LPM       0a000f2d/32
* standard_metadata.ingress_port: EXACT     0002
Action entry: MyIngress.ipv4_forward - a000f2d,5,

[06:04:59.333] [bmv2] [T] [thread 247327] bm_table_add_entry
[06:04:59.333] [bmv2] [D] [thread 247327] Entry 222 added to table 'MyIngress.ipv4_lpm'
[06:04:59.333] [bmv2] [D] [thread 247327] Dumping entry 222
Match key:
* hdr.ipv4.dstAddr              : LPM       0a000f2d/32
* standard_metadata.ingress_port: EXACT     0003
Action entry: MyIngress.ipv4_forward - a000f2d,5,

[06:04:59.334] [bmv2] [T] [thread 247327] bm_table_add_entry
[06:04:59.334] [bmv2] [D] [thread 247327] Entry 223 added to table 'MyIngress.ipv4_lpm'
[06:04:59.334] [bmv2] [D] [thread 247327] Dumping entry 223
Match key:
* hdr.ipv4.dstAddr              : LPM       0a000f2d/32
* standard_metadata.ingress_port: EXACT     0004
Action entry: MyIngress.ipv4_forward - a000f2d,5,

[06:04:59.335] [bmv2] [T] [thread 247327] bm_table_add_entry
[06:04:59.335] [bmv2] [D] [thread 247327] Entry 224 added to table 'MyIngress.ipv4_lpm'
[06:04:59.335] [bmv2] [D] [thread 247327] Dumping entry 224
Match key:
* hdr.ipv4.dstAddr              : LPM       0a000f2d/32
* standard_metadata.ingress_port: EXACT     0006
Action entry: MyIngress.ipv4_forward - a000f2d,5,

[06:04:59.335] [bmv2] [T] [thread 247327] bm_table_add_entry
[06:04:59.335] [bmv2] [D] [thread 247327] Entry 225 added to table 'MyIngress.ipv4_lpm'
[06:04:59.335] [bmv2] [D] [thread 247327] Dumping entry 225
Match key:
* hdr.ipv4.dstAddr              : LPM       0a00102e/32
* standard_metadata.ingress_port: EXACT     0001
Action entry: MyIngress.ipv4_forward - a00102e,6,

[06:04:59.336] [bmv2] [T] [thread 247327] bm_table_add_entry
[06:04:59.336] [bmv2] [D] [thread 247327] Entry 226 added to table 'MyIngress.ipv4_lpm'
[06:04:59.336] [bmv2] [D] [thread 247327] Dumping entry 226
Match key:
* hdr.ipv4.dstAddr              : LPM       0a00102e/32
* standard_metadata.ingress_port: EXACT     0002
Action entry: MyIngress.ipv4_forward - a00102e,6,

[06:04:59.337] [bmv2] [T] [thread 247327] bm_table_add_entry
[06:04:59.337] [bmv2] [D] [thread 247327] Entry 227 added to table 'MyIngress.ipv4_lpm'
[06:04:59.337] [bmv2] [D] [thread 247327] Dumping entry 227
Match key:
* hdr.ipv4.dstAddr              : LPM       0a00102e/32
* standard_metadata.ingress_port: EXACT     0003
Action entry: MyIngress.ipv4_forward - a00102e,6,

[06:04:59.337] [bmv2] [T] [thread 247327] bm_table_add_entry
[06:04:59.338] [bmv2] [D] [thread 247327] Entry 228 added to table 'MyIngress.ipv4_lpm'
[06:04:59.338] [bmv2] [D] [thread 247327] Dumping entry 228
Match key:
* hdr.ipv4.dstAddr              : LPM       0a00102e/32
* standard_metadata.ingress_port: EXACT     0004
Action entry: MyIngress.ipv4_forward - a00102e,6,

[06:04:59.338] [bmv2] [T] [thread 247327] bm_table_add_entry
[06:04:59.338] [bmv2] [D] [thread 247327] Entry 229 added to table 'MyIngress.ipv4_lpm'
[06:04:59.338] [bmv2] [D] [thread 247327] Dumping entry 229
Match key:
* hdr.ipv4.dstAddr              : LPM       0a00102e/32
* standard_metadata.ingress_port: EXACT     0005
Action entry: MyIngress.ipv4_forward - a00102e,6,

[06:04:59.339] [bmv2] [T] [thread 247327] bm_table_add_entry
[06:04:59.339] [bmv2] [D] [thread 247327] Entry 230 added to table 'MyIngress.ipv4_lpm'
[06:04:59.339] [bmv2] [D] [thread 247327] Dumping entry 230
Match key:
* hdr.ipv4.dstAddr              : LPM       0a00102f/32
* standard_metadata.ingress_port: EXACT     0001
Action entry: MyIngress.ipv4_forward - a00102f,6,

[06:04:59.340] [bmv2] [T] [thread 247327] bm_table_add_entry
[06:04:59.340] [bmv2] [D] [thread 247327] Entry 231 added to table 'MyIngress.ipv4_lpm'
[06:04:59.340] [bmv2] [D] [thread 247327] Dumping entry 231
Match key:
* hdr.ipv4.dstAddr              : LPM       0a00102f/32
* standard_metadata.ingress_port: EXACT     0002
Action entry: MyIngress.ipv4_forward - a00102f,6,

[06:04:59.341] [bmv2] [T] [thread 247327] bm_table_add_entry
[06:04:59.341] [bmv2] [D] [thread 247327] Entry 232 added to table 'MyIngress.ipv4_lpm'
[06:04:59.341] [bmv2] [D] [thread 247327] Dumping entry 232
Match key:
* hdr.ipv4.dstAddr              : LPM       0a00102f/32
* standard_metadata.ingress_port: EXACT     0003
Action entry: MyIngress.ipv4_forward - a00102f,6,

[06:04:59.341] [bmv2] [T] [thread 247327] bm_table_add_entry
[06:04:59.342] [bmv2] [D] [thread 247327] Entry 233 added to table 'MyIngress.ipv4_lpm'
[06:04:59.342] [bmv2] [D] [thread 247327] Dumping entry 233
Match key:
* hdr.ipv4.dstAddr              : LPM       0a00102f/32
* standard_metadata.ingress_port: EXACT     0004
Action entry: MyIngress.ipv4_forward - a00102f,6,

[06:04:59.342] [bmv2] [T] [thread 247327] bm_table_add_entry
[06:04:59.342] [bmv2] [D] [thread 247327] Entry 234 added to table 'MyIngress.ipv4_lpm'
[06:04:59.342] [bmv2] [D] [thread 247327] Dumping entry 234
Match key:
* hdr.ipv4.dstAddr              : LPM       0a00102f/32
* standard_metadata.ingress_port: EXACT     0005
Action entry: MyIngress.ipv4_forward - a00102f,6,

[06:04:59.343] [bmv2] [T] [thread 247327] bm_table_add_entry
[06:04:59.343] [bmv2] [D] [thread 247327] Entry 235 added to table 'MyIngress.ipv4_lpm'
[06:04:59.343] [bmv2] [D] [thread 247327] Dumping entry 235
Match key:
* hdr.ipv4.dstAddr              : LPM       0a001030/32
* standard_metadata.ingress_port: EXACT     0001
Action entry: MyIngress.ipv4_forward - a001030,6,

[06:04:59.343] [bmv2] [T] [thread 247327] bm_table_add_entry
[06:04:59.344] [bmv2] [D] [thread 247327] Entry 236 added to table 'MyIngress.ipv4_lpm'
[06:04:59.344] [bmv2] [D] [thread 247327] Dumping entry 236
Match key:
* hdr.ipv4.dstAddr              : LPM       0a001030/32
* standard_metadata.ingress_port: EXACT     0002
Action entry: MyIngress.ipv4_forward - a001030,6,

[06:04:59.344] [bmv2] [T] [thread 247327] bm_table_add_entry
[06:04:59.344] [bmv2] [D] [thread 247327] Entry 237 added to table 'MyIngress.ipv4_lpm'
[06:04:59.344] [bmv2] [D] [thread 247327] Dumping entry 237
Match key:
* hdr.ipv4.dstAddr              : LPM       0a001030/32
* standard_metadata.ingress_port: EXACT     0003
Action entry: MyIngress.ipv4_forward - a001030,6,

[06:04:59.345] [bmv2] [T] [thread 247327] bm_table_add_entry
[06:04:59.345] [bmv2] [D] [thread 247327] Entry 238 added to table 'MyIngress.ipv4_lpm'
[06:04:59.345] [bmv2] [D] [thread 247327] Dumping entry 238
Match key:
* hdr.ipv4.dstAddr              : LPM       0a001030/32
* standard_metadata.ingress_port: EXACT     0004
Action entry: MyIngress.ipv4_forward - a001030,6,

[06:04:59.346] [bmv2] [T] [thread 247327] bm_table_add_entry
[06:04:59.346] [bmv2] [D] [thread 247327] Entry 239 added to table 'MyIngress.ipv4_lpm'
[06:04:59.346] [bmv2] [D] [thread 247327] Dumping entry 239
Match key:
* hdr.ipv4.dstAddr              : LPM       0a001030/32
* standard_metadata.ingress_port: EXACT     0005
Action entry: MyIngress.ipv4_forward - a001030,6,

[06:04:59.347] [bmv2] [T] [thread 247327] bm_table_add_entry
[06:04:59.347] [bmv2] [D] [thread 247327] Entry 240 added to table 'MyIngress.ipv4_lpm'
[06:04:59.347] [bmv2] [D] [thread 247327] Dumping entry 240
Match key:
* hdr.ipv4.dstAddr              : LPM       0a001131/32
* standard_metadata.ingress_port: EXACT     0001
Action entry: MyIngress.ipv4_forward - a001131,6,

[06:04:59.347] [bmv2] [T] [thread 247327] bm_table_add_entry
[06:04:59.348] [bmv2] [D] [thread 247327] Entry 241 added to table 'MyIngress.ipv4_lpm'
[06:04:59.348] [bmv2] [D] [thread 247327] Dumping entry 241
Match key:
* hdr.ipv4.dstAddr              : LPM       0a001131/32
* standard_metadata.ingress_port: EXACT     0002
Action entry: MyIngress.ipv4_forward - a001131,6,

[06:04:59.348] [bmv2] [T] [thread 247327] bm_table_add_entry
[06:04:59.349] [bmv2] [D] [thread 247327] Entry 242 added to table 'MyIngress.ipv4_lpm'
[06:04:59.349] [bmv2] [D] [thread 247327] Dumping entry 242
Match key:
* hdr.ipv4.dstAddr              : LPM       0a001131/32
* standard_metadata.ingress_port: EXACT     0003
Action entry: MyIngress.ipv4_forward - a001131,6,

[06:04:59.349] [bmv2] [T] [thread 247327] bm_table_add_entry
[06:04:59.349] [bmv2] [D] [thread 247327] Entry 243 added to table 'MyIngress.ipv4_lpm'
[06:04:59.349] [bmv2] [D] [thread 247327] Dumping entry 243
Match key:
* hdr.ipv4.dstAddr              : LPM       0a001131/32
* standard_metadata.ingress_port: EXACT     0004
Action entry: MyIngress.ipv4_forward - a001131,6,

[06:04:59.350] [bmv2] [T] [thread 247327] bm_table_add_entry
[06:04:59.350] [bmv2] [D] [thread 247327] Entry 244 added to table 'MyIngress.ipv4_lpm'
[06:04:59.350] [bmv2] [D] [thread 247327] Dumping entry 244
Match key:
* hdr.ipv4.dstAddr              : LPM       0a001131/32
* standard_metadata.ingress_port: EXACT     0005
Action entry: MyIngress.ipv4_forward - a001131,6,

[06:04:59.351] [bmv2] [T] [thread 247327] bm_table_add_entry
[06:04:59.351] [bmv2] [D] [thread 247327] Entry 245 added to table 'MyIngress.ipv4_lpm'
[06:04:59.351] [bmv2] [D] [thread 247327] Dumping entry 245
Match key:
* hdr.ipv4.dstAddr              : LPM       0a001132/32
* standard_metadata.ingress_port: EXACT     0001
Action entry: MyIngress.ipv4_forward - a001132,6,

[06:04:59.351] [bmv2] [T] [thread 247327] bm_table_add_entry
[06:04:59.351] [bmv2] [D] [thread 247327] Entry 246 added to table 'MyIngress.ipv4_lpm'
[06:04:59.351] [bmv2] [D] [thread 247327] Dumping entry 246
Match key:
* hdr.ipv4.dstAddr              : LPM       0a001132/32
* standard_metadata.ingress_port: EXACT     0002
Action entry: MyIngress.ipv4_forward - a001132,6,

[06:04:59.352] [bmv2] [T] [thread 247327] bm_table_add_entry
[06:04:59.352] [bmv2] [D] [thread 247327] Entry 247 added to table 'MyIngress.ipv4_lpm'
[06:04:59.352] [bmv2] [D] [thread 247327] Dumping entry 247
Match key:
* hdr.ipv4.dstAddr              : LPM       0a001132/32
* standard_metadata.ingress_port: EXACT     0003
Action entry: MyIngress.ipv4_forward - a001132,6,

[06:04:59.353] [bmv2] [T] [thread 247327] bm_table_add_entry
[06:04:59.353] [bmv2] [D] [thread 247327] Entry 248 added to table 'MyIngress.ipv4_lpm'
[06:04:59.353] [bmv2] [D] [thread 247327] Dumping entry 248
Match key:
* hdr.ipv4.dstAddr              : LPM       0a001132/32
* standard_metadata.ingress_port: EXACT     0004
Action entry: MyIngress.ipv4_forward - a001132,6,

[06:04:59.353] [bmv2] [T] [thread 247327] bm_table_add_entry
[06:04:59.354] [bmv2] [D] [thread 247327] Entry 249 added to table 'MyIngress.ipv4_lpm'
[06:04:59.354] [bmv2] [D] [thread 247327] Dumping entry 249
Match key:
* hdr.ipv4.dstAddr              : LPM       0a001132/32
* standard_metadata.ingress_port: EXACT     0005
Action entry: MyIngress.ipv4_forward - a001132,6,

[06:04:59.354] [bmv2] [T] [thread 247327] bm_table_add_entry
[06:04:59.354] [bmv2] [D] [thread 247327] Entry 250 added to table 'MyIngress.ipv4_lpm'
[06:04:59.354] [bmv2] [D] [thread 247327] Dumping entry 250
Match key:
* hdr.ipv4.dstAddr              : LPM       0a001133/32
* standard_metadata.ingress_port: EXACT     0001
Action entry: MyIngress.ipv4_forward - a001133,6,

[06:04:59.355] [bmv2] [T] [thread 247327] bm_table_add_entry
[06:04:59.355] [bmv2] [D] [thread 247327] Entry 251 added to table 'MyIngress.ipv4_lpm'
[06:04:59.355] [bmv2] [D] [thread 247327] Dumping entry 251
Match key:
* hdr.ipv4.dstAddr              : LPM       0a001133/32
* standard_metadata.ingress_port: EXACT     0002
Action entry: MyIngress.ipv4_forward - a001133,6,

[06:04:59.356] [bmv2] [T] [thread 247327] bm_table_add_entry
[06:04:59.356] [bmv2] [D] [thread 247327] Entry 252 added to table 'MyIngress.ipv4_lpm'
[06:04:59.356] [bmv2] [D] [thread 247327] Dumping entry 252
Match key:
* hdr.ipv4.dstAddr              : LPM       0a001133/32
* standard_metadata.ingress_port: EXACT     0003
Action entry: MyIngress.ipv4_forward - a001133,6,

[06:04:59.356] [bmv2] [T] [thread 247327] bm_table_add_entry
[06:04:59.357] [bmv2] [D] [thread 247327] Entry 253 added to table 'MyIngress.ipv4_lpm'
[06:04:59.357] [bmv2] [D] [thread 247327] Dumping entry 253
Match key:
* hdr.ipv4.dstAddr              : LPM       0a001133/32
* standard_metadata.ingress_port: EXACT     0004
Action entry: MyIngress.ipv4_forward - a001133,6,

[06:04:59.357] [bmv2] [T] [thread 247327] bm_table_add_entry
[06:04:59.357] [bmv2] [D] [thread 247327] Entry 254 added to table 'MyIngress.ipv4_lpm'
[06:04:59.358] [bmv2] [D] [thread 247327] Dumping entry 254
Match key:
* hdr.ipv4.dstAddr              : LPM       0a001133/32
* standard_metadata.ingress_port: EXACT     0005
Action entry: MyIngress.ipv4_forward - a001133,6,

[06:04:59.358] [bmv2] [T] [thread 247327] bm_table_add_entry
[06:04:59.358] [bmv2] [D] [thread 247327] Entry 255 added to table 'MyIngress.ipv4_lpm'
[06:04:59.358] [bmv2] [D] [thread 247327] Dumping entry 255
Match key:
* hdr.ipv4.dstAddr              : LPM       0a001234/32
* standard_metadata.ingress_port: EXACT     0001
Action entry: MyIngress.ipv4_forward - a001234,6,

[06:04:59.359] [bmv2] [T] [thread 247327] bm_table_add_entry
[06:04:59.359] [bmv2] [D] [thread 247327] Entry 256 added to table 'MyIngress.ipv4_lpm'
[06:04:59.359] [bmv2] [D] [thread 247327] Dumping entry 256
Match key:
* hdr.ipv4.dstAddr              : LPM       0a001234/32
* standard_metadata.ingress_port: EXACT     0002
Action entry: MyIngress.ipv4_forward - a001234,6,

[06:04:59.360] [bmv2] [T] [thread 247327] bm_table_add_entry
[06:04:59.360] [bmv2] [D] [thread 247327] Entry 257 added to table 'MyIngress.ipv4_lpm'
[06:04:59.360] [bmv2] [D] [thread 247327] Dumping entry 257
Match key:
* hdr.ipv4.dstAddr              : LPM       0a001234/32
* standard_metadata.ingress_port: EXACT     0003
Action entry: MyIngress.ipv4_forward - a001234,6,

[06:04:59.361] [bmv2] [T] [thread 247327] bm_table_add_entry
[06:04:59.361] [bmv2] [D] [thread 247327] Entry 258 added to table 'MyIngress.ipv4_lpm'
[06:04:59.361] [bmv2] [D] [thread 247327] Dumping entry 258
Match key:
* hdr.ipv4.dstAddr              : LPM       0a001234/32
* standard_metadata.ingress_port: EXACT     0004
Action entry: MyIngress.ipv4_forward - a001234,6,

[06:04:59.362] [bmv2] [T] [thread 247327] bm_table_add_entry
[06:04:59.362] [bmv2] [D] [thread 247327] Entry 259 added to table 'MyIngress.ipv4_lpm'
[06:04:59.362] [bmv2] [D] [thread 247327] Dumping entry 259
Match key:
* hdr.ipv4.dstAddr              : LPM       0a001234/32
* standard_metadata.ingress_port: EXACT     0005
Action entry: MyIngress.ipv4_forward - a001234,6,

[06:04:59.363] [bmv2] [T] [thread 247327] bm_table_add_entry
[06:04:59.363] [bmv2] [D] [thread 247327] Entry 260 added to table 'MyIngress.ipv4_lpm'
[06:04:59.363] [bmv2] [D] [thread 247327] Dumping entry 260
Match key:
* hdr.ipv4.dstAddr              : LPM       0a001235/32
* standard_metadata.ingress_port: EXACT     0001
Action entry: MyIngress.ipv4_forward - a001235,6,

[06:04:59.363] [bmv2] [T] [thread 247327] bm_table_add_entry
[06:04:59.364] [bmv2] [D] [thread 247327] Entry 261 added to table 'MyIngress.ipv4_lpm'
[06:04:59.364] [bmv2] [D] [thread 247327] Dumping entry 261
Match key:
* hdr.ipv4.dstAddr              : LPM       0a001235/32
* standard_metadata.ingress_port: EXACT     0002
Action entry: MyIngress.ipv4_forward - a001235,6,

[06:04:59.364] [bmv2] [T] [thread 247327] bm_table_add_entry
[06:04:59.364] [bmv2] [D] [thread 247327] Entry 262 added to table 'MyIngress.ipv4_lpm'
[06:04:59.364] [bmv2] [D] [thread 247327] Dumping entry 262
Match key:
* hdr.ipv4.dstAddr              : LPM       0a001235/32
* standard_metadata.ingress_port: EXACT     0003
Action entry: MyIngress.ipv4_forward - a001235,6,

[06:04:59.365] [bmv2] [T] [thread 247327] bm_table_add_entry
[06:04:59.365] [bmv2] [D] [thread 247327] Entry 263 added to table 'MyIngress.ipv4_lpm'
[06:04:59.365] [bmv2] [D] [thread 247327] Dumping entry 263
Match key:
* hdr.ipv4.dstAddr              : LPM       0a001235/32
* standard_metadata.ingress_port: EXACT     0004
Action entry: MyIngress.ipv4_forward - a001235,6,

[06:04:59.366] [bmv2] [T] [thread 247327] bm_table_add_entry
[06:04:59.366] [bmv2] [D] [thread 247327] Entry 264 added to table 'MyIngress.ipv4_lpm'
[06:04:59.366] [bmv2] [D] [thread 247327] Dumping entry 264
Match key:
* hdr.ipv4.dstAddr              : LPM       0a001235/32
* standard_metadata.ingress_port: EXACT     0005
Action entry: MyIngress.ipv4_forward - a001235,6,

[06:04:59.366] [bmv2] [T] [thread 247327] bm_table_add_entry
[06:04:59.367] [bmv2] [D] [thread 247327] Entry 265 added to table 'MyIngress.ipv4_lpm'
[06:04:59.367] [bmv2] [D] [thread 247327] Dumping entry 265
Match key:
* hdr.ipv4.dstAddr              : LPM       0a001236/32
* standard_metadata.ingress_port: EXACT     0001
Action entry: MyIngress.ipv4_forward - a001236,6,

[06:04:59.367] [bmv2] [T] [thread 247327] bm_table_add_entry
[06:04:59.367] [bmv2] [D] [thread 247327] Entry 266 added to table 'MyIngress.ipv4_lpm'
[06:04:59.367] [bmv2] [D] [thread 247327] Dumping entry 266
Match key:
* hdr.ipv4.dstAddr              : LPM       0a001236/32
* standard_metadata.ingress_port: EXACT     0002
Action entry: MyIngress.ipv4_forward - a001236,6,

[06:04:59.368] [bmv2] [T] [thread 247327] bm_table_add_entry
[06:04:59.368] [bmv2] [D] [thread 247327] Entry 267 added to table 'MyIngress.ipv4_lpm'
[06:04:59.368] [bmv2] [D] [thread 247327] Dumping entry 267
Match key:
* hdr.ipv4.dstAddr              : LPM       0a001236/32
* standard_metadata.ingress_port: EXACT     0003
Action entry: MyIngress.ipv4_forward - a001236,6,

[06:04:59.369] [bmv2] [T] [thread 247327] bm_table_add_entry
[06:04:59.369] [bmv2] [D] [thread 247327] Entry 268 added to table 'MyIngress.ipv4_lpm'
[06:04:59.369] [bmv2] [D] [thread 247327] Dumping entry 268
Match key:
* hdr.ipv4.dstAddr              : LPM       0a001236/32
* standard_metadata.ingress_port: EXACT     0004
Action entry: MyIngress.ipv4_forward - a001236,6,

[06:04:59.370] [bmv2] [T] [thread 247327] bm_table_add_entry
[06:04:59.370] [bmv2] [D] [thread 247327] Entry 269 added to table 'MyIngress.ipv4_lpm'
[06:04:59.370] [bmv2] [D] [thread 247327] Dumping entry 269
Match key:
* hdr.ipv4.dstAddr              : LPM       0a001236/32
* standard_metadata.ingress_port: EXACT     0005
Action entry: MyIngress.ipv4_forward - a001236,6,

[06:04:59.370] [bmv2] [T] [thread 247327] bm_set_default_action
[06:04:59.371] [bmv2] [D] [thread 247327] Set default entry for table 'MyEgress.tbl_prime': MyEgress.prime_multiply - a3,
[06:04:59.371] [bmv2] [T] [thread 247327] bm_set_default_action
[06:04:59.371] [bmv2] [D] [thread 247327] Set default entry for table 'MyEgress.swtrace': MyEgress.add_swtrace - 26,
