Warning: you requested the nanomsg event logger, but bmv2 was compiled without -DBMELOG, and the event logger cannot be activated
Calling target program-options parser
[06:04:46.408] [bmv2] [D] [thread 245420] Set default default entry for table 'MyIngress.ipv4_lpm': MyIngress.drop - 
[06:04:46.408] [bmv2] [D] [thread 245420] Set default default entry for table 'MyIngress.tb_set_role': NoAction - 
[06:04:46.408] [bmv2] [D] [thread 245420] Set default default entry for table 'MyEgress.tbl_prime': NoAction - 
[06:04:46.408] [bmv2] [D] [thread 245420] Set default default entry for table 'MyEgress.swtrace': NoAction - 
Adding interface s45-eth1 as port 1
[06:04:46.410] [bmv2] [D] [thread 245420] Adding interface s45-eth1 as port 1
Adding interface s45-eth2 as port 2
[06:04:46.477] [bmv2] [D] [thread 245420] Adding interface s45-eth2 as port 2
Adding interface s45-eth3 as port 3
[06:04:46.544] [bmv2] [D] [thread 245420] Adding interface s45-eth3 as port 3
Adding interface s45-eth4 as port 4
[06:04:46.625] [bmv2] [D] [thread 245420] Adding interface s45-eth4 as port 4
Adding interface s45-eth5 as port 5
[06:04:46.689] [bmv2] [D] [thread 245420] Adding interface s45-eth5 as port 5
Adding interface s45-eth6 as port 6
[06:04:46.722] [bmv2] [D] [thread 245420] Adding interface s45-eth6 as port 6
Adding interface s45-cpu-eth0 as port 7
[06:04:46.727] [bmv2] [D] [thread 245420] Adding interface s45-cpu-eth0 as port 7
[06:04:46.731] [bmv2] [I] [thread 245420] Starting Thrift server on port 9134
[06:04:46.731] [bmv2] [I] [thread 245420] Thrift server was started
[06:05:01.118] [bmv2] [T] [thread 247357] bm_get_config
[06:05:01.121] [bmv2] [T] [thread 247357] bm_table_add_entry
[06:05:01.121] [bmv2] [D] [thread 247357] Entry 0 added to table 'MyIngress.ipv4_lpm'
[06:05:01.121] [bmv2] [D] [thread 247357] Dumping entry 0
Match key:
* hdr.ipv4.dstAddr              : LPM       0a000101/32
* standard_metadata.ingress_port: EXACT     0002
Action entry: MyIngress.ipv4_forward - a000101,1,

[06:05:01.122] [bmv2] [T] [thread 247357] bm_table_add_entry
[06:05:01.122] [bmv2] [D] [thread 247357] Entry 1 added to table 'MyIngress.ipv4_lpm'
[06:05:01.122] [bmv2] [D] [thread 247357] Dumping entry 1
Match key:
* hdr.ipv4.dstAddr              : LPM       0a000101/32
* standard_metadata.ingress_port: EXACT     0003
Action entry: MyIngress.ipv4_forward - a000101,1,

[06:05:01.123] [bmv2] [T] [thread 247357] bm_table_add_entry
[06:05:01.123] [bmv2] [D] [thread 247357] Entry 2 added to table 'MyIngress.ipv4_lpm'
[06:05:01.123] [bmv2] [D] [thread 247357] Dumping entry 2
Match key:
* hdr.ipv4.dstAddr              : LPM       0a000101/32
* standard_metadata.ingress_port: EXACT     0004
Action entry: MyIngress.ipv4_forward - a000101,1,

[06:05:01.124] [bmv2] [T] [thread 247357] bm_table_add_entry
[06:05:01.124] [bmv2] [D] [thread 247357] Entry 3 added to table 'MyIngress.ipv4_lpm'
[06:05:01.124] [bmv2] [D] [thread 247357] Dumping entry 3
Match key:
* hdr.ipv4.dstAddr              : LPM       0a000101/32
* standard_metadata.ingress_port: EXACT     0005
Action entry: MyIngress.ipv4_forward - a000101,1,

[06:05:01.125] [bmv2] [T] [thread 247357] bm_table_add_entry
[06:05:01.125] [bmv2] [D] [thread 247357] Entry 4 added to table 'MyIngress.ipv4_lpm'
[06:05:01.126] [bmv2] [D] [thread 247357] Dumping entry 4
Match key:
* hdr.ipv4.dstAddr              : LPM       0a000101/32
* standard_metadata.ingress_port: EXACT     0006
Action entry: MyIngress.ipv4_forward - a000101,1,

[06:05:01.126] [bmv2] [T] [thread 247357] bm_table_add_entry
[06:05:01.126] [bmv2] [D] [thread 247357] Entry 5 added to table 'MyIngress.ipv4_lpm'
[06:05:01.126] [bmv2] [D] [thread 247357] Dumping entry 5
Match key:
* hdr.ipv4.dstAddr              : LPM       0a000102/32
* standard_metadata.ingress_port: EXACT     0002
Action entry: MyIngress.ipv4_forward - a000102,1,

[06:05:01.127] [bmv2] [T] [thread 247357] bm_table_add_entry
[06:05:01.127] [bmv2] [D] [thread 247357] Entry 6 added to table 'MyIngress.ipv4_lpm'
[06:05:01.127] [bmv2] [D] [thread 247357] Dumping entry 6
Match key:
* hdr.ipv4.dstAddr              : LPM       0a000102/32
* standard_metadata.ingress_port: EXACT     0003
Action entry: MyIngress.ipv4_forward - a000102,1,

[06:05:01.128] [bmv2] [T] [thread 247357] bm_table_add_entry
[06:05:01.128] [bmv2] [D] [thread 247357] Entry 7 added to table 'MyIngress.ipv4_lpm'
[06:05:01.128] [bmv2] [D] [thread 247357] Dumping entry 7
Match key:
* hdr.ipv4.dstAddr              : LPM       0a000102/32
* standard_metadata.ingress_port: EXACT     0004
Action entry: MyIngress.ipv4_forward - a000102,1,

[06:05:01.128] [bmv2] [T] [thread 247357] bm_table_add_entry
[06:05:01.129] [bmv2] [D] [thread 247357] Entry 8 added to table 'MyIngress.ipv4_lpm'
[06:05:01.129] [bmv2] [D] [thread 247357] Dumping entry 8
Match key:
* hdr.ipv4.dstAddr              : LPM       0a000102/32
* standard_metadata.ingress_port: EXACT     0005
Action entry: MyIngress.ipv4_forward - a000102,1,

[06:05:01.130] [bmv2] [T] [thread 247357] bm_table_add_entry
[06:05:01.130] [bmv2] [D] [thread 247357] Entry 9 added to table 'MyIngress.ipv4_lpm'
[06:05:01.130] [bmv2] [D] [thread 247357] Dumping entry 9
Match key:
* hdr.ipv4.dstAddr              : LPM       0a000102/32
* standard_metadata.ingress_port: EXACT     0006
Action entry: MyIngress.ipv4_forward - a000102,1,

[06:05:01.130] [bmv2] [T] [thread 247357] bm_table_add_entry
[06:05:01.131] [bmv2] [D] [thread 247357] Entry 10 added to table 'MyIngress.ipv4_lpm'
[06:05:01.131] [bmv2] [D] [thread 247357] Dumping entry 10
Match key:
* hdr.ipv4.dstAddr              : LPM       0a000103/32
* standard_metadata.ingress_port: EXACT     0002
Action entry: MyIngress.ipv4_forward - a000103,1,

[06:05:01.131] [bmv2] [T] [thread 247357] bm_table_add_entry
[06:05:01.131] [bmv2] [D] [thread 247357] Entry 11 added to table 'MyIngress.ipv4_lpm'
[06:05:01.132] [bmv2] [D] [thread 247357] Dumping entry 11
Match key:
* hdr.ipv4.dstAddr              : LPM       0a000103/32
* standard_metadata.ingress_port: EXACT     0003
Action entry: MyIngress.ipv4_forward - a000103,1,

[06:05:01.132] [bmv2] [T] [thread 247357] bm_table_add_entry
[06:05:01.132] [bmv2] [D] [thread 247357] Entry 12 added to table 'MyIngress.ipv4_lpm'
[06:05:01.132] [bmv2] [D] [thread 247357] Dumping entry 12
Match key:
* hdr.ipv4.dstAddr              : LPM       0a000103/32
* standard_metadata.ingress_port: EXACT     0004
Action entry: MyIngress.ipv4_forward - a000103,1,

[06:05:01.133] [bmv2] [T] [thread 247357] bm_table_add_entry
[06:05:01.133] [bmv2] [D] [thread 247357] Entry 13 added to table 'MyIngress.ipv4_lpm'
[06:05:01.133] [bmv2] [D] [thread 247357] Dumping entry 13
Match key:
* hdr.ipv4.dstAddr              : LPM       0a000103/32
* standard_metadata.ingress_port: EXACT     0005
Action entry: MyIngress.ipv4_forward - a000103,1,

[06:05:01.134] [bmv2] [T] [thread 247357] bm_table_add_entry
[06:05:01.134] [bmv2] [D] [thread 247357] Entry 14 added to table 'MyIngress.ipv4_lpm'
[06:05:01.134] [bmv2] [D] [thread 247357] Dumping entry 14
Match key:
* hdr.ipv4.dstAddr              : LPM       0a000103/32
* standard_metadata.ingress_port: EXACT     0006
Action entry: MyIngress.ipv4_forward - a000103,1,

[06:05:01.134] [bmv2] [T] [thread 247357] bm_table_add_entry
[06:05:01.135] [bmv2] [D] [thread 247357] Entry 15 added to table 'MyIngress.ipv4_lpm'
[06:05:01.135] [bmv2] [D] [thread 247357] Dumping entry 15
Match key:
* hdr.ipv4.dstAddr              : LPM       0a000204/32
* standard_metadata.ingress_port: EXACT     0002
Action entry: MyIngress.ipv4_forward - a000204,1,

[06:05:01.135] [bmv2] [T] [thread 247357] bm_table_add_entry
[06:05:01.135] [bmv2] [D] [thread 247357] Entry 16 added to table 'MyIngress.ipv4_lpm'
[06:05:01.135] [bmv2] [D] [thread 247357] Dumping entry 16
Match key:
* hdr.ipv4.dstAddr              : LPM       0a000204/32
* standard_metadata.ingress_port: EXACT     0003
Action entry: MyIngress.ipv4_forward - a000204,1,

[06:05:01.136] [bmv2] [T] [thread 247357] bm_table_add_entry
[06:05:01.136] [bmv2] [D] [thread 247357] Entry 17 added to table 'MyIngress.ipv4_lpm'
[06:05:01.136] [bmv2] [D] [thread 247357] Dumping entry 17
Match key:
* hdr.ipv4.dstAddr              : LPM       0a000204/32
* standard_metadata.ingress_port: EXACT     0004
Action entry: MyIngress.ipv4_forward - a000204,1,

[06:05:01.137] [bmv2] [T] [thread 247357] bm_table_add_entry
[06:05:01.137] [bmv2] [D] [thread 247357] Entry 18 added to table 'MyIngress.ipv4_lpm'
[06:05:01.137] [bmv2] [D] [thread 247357] Dumping entry 18
Match key:
* hdr.ipv4.dstAddr              : LPM       0a000204/32
* standard_metadata.ingress_port: EXACT     0005
Action entry: MyIngress.ipv4_forward - a000204,1,

[06:05:01.138] [bmv2] [T] [thread 247357] bm_table_add_entry
[06:05:01.138] [bmv2] [D] [thread 247357] Entry 19 added to table 'MyIngress.ipv4_lpm'
[06:05:01.138] [bmv2] [D] [thread 247357] Dumping entry 19
Match key:
* hdr.ipv4.dstAddr              : LPM       0a000204/32
* standard_metadata.ingress_port: EXACT     0006
Action entry: MyIngress.ipv4_forward - a000204,1,

[06:05:01.139] [bmv2] [T] [thread 247357] bm_table_add_entry
[06:05:01.139] [bmv2] [D] [thread 247357] Entry 20 added to table 'MyIngress.ipv4_lpm'
[06:05:01.139] [bmv2] [D] [thread 247357] Dumping entry 20
Match key:
* hdr.ipv4.dstAddr              : LPM       0a000205/32
* standard_metadata.ingress_port: EXACT     0002
Action entry: MyIngress.ipv4_forward - a000205,1,

[06:05:01.139] [bmv2] [T] [thread 247357] bm_table_add_entry
[06:05:01.139] [bmv2] [D] [thread 247357] Entry 21 added to table 'MyIngress.ipv4_lpm'
[06:05:01.139] [bmv2] [D] [thread 247357] Dumping entry 21
Match key:
* hdr.ipv4.dstAddr              : LPM       0a000205/32
* standard_metadata.ingress_port: EXACT     0003
Action entry: MyIngress.ipv4_forward - a000205,1,

[06:05:01.140] [bmv2] [T] [thread 247357] bm_table_add_entry
[06:05:01.140] [bmv2] [D] [thread 247357] Entry 22 added to table 'MyIngress.ipv4_lpm'
[06:05:01.140] [bmv2] [D] [thread 247357] Dumping entry 22
Match key:
* hdr.ipv4.dstAddr              : LPM       0a000205/32
* standard_metadata.ingress_port: EXACT     0004
Action entry: MyIngress.ipv4_forward - a000205,1,

[06:05:01.141] [bmv2] [T] [thread 247357] bm_table_add_entry
[06:05:01.141] [bmv2] [D] [thread 247357] Entry 23 added to table 'MyIngress.ipv4_lpm'
[06:05:01.141] [bmv2] [D] [thread 247357] Dumping entry 23
Match key:
* hdr.ipv4.dstAddr              : LPM       0a000205/32
* standard_metadata.ingress_port: EXACT     0005
Action entry: MyIngress.ipv4_forward - a000205,1,

[06:05:01.142] [bmv2] [T] [thread 247357] bm_table_add_entry
[06:05:01.142] [bmv2] [D] [thread 247357] Entry 24 added to table 'MyIngress.ipv4_lpm'
[06:05:01.142] [bmv2] [D] [thread 247357] Dumping entry 24
Match key:
* hdr.ipv4.dstAddr              : LPM       0a000205/32
* standard_metadata.ingress_port: EXACT     0006
Action entry: MyIngress.ipv4_forward - a000205,1,

[06:05:01.142] [bmv2] [T] [thread 247357] bm_table_add_entry
[06:05:01.142] [bmv2] [D] [thread 247357] Entry 25 added to table 'MyIngress.ipv4_lpm'
[06:05:01.143] [bmv2] [D] [thread 247357] Dumping entry 25
Match key:
* hdr.ipv4.dstAddr              : LPM       0a000206/32
* standard_metadata.ingress_port: EXACT     0002
Action entry: MyIngress.ipv4_forward - a000206,1,

[06:05:01.143] [bmv2] [T] [thread 247357] bm_table_add_entry
[06:05:01.143] [bmv2] [D] [thread 247357] Entry 26 added to table 'MyIngress.ipv4_lpm'
[06:05:01.143] [bmv2] [D] [thread 247357] Dumping entry 26
Match key:
* hdr.ipv4.dstAddr              : LPM       0a000206/32
* standard_metadata.ingress_port: EXACT     0003
Action entry: MyIngress.ipv4_forward - a000206,1,

[06:05:01.144] [bmv2] [T] [thread 247357] bm_table_add_entry
[06:05:01.144] [bmv2] [D] [thread 247357] Entry 27 added to table 'MyIngress.ipv4_lpm'
[06:05:01.144] [bmv2] [D] [thread 247357] Dumping entry 27
Match key:
* hdr.ipv4.dstAddr              : LPM       0a000206/32
* standard_metadata.ingress_port: EXACT     0004
Action entry: MyIngress.ipv4_forward - a000206,1,

[06:05:01.145] [bmv2] [T] [thread 247357] bm_table_add_entry
[06:05:01.145] [bmv2] [D] [thread 247357] Entry 28 added to table 'MyIngress.ipv4_lpm'
[06:05:01.145] [bmv2] [D] [thread 247357] Dumping entry 28
Match key:
* hdr.ipv4.dstAddr              : LPM       0a000206/32
* standard_metadata.ingress_port: EXACT     0005
Action entry: MyIngress.ipv4_forward - a000206,1,

[06:05:01.145] [bmv2] [T] [thread 247357] bm_table_add_entry
[06:05:01.146] [bmv2] [D] [thread 247357] Entry 29 added to table 'MyIngress.ipv4_lpm'
[06:05:01.146] [bmv2] [D] [thread 247357] Dumping entry 29
Match key:
* hdr.ipv4.dstAddr              : LPM       0a000206/32
* standard_metadata.ingress_port: EXACT     0006
Action entry: MyIngress.ipv4_forward - a000206,1,

[06:05:01.146] [bmv2] [T] [thread 247357] bm_table_add_entry
[06:05:01.146] [bmv2] [D] [thread 247357] Entry 30 added to table 'MyIngress.ipv4_lpm'
[06:05:01.146] [bmv2] [D] [thread 247357] Dumping entry 30
Match key:
* hdr.ipv4.dstAddr              : LPM       0a000307/32
* standard_metadata.ingress_port: EXACT     0002
Action entry: MyIngress.ipv4_forward - a000307,1,

[06:05:01.147] [bmv2] [T] [thread 247357] bm_table_add_entry
[06:05:01.147] [bmv2] [D] [thread 247357] Entry 31 added to table 'MyIngress.ipv4_lpm'
[06:05:01.147] [bmv2] [D] [thread 247357] Dumping entry 31
Match key:
* hdr.ipv4.dstAddr              : LPM       0a000307/32
* standard_metadata.ingress_port: EXACT     0003
Action entry: MyIngress.ipv4_forward - a000307,1,

[06:05:01.147] [bmv2] [T] [thread 247357] bm_table_add_entry
[06:05:01.148] [bmv2] [D] [thread 247357] Entry 32 added to table 'MyIngress.ipv4_lpm'
[06:05:01.148] [bmv2] [D] [thread 247357] Dumping entry 32
Match key:
* hdr.ipv4.dstAddr              : LPM       0a000307/32
* standard_metadata.ingress_port: EXACT     0004
Action entry: MyIngress.ipv4_forward - a000307,1,

[06:05:01.148] [bmv2] [T] [thread 247357] bm_table_add_entry
[06:05:01.149] [bmv2] [D] [thread 247357] Entry 33 added to table 'MyIngress.ipv4_lpm'
[06:05:01.149] [bmv2] [D] [thread 247357] Dumping entry 33
Match key:
* hdr.ipv4.dstAddr              : LPM       0a000307/32
* standard_metadata.ingress_port: EXACT     0005
Action entry: MyIngress.ipv4_forward - a000307,1,

[06:05:01.149] [bmv2] [T] [thread 247357] bm_table_add_entry
[06:05:01.149] [bmv2] [D] [thread 247357] Entry 34 added to table 'MyIngress.ipv4_lpm'
[06:05:01.149] [bmv2] [D] [thread 247357] Dumping entry 34
Match key:
* hdr.ipv4.dstAddr              : LPM       0a000307/32
* standard_metadata.ingress_port: EXACT     0006
Action entry: MyIngress.ipv4_forward - a000307,1,

[06:05:01.150] [bmv2] [T] [thread 247357] bm_table_add_entry
[06:05:01.150] [bmv2] [D] [thread 247357] Entry 35 added to table 'MyIngress.ipv4_lpm'
[06:05:01.150] [bmv2] [D] [thread 247357] Dumping entry 35
Match key:
* hdr.ipv4.dstAddr              : LPM       0a000308/32
* standard_metadata.ingress_port: EXACT     0002
Action entry: MyIngress.ipv4_forward - a000308,1,

[06:05:01.151] [bmv2] [T] [thread 247357] bm_table_add_entry
[06:05:01.151] [bmv2] [D] [thread 247357] Entry 36 added to table 'MyIngress.ipv4_lpm'
[06:05:01.151] [bmv2] [D] [thread 247357] Dumping entry 36
Match key:
* hdr.ipv4.dstAddr              : LPM       0a000308/32
* standard_metadata.ingress_port: EXACT     0003
Action entry: MyIngress.ipv4_forward - a000308,1,

[06:05:01.151] [bmv2] [T] [thread 247357] bm_table_add_entry
[06:05:01.151] [bmv2] [D] [thread 247357] Entry 37 added to table 'MyIngress.ipv4_lpm'
[06:05:01.151] [bmv2] [D] [thread 247357] Dumping entry 37
Match key:
* hdr.ipv4.dstAddr              : LPM       0a000308/32
* standard_metadata.ingress_port: EXACT     0004
Action entry: MyIngress.ipv4_forward - a000308,1,

[06:05:01.152] [bmv2] [T] [thread 247357] bm_table_add_entry
[06:05:01.152] [bmv2] [D] [thread 247357] Entry 38 added to table 'MyIngress.ipv4_lpm'
[06:05:01.152] [bmv2] [D] [thread 247357] Dumping entry 38
Match key:
* hdr.ipv4.dstAddr              : LPM       0a000308/32
* standard_metadata.ingress_port: EXACT     0005
Action entry: MyIngress.ipv4_forward - a000308,1,

[06:05:01.153] [bmv2] [T] [thread 247357] bm_table_add_entry
[06:05:01.153] [bmv2] [D] [thread 247357] Entry 39 added to table 'MyIngress.ipv4_lpm'
[06:05:01.153] [bmv2] [D] [thread 247357] Dumping entry 39
Match key:
* hdr.ipv4.dstAddr              : LPM       0a000308/32
* standard_metadata.ingress_port: EXACT     0006
Action entry: MyIngress.ipv4_forward - a000308,1,

[06:05:01.154] [bmv2] [T] [thread 247357] bm_table_add_entry
[06:05:01.154] [bmv2] [D] [thread 247357] Entry 40 added to table 'MyIngress.ipv4_lpm'
[06:05:01.154] [bmv2] [D] [thread 247357] Dumping entry 40
Match key:
* hdr.ipv4.dstAddr              : LPM       0a000309/32
* standard_metadata.ingress_port: EXACT     0002
Action entry: MyIngress.ipv4_forward - a000309,1,

[06:05:01.155] [bmv2] [T] [thread 247357] bm_table_add_entry
[06:05:01.155] [bmv2] [D] [thread 247357] Entry 41 added to table 'MyIngress.ipv4_lpm'
[06:05:01.155] [bmv2] [D] [thread 247357] Dumping entry 41
Match key:
* hdr.ipv4.dstAddr              : LPM       0a000309/32
* standard_metadata.ingress_port: EXACT     0003
Action entry: MyIngress.ipv4_forward - a000309,1,

[06:05:01.155] [bmv2] [T] [thread 247357] bm_table_add_entry
[06:05:01.155] [bmv2] [D] [thread 247357] Entry 42 added to table 'MyIngress.ipv4_lpm'
[06:05:01.156] [bmv2] [D] [thread 247357] Dumping entry 42
Match key:
* hdr.ipv4.dstAddr              : LPM       0a000309/32
* standard_metadata.ingress_port: EXACT     0004
Action entry: MyIngress.ipv4_forward - a000309,1,

[06:05:01.156] [bmv2] [T] [thread 247357] bm_table_add_entry
[06:05:01.156] [bmv2] [D] [thread 247357] Entry 43 added to table 'MyIngress.ipv4_lpm'
[06:05:01.156] [bmv2] [D] [thread 247357] Dumping entry 43
Match key:
* hdr.ipv4.dstAddr              : LPM       0a000309/32
* standard_metadata.ingress_port: EXACT     0005
Action entry: MyIngress.ipv4_forward - a000309,1,

[06:05:01.157] [bmv2] [T] [thread 247357] bm_table_add_entry
[06:05:01.157] [bmv2] [D] [thread 247357] Entry 44 added to table 'MyIngress.ipv4_lpm'
[06:05:01.157] [bmv2] [D] [thread 247357] Dumping entry 44
Match key:
* hdr.ipv4.dstAddr              : LPM       0a000309/32
* standard_metadata.ingress_port: EXACT     0006
Action entry: MyIngress.ipv4_forward - a000309,1,

[06:05:01.158] [bmv2] [T] [thread 247357] bm_table_add_entry
[06:05:01.158] [bmv2] [D] [thread 247357] Entry 45 added to table 'MyIngress.ipv4_lpm'
[06:05:01.158] [bmv2] [D] [thread 247357] Dumping entry 45
Match key:
* hdr.ipv4.dstAddr              : LPM       0a00040a/32
* standard_metadata.ingress_port: EXACT     0001
Action entry: MyIngress.ipv4_forward - a00040a,2,

[06:05:01.159] [bmv2] [T] [thread 247357] bm_table_add_entry
[06:05:01.159] [bmv2] [D] [thread 247357] Entry 46 added to table 'MyIngress.ipv4_lpm'
[06:05:01.159] [bmv2] [D] [thread 247357] Dumping entry 46
Match key:
* hdr.ipv4.dstAddr              : LPM       0a00040a/32
* standard_metadata.ingress_port: EXACT     0003
Action entry: MyIngress.ipv4_forward - a00040a,2,

[06:05:01.159] [bmv2] [T] [thread 247357] bm_table_add_entry
[06:05:01.160] [bmv2] [D] [thread 247357] Entry 47 added to table 'MyIngress.ipv4_lpm'
[06:05:01.160] [bmv2] [D] [thread 247357] Dumping entry 47
Match key:
* hdr.ipv4.dstAddr              : LPM       0a00040a/32
* standard_metadata.ingress_port: EXACT     0004
Action entry: MyIngress.ipv4_forward - a00040a,2,

[06:05:01.160] [bmv2] [T] [thread 247357] bm_table_add_entry
[06:05:01.160] [bmv2] [D] [thread 247357] Entry 48 added to table 'MyIngress.ipv4_lpm'
[06:05:01.160] [bmv2] [D] [thread 247357] Dumping entry 48
Match key:
* hdr.ipv4.dstAddr              : LPM       0a00040a/32
* standard_metadata.ingress_port: EXACT     0005
Action entry: MyIngress.ipv4_forward - a00040a,2,

[06:05:01.161] [bmv2] [T] [thread 247357] bm_table_add_entry
[06:05:01.161] [bmv2] [D] [thread 247357] Entry 49 added to table 'MyIngress.ipv4_lpm'
[06:05:01.161] [bmv2] [D] [thread 247357] Dumping entry 49
Match key:
* hdr.ipv4.dstAddr              : LPM       0a00040a/32
* standard_metadata.ingress_port: EXACT     0006
Action entry: MyIngress.ipv4_forward - a00040a,2,

[06:05:01.162] [bmv2] [T] [thread 247357] bm_table_add_entry
[06:05:01.162] [bmv2] [D] [thread 247357] Entry 50 added to table 'MyIngress.ipv4_lpm'
[06:05:01.162] [bmv2] [D] [thread 247357] Dumping entry 50
Match key:
* hdr.ipv4.dstAddr              : LPM       0a00040b/32
* standard_metadata.ingress_port: EXACT     0001
Action entry: MyIngress.ipv4_forward - a00040b,2,

[06:05:01.163] [bmv2] [T] [thread 247357] bm_table_add_entry
[06:05:01.163] [bmv2] [D] [thread 247357] Entry 51 added to table 'MyIngress.ipv4_lpm'
[06:05:01.163] [bmv2] [D] [thread 247357] Dumping entry 51
Match key:
* hdr.ipv4.dstAddr              : LPM       0a00040b/32
* standard_metadata.ingress_port: EXACT     0003
Action entry: MyIngress.ipv4_forward - a00040b,2,

[06:05:01.163] [bmv2] [T] [thread 247357] bm_table_add_entry
[06:05:01.164] [bmv2] [D] [thread 247357] Entry 52 added to table 'MyIngress.ipv4_lpm'
[06:05:01.164] [bmv2] [D] [thread 247357] Dumping entry 52
Match key:
* hdr.ipv4.dstAddr              : LPM       0a00040b/32
* standard_metadata.ingress_port: EXACT     0004
Action entry: MyIngress.ipv4_forward - a00040b,2,

[06:05:01.164] [bmv2] [T] [thread 247357] bm_table_add_entry
[06:05:01.164] [bmv2] [D] [thread 247357] Entry 53 added to table 'MyIngress.ipv4_lpm'
[06:05:01.164] [bmv2] [D] [thread 247357] Dumping entry 53
Match key:
* hdr.ipv4.dstAddr              : LPM       0a00040b/32
* standard_metadata.ingress_port: EXACT     0005
Action entry: MyIngress.ipv4_forward - a00040b,2,

[06:05:01.165] [bmv2] [T] [thread 247357] bm_table_add_entry
[06:05:01.165] [bmv2] [D] [thread 247357] Entry 54 added to table 'MyIngress.ipv4_lpm'
[06:05:01.165] [bmv2] [D] [thread 247357] Dumping entry 54
Match key:
* hdr.ipv4.dstAddr              : LPM       0a00040b/32
* standard_metadata.ingress_port: EXACT     0006
Action entry: MyIngress.ipv4_forward - a00040b,2,

[06:05:01.166] [bmv2] [T] [thread 247357] bm_table_add_entry
[06:05:01.166] [bmv2] [D] [thread 247357] Entry 55 added to table 'MyIngress.ipv4_lpm'
[06:05:01.166] [bmv2] [D] [thread 247357] Dumping entry 55
Match key:
* hdr.ipv4.dstAddr              : LPM       0a00040c/32
* standard_metadata.ingress_port: EXACT     0001
Action entry: MyIngress.ipv4_forward - a00040c,2,

[06:05:01.167] [bmv2] [T] [thread 247357] bm_table_add_entry
[06:05:01.167] [bmv2] [D] [thread 247357] Entry 56 added to table 'MyIngress.ipv4_lpm'
[06:05:01.167] [bmv2] [D] [thread 247357] Dumping entry 56
Match key:
* hdr.ipv4.dstAddr              : LPM       0a00040c/32
* standard_metadata.ingress_port: EXACT     0003
Action entry: MyIngress.ipv4_forward - a00040c,2,

[06:05:01.167] [bmv2] [T] [thread 247357] bm_table_add_entry
[06:05:01.168] [bmv2] [D] [thread 247357] Entry 57 added to table 'MyIngress.ipv4_lpm'
[06:05:01.168] [bmv2] [D] [thread 247357] Dumping entry 57
Match key:
* hdr.ipv4.dstAddr              : LPM       0a00040c/32
* standard_metadata.ingress_port: EXACT     0004
Action entry: MyIngress.ipv4_forward - a00040c,2,

[06:05:01.168] [bmv2] [T] [thread 247357] bm_table_add_entry
[06:05:01.169] [bmv2] [D] [thread 247357] Entry 58 added to table 'MyIngress.ipv4_lpm'
[06:05:01.169] [bmv2] [D] [thread 247357] Dumping entry 58
Match key:
* hdr.ipv4.dstAddr              : LPM       0a00040c/32
* standard_metadata.ingress_port: EXACT     0005
Action entry: MyIngress.ipv4_forward - a00040c,2,

[06:05:01.169] [bmv2] [T] [thread 247357] bm_table_add_entry
[06:05:01.169] [bmv2] [D] [thread 247357] Entry 59 added to table 'MyIngress.ipv4_lpm'
[06:05:01.169] [bmv2] [D] [thread 247357] Dumping entry 59
Match key:
* hdr.ipv4.dstAddr              : LPM       0a00040c/32
* standard_metadata.ingress_port: EXACT     0006
Action entry: MyIngress.ipv4_forward - a00040c,2,

[06:05:01.170] [bmv2] [T] [thread 247357] bm_table_add_entry
[06:05:01.170] [bmv2] [D] [thread 247357] Entry 60 added to table 'MyIngress.ipv4_lpm'
[06:05:01.170] [bmv2] [D] [thread 247357] Dumping entry 60
Match key:
* hdr.ipv4.dstAddr              : LPM       0a00050d/32
* standard_metadata.ingress_port: EXACT     0001
Action entry: MyIngress.ipv4_forward - a00050d,2,

[06:05:01.171] [bmv2] [T] [thread 247357] bm_table_add_entry
[06:05:01.171] [bmv2] [D] [thread 247357] Entry 61 added to table 'MyIngress.ipv4_lpm'
[06:05:01.171] [bmv2] [D] [thread 247357] Dumping entry 61
Match key:
* hdr.ipv4.dstAddr              : LPM       0a00050d/32
* standard_metadata.ingress_port: EXACT     0003
Action entry: MyIngress.ipv4_forward - a00050d,2,

[06:05:01.172] [bmv2] [T] [thread 247357] bm_table_add_entry
[06:05:01.172] [bmv2] [D] [thread 247357] Entry 62 added to table 'MyIngress.ipv4_lpm'
[06:05:01.172] [bmv2] [D] [thread 247357] Dumping entry 62
Match key:
* hdr.ipv4.dstAddr              : LPM       0a00050d/32
* standard_metadata.ingress_port: EXACT     0004
Action entry: MyIngress.ipv4_forward - a00050d,2,

[06:05:01.173] [bmv2] [T] [thread 247357] bm_table_add_entry
[06:05:01.173] [bmv2] [D] [thread 247357] Entry 63 added to table 'MyIngress.ipv4_lpm'
[06:05:01.173] [bmv2] [D] [thread 247357] Dumping entry 63
Match key:
* hdr.ipv4.dstAddr              : LPM       0a00050d/32
* standard_metadata.ingress_port: EXACT     0005
Action entry: MyIngress.ipv4_forward - a00050d,2,

[06:05:01.173] [bmv2] [T] [thread 247357] bm_table_add_entry
[06:05:01.174] [bmv2] [D] [thread 247357] Entry 64 added to table 'MyIngress.ipv4_lpm'
[06:05:01.174] [bmv2] [D] [thread 247357] Dumping entry 64
Match key:
* hdr.ipv4.dstAddr              : LPM       0a00050d/32
* standard_metadata.ingress_port: EXACT     0006
Action entry: MyIngress.ipv4_forward - a00050d,2,

[06:05:01.174] [bmv2] [T] [thread 247357] bm_table_add_entry
[06:05:01.174] [bmv2] [D] [thread 247357] Entry 65 added to table 'MyIngress.ipv4_lpm'
[06:05:01.175] [bmv2] [D] [thread 247357] Dumping entry 65
Match key:
* hdr.ipv4.dstAddr              : LPM       0a00050e/32
* standard_metadata.ingress_port: EXACT     0001
Action entry: MyIngress.ipv4_forward - a00050e,2,

[06:05:01.176] [bmv2] [T] [thread 247357] bm_table_add_entry
[06:05:01.176] [bmv2] [D] [thread 247357] Entry 66 added to table 'MyIngress.ipv4_lpm'
[06:05:01.176] [bmv2] [D] [thread 247357] Dumping entry 66
Match key:
* hdr.ipv4.dstAddr              : LPM       0a00050e/32
* standard_metadata.ingress_port: EXACT     0003
Action entry: MyIngress.ipv4_forward - a00050e,2,

[06:05:01.177] [bmv2] [T] [thread 247357] bm_table_add_entry
[06:05:01.177] [bmv2] [D] [thread 247357] Entry 67 added to table 'MyIngress.ipv4_lpm'
[06:05:01.177] [bmv2] [D] [thread 247357] Dumping entry 67
Match key:
* hdr.ipv4.dstAddr              : LPM       0a00050e/32
* standard_metadata.ingress_port: EXACT     0004
Action entry: MyIngress.ipv4_forward - a00050e,2,

[06:05:01.178] [bmv2] [T] [thread 247357] bm_table_add_entry
[06:05:01.178] [bmv2] [D] [thread 247357] Entry 68 added to table 'MyIngress.ipv4_lpm'
[06:05:01.178] [bmv2] [D] [thread 247357] Dumping entry 68
Match key:
* hdr.ipv4.dstAddr              : LPM       0a00050e/32
* standard_metadata.ingress_port: EXACT     0005
Action entry: MyIngress.ipv4_forward - a00050e,2,

[06:05:01.178] [bmv2] [T] [thread 247357] bm_table_add_entry
[06:05:01.179] [bmv2] [D] [thread 247357] Entry 69 added to table 'MyIngress.ipv4_lpm'
[06:05:01.179] [bmv2] [D] [thread 247357] Dumping entry 69
Match key:
* hdr.ipv4.dstAddr              : LPM       0a00050e/32
* standard_metadata.ingress_port: EXACT     0006
Action entry: MyIngress.ipv4_forward - a00050e,2,

[06:05:01.179] [bmv2] [T] [thread 247357] bm_table_add_entry
[06:05:01.179] [bmv2] [D] [thread 247357] Entry 70 added to table 'MyIngress.ipv4_lpm'
[06:05:01.179] [bmv2] [D] [thread 247357] Dumping entry 70
Match key:
* hdr.ipv4.dstAddr              : LPM       0a00050f/32
* standard_metadata.ingress_port: EXACT     0001
Action entry: MyIngress.ipv4_forward - a00050f,2,

[06:05:01.180] [bmv2] [T] [thread 247357] bm_table_add_entry
[06:05:01.180] [bmv2] [D] [thread 247357] Entry 71 added to table 'MyIngress.ipv4_lpm'
[06:05:01.180] [bmv2] [D] [thread 247357] Dumping entry 71
Match key:
* hdr.ipv4.dstAddr              : LPM       0a00050f/32
* standard_metadata.ingress_port: EXACT     0003
Action entry: MyIngress.ipv4_forward - a00050f,2,

[06:05:01.181] [bmv2] [T] [thread 247357] bm_table_add_entry
[06:05:01.181] [bmv2] [D] [thread 247357] Entry 72 added to table 'MyIngress.ipv4_lpm'
[06:05:01.181] [bmv2] [D] [thread 247357] Dumping entry 72
Match key:
* hdr.ipv4.dstAddr              : LPM       0a00050f/32
* standard_metadata.ingress_port: EXACT     0004
Action entry: MyIngress.ipv4_forward - a00050f,2,

[06:05:01.181] [bmv2] [T] [thread 247357] bm_table_add_entry
[06:05:01.181] [bmv2] [D] [thread 247357] Entry 73 added to table 'MyIngress.ipv4_lpm'
[06:05:01.181] [bmv2] [D] [thread 247357] Dumping entry 73
Match key:
* hdr.ipv4.dstAddr              : LPM       0a00050f/32
* standard_metadata.ingress_port: EXACT     0005
Action entry: MyIngress.ipv4_forward - a00050f,2,

[06:05:01.182] [bmv2] [T] [thread 247357] bm_table_add_entry
[06:05:01.182] [bmv2] [D] [thread 247357] Entry 74 added to table 'MyIngress.ipv4_lpm'
[06:05:01.182] [bmv2] [D] [thread 247357] Dumping entry 74
Match key:
* hdr.ipv4.dstAddr              : LPM       0a00050f/32
* standard_metadata.ingress_port: EXACT     0006
Action entry: MyIngress.ipv4_forward - a00050f,2,

[06:05:01.183] [bmv2] [T] [thread 247357] bm_table_add_entry
[06:05:01.183] [bmv2] [D] [thread 247357] Entry 75 added to table 'MyIngress.ipv4_lpm'
[06:05:01.183] [bmv2] [D] [thread 247357] Dumping entry 75
Match key:
* hdr.ipv4.dstAddr              : LPM       0a000610/32
* standard_metadata.ingress_port: EXACT     0001
Action entry: MyIngress.ipv4_forward - a000610,2,

[06:05:01.183] [bmv2] [T] [thread 247357] bm_table_add_entry
[06:05:01.183] [bmv2] [D] [thread 247357] Entry 76 added to table 'MyIngress.ipv4_lpm'
[06:05:01.183] [bmv2] [D] [thread 247357] Dumping entry 76
Match key:
* hdr.ipv4.dstAddr              : LPM       0a000610/32
* standard_metadata.ingress_port: EXACT     0003
Action entry: MyIngress.ipv4_forward - a000610,2,

[06:05:01.184] [bmv2] [T] [thread 247357] bm_table_add_entry
[06:05:01.185] [bmv2] [D] [thread 247357] Entry 77 added to table 'MyIngress.ipv4_lpm'
[06:05:01.185] [bmv2] [D] [thread 247357] Dumping entry 77
Match key:
* hdr.ipv4.dstAddr              : LPM       0a000610/32
* standard_metadata.ingress_port: EXACT     0004
Action entry: MyIngress.ipv4_forward - a000610,2,

[06:05:01.185] [bmv2] [T] [thread 247357] bm_table_add_entry
[06:05:01.185] [bmv2] [D] [thread 247357] Entry 78 added to table 'MyIngress.ipv4_lpm'
[06:05:01.185] [bmv2] [D] [thread 247357] Dumping entry 78
Match key:
* hdr.ipv4.dstAddr              : LPM       0a000610/32
* standard_metadata.ingress_port: EXACT     0005
Action entry: MyIngress.ipv4_forward - a000610,2,

[06:05:01.186] [bmv2] [T] [thread 247357] bm_table_add_entry
[06:05:01.186] [bmv2] [D] [thread 247357] Entry 79 added to table 'MyIngress.ipv4_lpm'
[06:05:01.186] [bmv2] [D] [thread 247357] Dumping entry 79
Match key:
* hdr.ipv4.dstAddr              : LPM       0a000610/32
* standard_metadata.ingress_port: EXACT     0006
Action entry: MyIngress.ipv4_forward - a000610,2,

[06:05:01.187] [bmv2] [T] [thread 247357] bm_table_add_entry
[06:05:01.187] [bmv2] [D] [thread 247357] Entry 80 added to table 'MyIngress.ipv4_lpm'
[06:05:01.187] [bmv2] [D] [thread 247357] Dumping entry 80
Match key:
* hdr.ipv4.dstAddr              : LPM       0a000611/32
* standard_metadata.ingress_port: EXACT     0001
Action entry: MyIngress.ipv4_forward - a000611,2,

[06:05:01.187] [bmv2] [T] [thread 247357] bm_table_add_entry
[06:05:01.187] [bmv2] [D] [thread 247357] Entry 81 added to table 'MyIngress.ipv4_lpm'
[06:05:01.187] [bmv2] [D] [thread 247357] Dumping entry 81
Match key:
* hdr.ipv4.dstAddr              : LPM       0a000611/32
* standard_metadata.ingress_port: EXACT     0003
Action entry: MyIngress.ipv4_forward - a000611,2,

[06:05:01.188] [bmv2] [T] [thread 247357] bm_table_add_entry
[06:05:01.188] [bmv2] [D] [thread 247357] Entry 82 added to table 'MyIngress.ipv4_lpm'
[06:05:01.188] [bmv2] [D] [thread 247357] Dumping entry 82
Match key:
* hdr.ipv4.dstAddr              : LPM       0a000611/32
* standard_metadata.ingress_port: EXACT     0004
Action entry: MyIngress.ipv4_forward - a000611,2,

[06:05:01.189] [bmv2] [T] [thread 247357] bm_table_add_entry
[06:05:01.189] [bmv2] [D] [thread 247357] Entry 83 added to table 'MyIngress.ipv4_lpm'
[06:05:01.189] [bmv2] [D] [thread 247357] Dumping entry 83
Match key:
* hdr.ipv4.dstAddr              : LPM       0a000611/32
* standard_metadata.ingress_port: EXACT     0005
Action entry: MyIngress.ipv4_forward - a000611,2,

[06:05:01.190] [bmv2] [T] [thread 247357] bm_table_add_entry
[06:05:01.190] [bmv2] [D] [thread 247357] Entry 84 added to table 'MyIngress.ipv4_lpm'
[06:05:01.190] [bmv2] [D] [thread 247357] Dumping entry 84
Match key:
* hdr.ipv4.dstAddr              : LPM       0a000611/32
* standard_metadata.ingress_port: EXACT     0006
Action entry: MyIngress.ipv4_forward - a000611,2,

[06:05:01.190] [bmv2] [T] [thread 247357] bm_table_add_entry
[06:05:01.191] [bmv2] [D] [thread 247357] Entry 85 added to table 'MyIngress.ipv4_lpm'
[06:05:01.191] [bmv2] [D] [thread 247357] Dumping entry 85
Match key:
* hdr.ipv4.dstAddr              : LPM       0a000612/32
* standard_metadata.ingress_port: EXACT     0001
Action entry: MyIngress.ipv4_forward - a000612,2,

[06:05:01.191] [bmv2] [T] [thread 247357] bm_table_add_entry
[06:05:01.191] [bmv2] [D] [thread 247357] Entry 86 added to table 'MyIngress.ipv4_lpm'
[06:05:01.191] [bmv2] [D] [thread 247357] Dumping entry 86
Match key:
* hdr.ipv4.dstAddr              : LPM       0a000612/32
* standard_metadata.ingress_port: EXACT     0003
Action entry: MyIngress.ipv4_forward - a000612,2,

[06:05:01.192] [bmv2] [T] [thread 247357] bm_table_add_entry
[06:05:01.192] [bmv2] [D] [thread 247357] Entry 87 added to table 'MyIngress.ipv4_lpm'
[06:05:01.192] [bmv2] [D] [thread 247357] Dumping entry 87
Match key:
* hdr.ipv4.dstAddr              : LPM       0a000612/32
* standard_metadata.ingress_port: EXACT     0004
Action entry: MyIngress.ipv4_forward - a000612,2,

[06:05:01.193] [bmv2] [T] [thread 247357] bm_table_add_entry
[06:05:01.193] [bmv2] [D] [thread 247357] Entry 88 added to table 'MyIngress.ipv4_lpm'
[06:05:01.193] [bmv2] [D] [thread 247357] Dumping entry 88
Match key:
* hdr.ipv4.dstAddr              : LPM       0a000612/32
* standard_metadata.ingress_port: EXACT     0005
Action entry: MyIngress.ipv4_forward - a000612,2,

[06:05:01.193] [bmv2] [T] [thread 247357] bm_table_add_entry
[06:05:01.194] [bmv2] [D] [thread 247357] Entry 89 added to table 'MyIngress.ipv4_lpm'
[06:05:01.194] [bmv2] [D] [thread 247357] Dumping entry 89
Match key:
* hdr.ipv4.dstAddr              : LPM       0a000612/32
* standard_metadata.ingress_port: EXACT     0006
Action entry: MyIngress.ipv4_forward - a000612,2,

[06:05:01.194] [bmv2] [T] [thread 247357] bm_table_add_entry
[06:05:01.194] [bmv2] [D] [thread 247357] Entry 90 added to table 'MyIngress.ipv4_lpm'
[06:05:01.194] [bmv2] [D] [thread 247357] Dumping entry 90
Match key:
* hdr.ipv4.dstAddr              : LPM       0a000713/32
* standard_metadata.ingress_port: EXACT     0001
Action entry: MyIngress.ipv4_forward - a000713,3,

[06:05:01.195] [bmv2] [T] [thread 247357] bm_table_add_entry
[06:05:01.195] [bmv2] [D] [thread 247357] Entry 91 added to table 'MyIngress.ipv4_lpm'
[06:05:01.195] [bmv2] [D] [thread 247357] Dumping entry 91
Match key:
* hdr.ipv4.dstAddr              : LPM       0a000713/32
* standard_metadata.ingress_port: EXACT     0002
Action entry: MyIngress.ipv4_forward - a000713,3,

[06:05:01.196] [bmv2] [T] [thread 247357] bm_table_add_entry
[06:05:01.196] [bmv2] [D] [thread 247357] Entry 92 added to table 'MyIngress.ipv4_lpm'
[06:05:01.196] [bmv2] [D] [thread 247357] Dumping entry 92
Match key:
* hdr.ipv4.dstAddr              : LPM       0a000713/32
* standard_metadata.ingress_port: EXACT     0004
Action entry: MyIngress.ipv4_forward - a000713,3,

[06:05:01.197] [bmv2] [T] [thread 247357] bm_table_add_entry
[06:05:01.197] [bmv2] [D] [thread 247357] Entry 93 added to table 'MyIngress.ipv4_lpm'
[06:05:01.197] [bmv2] [D] [thread 247357] Dumping entry 93
Match key:
* hdr.ipv4.dstAddr              : LPM       0a000713/32
* standard_metadata.ingress_port: EXACT     0005
Action entry: MyIngress.ipv4_forward - a000713,3,

[06:05:01.197] [bmv2] [T] [thread 247357] bm_table_add_entry
[06:05:01.198] [bmv2] [D] [thread 247357] Entry 94 added to table 'MyIngress.ipv4_lpm'
[06:05:01.198] [bmv2] [D] [thread 247357] Dumping entry 94
Match key:
* hdr.ipv4.dstAddr              : LPM       0a000713/32
* standard_metadata.ingress_port: EXACT     0006
Action entry: MyIngress.ipv4_forward - a000713,3,

[06:05:01.198] [bmv2] [T] [thread 247357] bm_table_add_entry
[06:05:01.198] [bmv2] [D] [thread 247357] Entry 95 added to table 'MyIngress.ipv4_lpm'
[06:05:01.199] [bmv2] [D] [thread 247357] Dumping entry 95
Match key:
* hdr.ipv4.dstAddr              : LPM       0a000714/32
* standard_metadata.ingress_port: EXACT     0001
Action entry: MyIngress.ipv4_forward - a000714,3,

[06:05:01.199] [bmv2] [T] [thread 247357] bm_table_add_entry
[06:05:01.200] [bmv2] [D] [thread 247357] Entry 96 added to table 'MyIngress.ipv4_lpm'
[06:05:01.200] [bmv2] [D] [thread 247357] Dumping entry 96
Match key:
* hdr.ipv4.dstAddr              : LPM       0a000714/32
* standard_metadata.ingress_port: EXACT     0002
Action entry: MyIngress.ipv4_forward - a000714,3,

[06:05:01.200] [bmv2] [T] [thread 247357] bm_table_add_entry
[06:05:01.200] [bmv2] [D] [thread 247357] Entry 97 added to table 'MyIngress.ipv4_lpm'
[06:05:01.201] [bmv2] [D] [thread 247357] Dumping entry 97
Match key:
* hdr.ipv4.dstAddr              : LPM       0a000714/32
* standard_metadata.ingress_port: EXACT     0004
Action entry: MyIngress.ipv4_forward - a000714,3,

[06:05:01.201] [bmv2] [T] [thread 247357] bm_table_add_entry
[06:05:01.201] [bmv2] [D] [thread 247357] Entry 98 added to table 'MyIngress.ipv4_lpm'
[06:05:01.201] [bmv2] [D] [thread 247357] Dumping entry 98
Match key:
* hdr.ipv4.dstAddr              : LPM       0a000714/32
* standard_metadata.ingress_port: EXACT     0005
Action entry: MyIngress.ipv4_forward - a000714,3,

[06:05:01.202] [bmv2] [T] [thread 247357] bm_table_add_entry
[06:05:01.202] [bmv2] [D] [thread 247357] Entry 99 added to table 'MyIngress.ipv4_lpm'
[06:05:01.202] [bmv2] [D] [thread 247357] Dumping entry 99
Match key:
* hdr.ipv4.dstAddr              : LPM       0a000714/32
* standard_metadata.ingress_port: EXACT     0006
Action entry: MyIngress.ipv4_forward - a000714,3,

[06:05:01.203] [bmv2] [T] [thread 247357] bm_table_add_entry
[06:05:01.203] [bmv2] [D] [thread 247357] Entry 100 added to table 'MyIngress.ipv4_lpm'
[06:05:01.203] [bmv2] [D] [thread 247357] Dumping entry 100
Match key:
* hdr.ipv4.dstAddr              : LPM       0a000715/32
* standard_metadata.ingress_port: EXACT     0001
Action entry: MyIngress.ipv4_forward - a000715,3,

[06:05:01.204] [bmv2] [T] [thread 247357] bm_table_add_entry
[06:05:01.204] [bmv2] [D] [thread 247357] Entry 101 added to table 'MyIngress.ipv4_lpm'
[06:05:01.204] [bmv2] [D] [thread 247357] Dumping entry 101
Match key:
* hdr.ipv4.dstAddr              : LPM       0a000715/32
* standard_metadata.ingress_port: EXACT     0002
Action entry: MyIngress.ipv4_forward - a000715,3,

[06:05:01.205] [bmv2] [T] [thread 247357] bm_table_add_entry
[06:05:01.205] [bmv2] [D] [thread 247357] Entry 102 added to table 'MyIngress.ipv4_lpm'
[06:05:01.205] [bmv2] [D] [thread 247357] Dumping entry 102
Match key:
* hdr.ipv4.dstAddr              : LPM       0a000715/32
* standard_metadata.ingress_port: EXACT     0004
Action entry: MyIngress.ipv4_forward - a000715,3,

[06:05:01.206] [bmv2] [T] [thread 247357] bm_table_add_entry
[06:05:01.206] [bmv2] [D] [thread 247357] Entry 103 added to table 'MyIngress.ipv4_lpm'
[06:05:01.206] [bmv2] [D] [thread 247357] Dumping entry 103
Match key:
* hdr.ipv4.dstAddr              : LPM       0a000715/32
* standard_metadata.ingress_port: EXACT     0005
Action entry: MyIngress.ipv4_forward - a000715,3,

[06:05:01.206] [bmv2] [T] [thread 247357] bm_table_add_entry
[06:05:01.207] [bmv2] [D] [thread 247357] Entry 104 added to table 'MyIngress.ipv4_lpm'
[06:05:01.207] [bmv2] [D] [thread 247357] Dumping entry 104
Match key:
* hdr.ipv4.dstAddr              : LPM       0a000715/32
* standard_metadata.ingress_port: EXACT     0006
Action entry: MyIngress.ipv4_forward - a000715,3,

[06:05:01.207] [bmv2] [T] [thread 247357] bm_table_add_entry
[06:05:01.208] [bmv2] [D] [thread 247357] Entry 105 added to table 'MyIngress.ipv4_lpm'
[06:05:01.208] [bmv2] [D] [thread 247357] Dumping entry 105
Match key:
* hdr.ipv4.dstAddr              : LPM       0a000816/32
* standard_metadata.ingress_port: EXACT     0001
Action entry: MyIngress.ipv4_forward - a000816,3,

[06:05:01.209] [bmv2] [T] [thread 247357] bm_table_add_entry
[06:05:01.209] [bmv2] [D] [thread 247357] Entry 106 added to table 'MyIngress.ipv4_lpm'
[06:05:01.209] [bmv2] [D] [thread 247357] Dumping entry 106
Match key:
* hdr.ipv4.dstAddr              : LPM       0a000816/32
* standard_metadata.ingress_port: EXACT     0002
Action entry: MyIngress.ipv4_forward - a000816,3,

[06:05:01.210] [bmv2] [T] [thread 247357] bm_table_add_entry
[06:05:01.210] [bmv2] [D] [thread 247357] Entry 107 added to table 'MyIngress.ipv4_lpm'
[06:05:01.210] [bmv2] [D] [thread 247357] Dumping entry 107
Match key:
* hdr.ipv4.dstAddr              : LPM       0a000816/32
* standard_metadata.ingress_port: EXACT     0004
Action entry: MyIngress.ipv4_forward - a000816,3,

[06:05:01.211] [bmv2] [T] [thread 247357] bm_table_add_entry
[06:05:01.211] [bmv2] [D] [thread 247357] Entry 108 added to table 'MyIngress.ipv4_lpm'
[06:05:01.211] [bmv2] [D] [thread 247357] Dumping entry 108
Match key:
* hdr.ipv4.dstAddr              : LPM       0a000816/32
* standard_metadata.ingress_port: EXACT     0005
Action entry: MyIngress.ipv4_forward - a000816,3,

[06:05:01.211] [bmv2] [T] [thread 247357] bm_table_add_entry
[06:05:01.212] [bmv2] [D] [thread 247357] Entry 109 added to table 'MyIngress.ipv4_lpm'
[06:05:01.212] [bmv2] [D] [thread 247357] Dumping entry 109
Match key:
* hdr.ipv4.dstAddr              : LPM       0a000816/32
* standard_metadata.ingress_port: EXACT     0006
Action entry: MyIngress.ipv4_forward - a000816,3,

[06:05:01.212] [bmv2] [T] [thread 247357] bm_table_add_entry
[06:05:01.212] [bmv2] [D] [thread 247357] Entry 110 added to table 'MyIngress.ipv4_lpm'
[06:05:01.212] [bmv2] [D] [thread 247357] Dumping entry 110
Match key:
* hdr.ipv4.dstAddr              : LPM       0a000817/32
* standard_metadata.ingress_port: EXACT     0001
Action entry: MyIngress.ipv4_forward - a000817,3,

[06:05:01.213] [bmv2] [T] [thread 247357] bm_table_add_entry
[06:05:01.213] [bmv2] [D] [thread 247357] Entry 111 added to table 'MyIngress.ipv4_lpm'
[06:05:01.213] [bmv2] [D] [thread 247357] Dumping entry 111
Match key:
* hdr.ipv4.dstAddr              : LPM       0a000817/32
* standard_metadata.ingress_port: EXACT     0002
Action entry: MyIngress.ipv4_forward - a000817,3,

[06:05:01.214] [bmv2] [T] [thread 247357] bm_table_add_entry
[06:05:01.214] [bmv2] [D] [thread 247357] Entry 112 added to table 'MyIngress.ipv4_lpm'
[06:05:01.214] [bmv2] [D] [thread 247357] Dumping entry 112
Match key:
* hdr.ipv4.dstAddr              : LPM       0a000817/32
* standard_metadata.ingress_port: EXACT     0004
Action entry: MyIngress.ipv4_forward - a000817,3,

[06:05:01.215] [bmv2] [T] [thread 247357] bm_table_add_entry
[06:05:01.215] [bmv2] [D] [thread 247357] Entry 113 added to table 'MyIngress.ipv4_lpm'
[06:05:01.215] [bmv2] [D] [thread 247357] Dumping entry 113
Match key:
* hdr.ipv4.dstAddr              : LPM       0a000817/32
* standard_metadata.ingress_port: EXACT     0005
Action entry: MyIngress.ipv4_forward - a000817,3,

[06:05:01.215] [bmv2] [T] [thread 247357] bm_table_add_entry
[06:05:01.216] [bmv2] [D] [thread 247357] Entry 114 added to table 'MyIngress.ipv4_lpm'
[06:05:01.216] [bmv2] [D] [thread 247357] Dumping entry 114
Match key:
* hdr.ipv4.dstAddr              : LPM       0a000817/32
* standard_metadata.ingress_port: EXACT     0006
Action entry: MyIngress.ipv4_forward - a000817,3,

[06:05:01.216] [bmv2] [T] [thread 247357] bm_table_add_entry
[06:05:01.216] [bmv2] [D] [thread 247357] Entry 115 added to table 'MyIngress.ipv4_lpm'
[06:05:01.217] [bmv2] [D] [thread 247357] Dumping entry 115
Match key:
* hdr.ipv4.dstAddr              : LPM       0a000818/32
* standard_metadata.ingress_port: EXACT     0001
Action entry: MyIngress.ipv4_forward - a000818,3,

[06:05:01.217] [bmv2] [T] [thread 247357] bm_table_add_entry
[06:05:01.217] [bmv2] [D] [thread 247357] Entry 116 added to table 'MyIngress.ipv4_lpm'
[06:05:01.217] [bmv2] [D] [thread 247357] Dumping entry 116
Match key:
* hdr.ipv4.dstAddr              : LPM       0a000818/32
* standard_metadata.ingress_port: EXACT     0002
Action entry: MyIngress.ipv4_forward - a000818,3,

[06:05:01.218] [bmv2] [T] [thread 247357] bm_table_add_entry
[06:05:01.218] [bmv2] [D] [thread 247357] Entry 117 added to table 'MyIngress.ipv4_lpm'
[06:05:01.218] [bmv2] [D] [thread 247357] Dumping entry 117
Match key:
* hdr.ipv4.dstAddr              : LPM       0a000818/32
* standard_metadata.ingress_port: EXACT     0004
Action entry: MyIngress.ipv4_forward - a000818,3,

[06:05:01.219] [bmv2] [T] [thread 247357] bm_table_add_entry
[06:05:01.219] [bmv2] [D] [thread 247357] Entry 118 added to table 'MyIngress.ipv4_lpm'
[06:05:01.219] [bmv2] [D] [thread 247357] Dumping entry 118
Match key:
* hdr.ipv4.dstAddr              : LPM       0a000818/32
* standard_metadata.ingress_port: EXACT     0005
Action entry: MyIngress.ipv4_forward - a000818,3,

[06:05:01.220] [bmv2] [T] [thread 247357] bm_table_add_entry
[06:05:01.220] [bmv2] [D] [thread 247357] Entry 119 added to table 'MyIngress.ipv4_lpm'
[06:05:01.220] [bmv2] [D] [thread 247357] Dumping entry 119
Match key:
* hdr.ipv4.dstAddr              : LPM       0a000818/32
* standard_metadata.ingress_port: EXACT     0006
Action entry: MyIngress.ipv4_forward - a000818,3,

[06:05:01.221] [bmv2] [T] [thread 247357] bm_table_add_entry
[06:05:01.221] [bmv2] [D] [thread 247357] Entry 120 added to table 'MyIngress.ipv4_lpm'
[06:05:01.221] [bmv2] [D] [thread 247357] Dumping entry 120
Match key:
* hdr.ipv4.dstAddr              : LPM       0a000919/32
* standard_metadata.ingress_port: EXACT     0001
Action entry: MyIngress.ipv4_forward - a000919,3,

[06:05:01.222] [bmv2] [T] [thread 247357] bm_table_add_entry
[06:05:01.222] [bmv2] [D] [thread 247357] Entry 121 added to table 'MyIngress.ipv4_lpm'
[06:05:01.222] [bmv2] [D] [thread 247357] Dumping entry 121
Match key:
* hdr.ipv4.dstAddr              : LPM       0a000919/32
* standard_metadata.ingress_port: EXACT     0002
Action entry: MyIngress.ipv4_forward - a000919,3,

[06:05:01.222] [bmv2] [T] [thread 247357] bm_table_add_entry
[06:05:01.223] [bmv2] [D] [thread 247357] Entry 122 added to table 'MyIngress.ipv4_lpm'
[06:05:01.223] [bmv2] [D] [thread 247357] Dumping entry 122
Match key:
* hdr.ipv4.dstAddr              : LPM       0a000919/32
* standard_metadata.ingress_port: EXACT     0004
Action entry: MyIngress.ipv4_forward - a000919,3,

[06:05:01.223] [bmv2] [T] [thread 247357] bm_table_add_entry
[06:05:01.223] [bmv2] [D] [thread 247357] Entry 123 added to table 'MyIngress.ipv4_lpm'
[06:05:01.224] [bmv2] [D] [thread 247357] Dumping entry 123
Match key:
* hdr.ipv4.dstAddr              : LPM       0a000919/32
* standard_metadata.ingress_port: EXACT     0005
Action entry: MyIngress.ipv4_forward - a000919,3,

[06:05:01.224] [bmv2] [T] [thread 247357] bm_table_add_entry
[06:05:01.224] [bmv2] [D] [thread 247357] Entry 124 added to table 'MyIngress.ipv4_lpm'
[06:05:01.224] [bmv2] [D] [thread 247357] Dumping entry 124
Match key:
* hdr.ipv4.dstAddr              : LPM       0a000919/32
* standard_metadata.ingress_port: EXACT     0006
Action entry: MyIngress.ipv4_forward - a000919,3,

[06:05:01.225] [bmv2] [T] [thread 247357] bm_table_add_entry
[06:05:01.225] [bmv2] [D] [thread 247357] Entry 125 added to table 'MyIngress.ipv4_lpm'
[06:05:01.225] [bmv2] [D] [thread 247357] Dumping entry 125
Match key:
* hdr.ipv4.dstAddr              : LPM       0a00091a/32
* standard_metadata.ingress_port: EXACT     0001
Action entry: MyIngress.ipv4_forward - a00091a,3,

[06:05:01.226] [bmv2] [T] [thread 247357] bm_table_add_entry
[06:05:01.226] [bmv2] [D] [thread 247357] Entry 126 added to table 'MyIngress.ipv4_lpm'
[06:05:01.226] [bmv2] [D] [thread 247357] Dumping entry 126
Match key:
* hdr.ipv4.dstAddr              : LPM       0a00091a/32
* standard_metadata.ingress_port: EXACT     0002
Action entry: MyIngress.ipv4_forward - a00091a,3,

[06:05:01.226] [bmv2] [T] [thread 247357] bm_table_add_entry
[06:05:01.227] [bmv2] [D] [thread 247357] Entry 127 added to table 'MyIngress.ipv4_lpm'
[06:05:01.227] [bmv2] [D] [thread 247357] Dumping entry 127
Match key:
* hdr.ipv4.dstAddr              : LPM       0a00091a/32
* standard_metadata.ingress_port: EXACT     0004
Action entry: MyIngress.ipv4_forward - a00091a,3,

[06:05:01.227] [bmv2] [T] [thread 247357] bm_table_add_entry
[06:05:01.227] [bmv2] [D] [thread 247357] Entry 128 added to table 'MyIngress.ipv4_lpm'
[06:05:01.228] [bmv2] [D] [thread 247357] Dumping entry 128
Match key:
* hdr.ipv4.dstAddr              : LPM       0a00091a/32
* standard_metadata.ingress_port: EXACT     0005
Action entry: MyIngress.ipv4_forward - a00091a,3,

[06:05:01.228] [bmv2] [T] [thread 247357] bm_table_add_entry
[06:05:01.228] [bmv2] [D] [thread 247357] Entry 129 added to table 'MyIngress.ipv4_lpm'
[06:05:01.228] [bmv2] [D] [thread 247357] Dumping entry 129
Match key:
* hdr.ipv4.dstAddr              : LPM       0a00091a/32
* standard_metadata.ingress_port: EXACT     0006
Action entry: MyIngress.ipv4_forward - a00091a,3,

[06:05:01.229] [bmv2] [T] [thread 247357] bm_table_add_entry
[06:05:01.229] [bmv2] [D] [thread 247357] Entry 130 added to table 'MyIngress.ipv4_lpm'
[06:05:01.229] [bmv2] [D] [thread 247357] Dumping entry 130
Match key:
* hdr.ipv4.dstAddr              : LPM       0a00091b/32
* standard_metadata.ingress_port: EXACT     0001
Action entry: MyIngress.ipv4_forward - a00091b,3,

[06:05:01.230] [bmv2] [T] [thread 247357] bm_table_add_entry
[06:05:01.230] [bmv2] [D] [thread 247357] Entry 131 added to table 'MyIngress.ipv4_lpm'
[06:05:01.230] [bmv2] [D] [thread 247357] Dumping entry 131
Match key:
* hdr.ipv4.dstAddr              : LPM       0a00091b/32
* standard_metadata.ingress_port: EXACT     0002
Action entry: MyIngress.ipv4_forward - a00091b,3,

[06:05:01.231] [bmv2] [T] [thread 247357] bm_table_add_entry
[06:05:01.231] [bmv2] [D] [thread 247357] Entry 132 added to table 'MyIngress.ipv4_lpm'
[06:05:01.231] [bmv2] [D] [thread 247357] Dumping entry 132
Match key:
* hdr.ipv4.dstAddr              : LPM       0a00091b/32
* standard_metadata.ingress_port: EXACT     0004
Action entry: MyIngress.ipv4_forward - a00091b,3,

[06:05:01.231] [bmv2] [T] [thread 247357] bm_table_add_entry
[06:05:01.232] [bmv2] [D] [thread 247357] Entry 133 added to table 'MyIngress.ipv4_lpm'
[06:05:01.232] [bmv2] [D] [thread 247357] Dumping entry 133
Match key:
* hdr.ipv4.dstAddr              : LPM       0a00091b/32
* standard_metadata.ingress_port: EXACT     0005
Action entry: MyIngress.ipv4_forward - a00091b,3,

[06:05:01.232] [bmv2] [T] [thread 247357] bm_table_add_entry
[06:05:01.232] [bmv2] [D] [thread 247357] Entry 134 added to table 'MyIngress.ipv4_lpm'
[06:05:01.232] [bmv2] [D] [thread 247357] Dumping entry 134
Match key:
* hdr.ipv4.dstAddr              : LPM       0a00091b/32
* standard_metadata.ingress_port: EXACT     0006
Action entry: MyIngress.ipv4_forward - a00091b,3,

[06:05:01.233] [bmv2] [T] [thread 247357] bm_table_add_entry
[06:05:01.233] [bmv2] [D] [thread 247357] Entry 135 added to table 'MyIngress.ipv4_lpm'
[06:05:01.233] [bmv2] [D] [thread 247357] Dumping entry 135
Match key:
* hdr.ipv4.dstAddr              : LPM       0a000a1c/32
* standard_metadata.ingress_port: EXACT     0001
Action entry: MyIngress.ipv4_forward - a000a1c,4,

[06:05:01.234] [bmv2] [T] [thread 247357] bm_table_add_entry
[06:05:01.234] [bmv2] [D] [thread 247357] Entry 136 added to table 'MyIngress.ipv4_lpm'
[06:05:01.234] [bmv2] [D] [thread 247357] Dumping entry 136
Match key:
* hdr.ipv4.dstAddr              : LPM       0a000a1c/32
* standard_metadata.ingress_port: EXACT     0002
Action entry: MyIngress.ipv4_forward - a000a1c,4,

[06:05:01.235] [bmv2] [T] [thread 247357] bm_table_add_entry
[06:05:01.235] [bmv2] [D] [thread 247357] Entry 137 added to table 'MyIngress.ipv4_lpm'
[06:05:01.235] [bmv2] [D] [thread 247357] Dumping entry 137
Match key:
* hdr.ipv4.dstAddr              : LPM       0a000a1c/32
* standard_metadata.ingress_port: EXACT     0003
Action entry: MyIngress.ipv4_forward - a000a1c,4,

[06:05:01.235] [bmv2] [T] [thread 247357] bm_table_add_entry
[06:05:01.236] [bmv2] [D] [thread 247357] Entry 138 added to table 'MyIngress.ipv4_lpm'
[06:05:01.236] [bmv2] [D] [thread 247357] Dumping entry 138
Match key:
* hdr.ipv4.dstAddr              : LPM       0a000a1c/32
* standard_metadata.ingress_port: EXACT     0005
Action entry: MyIngress.ipv4_forward - a000a1c,4,

[06:05:01.236] [bmv2] [T] [thread 247357] bm_table_add_entry
[06:05:01.236] [bmv2] [D] [thread 247357] Entry 139 added to table 'MyIngress.ipv4_lpm'
[06:05:01.237] [bmv2] [D] [thread 247357] Dumping entry 139
Match key:
* hdr.ipv4.dstAddr              : LPM       0a000a1c/32
* standard_metadata.ingress_port: EXACT     0006
Action entry: MyIngress.ipv4_forward - a000a1c,4,

[06:05:01.237] [bmv2] [T] [thread 247357] bm_table_add_entry
[06:05:01.237] [bmv2] [D] [thread 247357] Entry 140 added to table 'MyIngress.ipv4_lpm'
[06:05:01.237] [bmv2] [D] [thread 247357] Dumping entry 140
Match key:
* hdr.ipv4.dstAddr              : LPM       0a000a1d/32
* standard_metadata.ingress_port: EXACT     0001
Action entry: MyIngress.ipv4_forward - a000a1d,4,

[06:05:01.238] [bmv2] [T] [thread 247357] bm_table_add_entry
[06:05:01.238] [bmv2] [D] [thread 247357] Entry 141 added to table 'MyIngress.ipv4_lpm'
[06:05:01.238] [bmv2] [D] [thread 247357] Dumping entry 141
Match key:
* hdr.ipv4.dstAddr              : LPM       0a000a1d/32
* standard_metadata.ingress_port: EXACT     0002
Action entry: MyIngress.ipv4_forward - a000a1d,4,

[06:05:01.239] [bmv2] [T] [thread 247357] bm_table_add_entry
[06:05:01.239] [bmv2] [D] [thread 247357] Entry 142 added to table 'MyIngress.ipv4_lpm'
[06:05:01.239] [bmv2] [D] [thread 247357] Dumping entry 142
Match key:
* hdr.ipv4.dstAddr              : LPM       0a000a1d/32
* standard_metadata.ingress_port: EXACT     0003
Action entry: MyIngress.ipv4_forward - a000a1d,4,

[06:05:01.239] [bmv2] [T] [thread 247357] bm_table_add_entry
[06:05:01.239] [bmv2] [D] [thread 247357] Entry 143 added to table 'MyIngress.ipv4_lpm'
[06:05:01.239] [bmv2] [D] [thread 247357] Dumping entry 143
Match key:
* hdr.ipv4.dstAddr              : LPM       0a000a1d/32
* standard_metadata.ingress_port: EXACT     0005
Action entry: MyIngress.ipv4_forward - a000a1d,4,

[06:05:01.240] [bmv2] [T] [thread 247357] bm_table_add_entry
[06:05:01.240] [bmv2] [D] [thread 247357] Entry 144 added to table 'MyIngress.ipv4_lpm'
[06:05:01.240] [bmv2] [D] [thread 247357] Dumping entry 144
Match key:
* hdr.ipv4.dstAddr              : LPM       0a000a1d/32
* standard_metadata.ingress_port: EXACT     0006
Action entry: MyIngress.ipv4_forward - a000a1d,4,

[06:05:01.241] [bmv2] [T] [thread 247357] bm_table_add_entry
[06:05:01.241] [bmv2] [D] [thread 247357] Entry 145 added to table 'MyIngress.ipv4_lpm'
[06:05:01.241] [bmv2] [D] [thread 247357] Dumping entry 145
Match key:
* hdr.ipv4.dstAddr              : LPM       0a000a1e/32
* standard_metadata.ingress_port: EXACT     0001
Action entry: MyIngress.ipv4_forward - a000a1e,4,

[06:05:01.242] [bmv2] [T] [thread 247357] bm_table_add_entry
[06:05:01.242] [bmv2] [D] [thread 247357] Entry 146 added to table 'MyIngress.ipv4_lpm'
[06:05:01.242] [bmv2] [D] [thread 247357] Dumping entry 146
Match key:
* hdr.ipv4.dstAddr              : LPM       0a000a1e/32
* standard_metadata.ingress_port: EXACT     0002
Action entry: MyIngress.ipv4_forward - a000a1e,4,

[06:05:01.243] [bmv2] [T] [thread 247357] bm_table_add_entry
[06:05:01.243] [bmv2] [D] [thread 247357] Entry 147 added to table 'MyIngress.ipv4_lpm'
[06:05:01.243] [bmv2] [D] [thread 247357] Dumping entry 147
Match key:
* hdr.ipv4.dstAddr              : LPM       0a000a1e/32
* standard_metadata.ingress_port: EXACT     0003
Action entry: MyIngress.ipv4_forward - a000a1e,4,

[06:05:01.243] [bmv2] [T] [thread 247357] bm_table_add_entry
[06:05:01.243] [bmv2] [D] [thread 247357] Entry 148 added to table 'MyIngress.ipv4_lpm'
[06:05:01.244] [bmv2] [D] [thread 247357] Dumping entry 148
Match key:
* hdr.ipv4.dstAddr              : LPM       0a000a1e/32
* standard_metadata.ingress_port: EXACT     0005
Action entry: MyIngress.ipv4_forward - a000a1e,4,

[06:05:01.244] [bmv2] [T] [thread 247357] bm_table_add_entry
[06:05:01.244] [bmv2] [D] [thread 247357] Entry 149 added to table 'MyIngress.ipv4_lpm'
[06:05:01.244] [bmv2] [D] [thread 247357] Dumping entry 149
Match key:
* hdr.ipv4.dstAddr              : LPM       0a000a1e/32
* standard_metadata.ingress_port: EXACT     0006
Action entry: MyIngress.ipv4_forward - a000a1e,4,

[06:05:01.245] [bmv2] [T] [thread 247357] bm_table_add_entry
[06:05:01.245] [bmv2] [D] [thread 247357] Entry 150 added to table 'MyIngress.ipv4_lpm'
[06:05:01.245] [bmv2] [D] [thread 247357] Dumping entry 150
Match key:
* hdr.ipv4.dstAddr              : LPM       0a000b1f/32
* standard_metadata.ingress_port: EXACT     0001
Action entry: MyIngress.ipv4_forward - a000b1f,4,

[06:05:01.246] [bmv2] [T] [thread 247357] bm_table_add_entry
[06:05:01.246] [bmv2] [D] [thread 247357] Entry 151 added to table 'MyIngress.ipv4_lpm'
[06:05:01.246] [bmv2] [D] [thread 247357] Dumping entry 151
Match key:
* hdr.ipv4.dstAddr              : LPM       0a000b1f/32
* standard_metadata.ingress_port: EXACT     0002
Action entry: MyIngress.ipv4_forward - a000b1f,4,

[06:05:01.247] [bmv2] [T] [thread 247357] bm_table_add_entry
[06:05:01.247] [bmv2] [D] [thread 247357] Entry 152 added to table 'MyIngress.ipv4_lpm'
[06:05:01.247] [bmv2] [D] [thread 247357] Dumping entry 152
Match key:
* hdr.ipv4.dstAddr              : LPM       0a000b1f/32
* standard_metadata.ingress_port: EXACT     0003
Action entry: MyIngress.ipv4_forward - a000b1f,4,

[06:05:01.248] [bmv2] [T] [thread 247357] bm_table_add_entry
[06:05:01.248] [bmv2] [D] [thread 247357] Entry 153 added to table 'MyIngress.ipv4_lpm'
[06:05:01.248] [bmv2] [D] [thread 247357] Dumping entry 153
Match key:
* hdr.ipv4.dstAddr              : LPM       0a000b1f/32
* standard_metadata.ingress_port: EXACT     0005
Action entry: MyIngress.ipv4_forward - a000b1f,4,

[06:05:01.249] [bmv2] [T] [thread 247357] bm_table_add_entry
[06:05:01.249] [bmv2] [D] [thread 247357] Entry 154 added to table 'MyIngress.ipv4_lpm'
[06:05:01.249] [bmv2] [D] [thread 247357] Dumping entry 154
Match key:
* hdr.ipv4.dstAddr              : LPM       0a000b1f/32
* standard_metadata.ingress_port: EXACT     0006
Action entry: MyIngress.ipv4_forward - a000b1f,4,

[06:05:01.249] [bmv2] [T] [thread 247357] bm_table_add_entry
[06:05:01.250] [bmv2] [D] [thread 247357] Entry 155 added to table 'MyIngress.ipv4_lpm'
[06:05:01.250] [bmv2] [D] [thread 247357] Dumping entry 155
Match key:
* hdr.ipv4.dstAddr              : LPM       0a000b20/32
* standard_metadata.ingress_port: EXACT     0001
Action entry: MyIngress.ipv4_forward - a000b20,4,

[06:05:01.250] [bmv2] [T] [thread 247357] bm_table_add_entry
[06:05:01.250] [bmv2] [D] [thread 247357] Entry 156 added to table 'MyIngress.ipv4_lpm'
[06:05:01.250] [bmv2] [D] [thread 247357] Dumping entry 156
Match key:
* hdr.ipv4.dstAddr              : LPM       0a000b20/32
* standard_metadata.ingress_port: EXACT     0002
Action entry: MyIngress.ipv4_forward - a000b20,4,

[06:05:01.251] [bmv2] [T] [thread 247357] bm_table_add_entry
[06:05:01.251] [bmv2] [D] [thread 247357] Entry 157 added to table 'MyIngress.ipv4_lpm'
[06:05:01.251] [bmv2] [D] [thread 247357] Dumping entry 157
Match key:
* hdr.ipv4.dstAddr              : LPM       0a000b20/32
* standard_metadata.ingress_port: EXACT     0003
Action entry: MyIngress.ipv4_forward - a000b20,4,

[06:05:01.252] [bmv2] [T] [thread 247357] bm_table_add_entry
[06:05:01.252] [bmv2] [D] [thread 247357] Entry 158 added to table 'MyIngress.ipv4_lpm'
[06:05:01.252] [bmv2] [D] [thread 247357] Dumping entry 158
Match key:
* hdr.ipv4.dstAddr              : LPM       0a000b20/32
* standard_metadata.ingress_port: EXACT     0005
Action entry: MyIngress.ipv4_forward - a000b20,4,

[06:05:01.253] [bmv2] [T] [thread 247357] bm_table_add_entry
[06:05:01.253] [bmv2] [D] [thread 247357] Entry 159 added to table 'MyIngress.ipv4_lpm'
[06:05:01.253] [bmv2] [D] [thread 247357] Dumping entry 159
Match key:
* hdr.ipv4.dstAddr              : LPM       0a000b20/32
* standard_metadata.ingress_port: EXACT     0006
Action entry: MyIngress.ipv4_forward - a000b20,4,

[06:05:01.254] [bmv2] [T] [thread 247357] bm_table_add_entry
[06:05:01.254] [bmv2] [D] [thread 247357] Entry 160 added to table 'MyIngress.ipv4_lpm'
[06:05:01.254] [bmv2] [D] [thread 247357] Dumping entry 160
Match key:
* hdr.ipv4.dstAddr              : LPM       0a000b21/32
* standard_metadata.ingress_port: EXACT     0001
Action entry: MyIngress.ipv4_forward - a000b21,4,

[06:05:01.254] [bmv2] [T] [thread 247357] bm_table_add_entry
[06:05:01.255] [bmv2] [D] [thread 247357] Entry 161 added to table 'MyIngress.ipv4_lpm'
[06:05:01.255] [bmv2] [D] [thread 247357] Dumping entry 161
Match key:
* hdr.ipv4.dstAddr              : LPM       0a000b21/32
* standard_metadata.ingress_port: EXACT     0002
Action entry: MyIngress.ipv4_forward - a000b21,4,

[06:05:01.255] [bmv2] [T] [thread 247357] bm_table_add_entry
[06:05:01.256] [bmv2] [D] [thread 247357] Entry 162 added to table 'MyIngress.ipv4_lpm'
[06:05:01.256] [bmv2] [D] [thread 247357] Dumping entry 162
Match key:
* hdr.ipv4.dstAddr              : LPM       0a000b21/32
* standard_metadata.ingress_port: EXACT     0003
Action entry: MyIngress.ipv4_forward - a000b21,4,

[06:05:01.256] [bmv2] [T] [thread 247357] bm_table_add_entry
[06:05:01.256] [bmv2] [D] [thread 247357] Entry 163 added to table 'MyIngress.ipv4_lpm'
[06:05:01.257] [bmv2] [D] [thread 247357] Dumping entry 163
Match key:
* hdr.ipv4.dstAddr              : LPM       0a000b21/32
* standard_metadata.ingress_port: EXACT     0005
Action entry: MyIngress.ipv4_forward - a000b21,4,

[06:05:01.257] [bmv2] [T] [thread 247357] bm_table_add_entry
[06:05:01.257] [bmv2] [D] [thread 247357] Entry 164 added to table 'MyIngress.ipv4_lpm'
[06:05:01.257] [bmv2] [D] [thread 247357] Dumping entry 164
Match key:
* hdr.ipv4.dstAddr              : LPM       0a000b21/32
* standard_metadata.ingress_port: EXACT     0006
Action entry: MyIngress.ipv4_forward - a000b21,4,

[06:05:01.258] [bmv2] [T] [thread 247357] bm_table_add_entry
[06:05:01.258] [bmv2] [D] [thread 247357] Entry 165 added to table 'MyIngress.ipv4_lpm'
[06:05:01.258] [bmv2] [D] [thread 247357] Dumping entry 165
Match key:
* hdr.ipv4.dstAddr              : LPM       0a000c22/32
* standard_metadata.ingress_port: EXACT     0001
Action entry: MyIngress.ipv4_forward - a000c22,4,

[06:05:01.259] [bmv2] [T] [thread 247357] bm_table_add_entry
[06:05:01.259] [bmv2] [D] [thread 247357] Entry 166 added to table 'MyIngress.ipv4_lpm'
[06:05:01.259] [bmv2] [D] [thread 247357] Dumping entry 166
Match key:
* hdr.ipv4.dstAddr              : LPM       0a000c22/32
* standard_metadata.ingress_port: EXACT     0002
Action entry: MyIngress.ipv4_forward - a000c22,4,

[06:05:01.259] [bmv2] [T] [thread 247357] bm_table_add_entry
[06:05:01.260] [bmv2] [D] [thread 247357] Entry 167 added to table 'MyIngress.ipv4_lpm'
[06:05:01.260] [bmv2] [D] [thread 247357] Dumping entry 167
Match key:
* hdr.ipv4.dstAddr              : LPM       0a000c22/32
* standard_metadata.ingress_port: EXACT     0003
Action entry: MyIngress.ipv4_forward - a000c22,4,

[06:05:01.260] [bmv2] [T] [thread 247357] bm_table_add_entry
[06:05:01.261] [bmv2] [D] [thread 247357] Entry 168 added to table 'MyIngress.ipv4_lpm'
[06:05:01.261] [bmv2] [D] [thread 247357] Dumping entry 168
Match key:
* hdr.ipv4.dstAddr              : LPM       0a000c22/32
* standard_metadata.ingress_port: EXACT     0005
Action entry: MyIngress.ipv4_forward - a000c22,4,

[06:05:01.262] [bmv2] [T] [thread 247357] bm_table_add_entry
[06:05:01.262] [bmv2] [D] [thread 247357] Entry 169 added to table 'MyIngress.ipv4_lpm'
[06:05:01.262] [bmv2] [D] [thread 247357] Dumping entry 169
Match key:
* hdr.ipv4.dstAddr              : LPM       0a000c22/32
* standard_metadata.ingress_port: EXACT     0006
Action entry: MyIngress.ipv4_forward - a000c22,4,

[06:05:01.262] [bmv2] [T] [thread 247357] bm_table_add_entry
[06:05:01.262] [bmv2] [D] [thread 247357] Entry 170 added to table 'MyIngress.ipv4_lpm'
[06:05:01.262] [bmv2] [D] [thread 247357] Dumping entry 170
Match key:
* hdr.ipv4.dstAddr              : LPM       0a000c23/32
* standard_metadata.ingress_port: EXACT     0001
Action entry: MyIngress.ipv4_forward - a000c23,4,

[06:05:01.263] [bmv2] [T] [thread 247357] bm_table_add_entry
[06:05:01.263] [bmv2] [D] [thread 247357] Entry 171 added to table 'MyIngress.ipv4_lpm'
[06:05:01.263] [bmv2] [D] [thread 247357] Dumping entry 171
Match key:
* hdr.ipv4.dstAddr              : LPM       0a000c23/32
* standard_metadata.ingress_port: EXACT     0002
Action entry: MyIngress.ipv4_forward - a000c23,4,

[06:05:01.264] [bmv2] [T] [thread 247357] bm_table_add_entry
[06:05:01.264] [bmv2] [D] [thread 247357] Entry 172 added to table 'MyIngress.ipv4_lpm'
[06:05:01.264] [bmv2] [D] [thread 247357] Dumping entry 172
Match key:
* hdr.ipv4.dstAddr              : LPM       0a000c23/32
* standard_metadata.ingress_port: EXACT     0003
Action entry: MyIngress.ipv4_forward - a000c23,4,

[06:05:01.265] [bmv2] [T] [thread 247357] bm_table_add_entry
[06:05:01.265] [bmv2] [D] [thread 247357] Entry 173 added to table 'MyIngress.ipv4_lpm'
[06:05:01.265] [bmv2] [D] [thread 247357] Dumping entry 173
Match key:
* hdr.ipv4.dstAddr              : LPM       0a000c23/32
* standard_metadata.ingress_port: EXACT     0005
Action entry: MyIngress.ipv4_forward - a000c23,4,

[06:05:01.266] [bmv2] [T] [thread 247357] bm_table_add_entry
[06:05:01.266] [bmv2] [D] [thread 247357] Entry 174 added to table 'MyIngress.ipv4_lpm'
[06:05:01.266] [bmv2] [D] [thread 247357] Dumping entry 174
Match key:
* hdr.ipv4.dstAddr              : LPM       0a000c23/32
* standard_metadata.ingress_port: EXACT     0006
Action entry: MyIngress.ipv4_forward - a000c23,4,

[06:05:01.266] [bmv2] [T] [thread 247357] bm_table_add_entry
[06:05:01.266] [bmv2] [D] [thread 247357] Entry 175 added to table 'MyIngress.ipv4_lpm'
[06:05:01.267] [bmv2] [D] [thread 247357] Dumping entry 175
Match key:
* hdr.ipv4.dstAddr              : LPM       0a000c24/32
* standard_metadata.ingress_port: EXACT     0001
Action entry: MyIngress.ipv4_forward - a000c24,4,

[06:05:01.267] [bmv2] [T] [thread 247357] bm_table_add_entry
[06:05:01.267] [bmv2] [D] [thread 247357] Entry 176 added to table 'MyIngress.ipv4_lpm'
[06:05:01.267] [bmv2] [D] [thread 247357] Dumping entry 176
Match key:
* hdr.ipv4.dstAddr              : LPM       0a000c24/32
* standard_metadata.ingress_port: EXACT     0002
Action entry: MyIngress.ipv4_forward - a000c24,4,

[06:05:01.268] [bmv2] [T] [thread 247357] bm_table_add_entry
[06:05:01.268] [bmv2] [D] [thread 247357] Entry 177 added to table 'MyIngress.ipv4_lpm'
[06:05:01.268] [bmv2] [D] [thread 247357] Dumping entry 177
Match key:
* hdr.ipv4.dstAddr              : LPM       0a000c24/32
* standard_metadata.ingress_port: EXACT     0003
Action entry: MyIngress.ipv4_forward - a000c24,4,

[06:05:01.269] [bmv2] [T] [thread 247357] bm_table_add_entry
[06:05:01.269] [bmv2] [D] [thread 247357] Entry 178 added to table 'MyIngress.ipv4_lpm'
[06:05:01.269] [bmv2] [D] [thread 247357] Dumping entry 178
Match key:
* hdr.ipv4.dstAddr              : LPM       0a000c24/32
* standard_metadata.ingress_port: EXACT     0005
Action entry: MyIngress.ipv4_forward - a000c24,4,

[06:05:01.270] [bmv2] [T] [thread 247357] bm_table_add_entry
[06:05:01.270] [bmv2] [D] [thread 247357] Entry 179 added to table 'MyIngress.ipv4_lpm'
[06:05:01.270] [bmv2] [D] [thread 247357] Dumping entry 179
Match key:
* hdr.ipv4.dstAddr              : LPM       0a000c24/32
* standard_metadata.ingress_port: EXACT     0006
Action entry: MyIngress.ipv4_forward - a000c24,4,

[06:05:01.270] [bmv2] [T] [thread 247357] bm_table_add_entry
[06:05:01.271] [bmv2] [D] [thread 247357] Entry 180 added to table 'MyIngress.ipv4_lpm'
[06:05:01.271] [bmv2] [D] [thread 247357] Dumping entry 180
Match key:
* hdr.ipv4.dstAddr              : LPM       0a000d25/32
* standard_metadata.ingress_port: EXACT     0001
Action entry: MyIngress.ipv4_forward - a000d25,5,

[06:05:01.271] [bmv2] [T] [thread 247357] bm_table_add_entry
[06:05:01.271] [bmv2] [D] [thread 247357] Entry 181 added to table 'MyIngress.ipv4_lpm'
[06:05:01.271] [bmv2] [D] [thread 247357] Dumping entry 181
Match key:
* hdr.ipv4.dstAddr              : LPM       0a000d25/32
* standard_metadata.ingress_port: EXACT     0002
Action entry: MyIngress.ipv4_forward - a000d25,5,

[06:05:01.272] [bmv2] [T] [thread 247357] bm_table_add_entry
[06:05:01.272] [bmv2] [D] [thread 247357] Entry 182 added to table 'MyIngress.ipv4_lpm'
[06:05:01.272] [bmv2] [D] [thread 247357] Dumping entry 182
Match key:
* hdr.ipv4.dstAddr              : LPM       0a000d25/32
* standard_metadata.ingress_port: EXACT     0003
Action entry: MyIngress.ipv4_forward - a000d25,5,

[06:05:01.273] [bmv2] [T] [thread 247357] bm_table_add_entry
[06:05:01.273] [bmv2] [D] [thread 247357] Entry 183 added to table 'MyIngress.ipv4_lpm'
[06:05:01.273] [bmv2] [D] [thread 247357] Dumping entry 183
Match key:
* hdr.ipv4.dstAddr              : LPM       0a000d25/32
* standard_metadata.ingress_port: EXACT     0004
Action entry: MyIngress.ipv4_forward - a000d25,5,

[06:05:01.274] [bmv2] [T] [thread 247357] bm_table_add_entry
[06:05:01.274] [bmv2] [D] [thread 247357] Entry 184 added to table 'MyIngress.ipv4_lpm'
[06:05:01.274] [bmv2] [D] [thread 247357] Dumping entry 184
Match key:
* hdr.ipv4.dstAddr              : LPM       0a000d25/32
* standard_metadata.ingress_port: EXACT     0006
Action entry: MyIngress.ipv4_forward - a000d25,5,

[06:05:01.274] [bmv2] [T] [thread 247357] bm_table_add_entry
[06:05:01.274] [bmv2] [D] [thread 247357] Entry 185 added to table 'MyIngress.ipv4_lpm'
[06:05:01.275] [bmv2] [D] [thread 247357] Dumping entry 185
Match key:
* hdr.ipv4.dstAddr              : LPM       0a000d26/32
* standard_metadata.ingress_port: EXACT     0001
Action entry: MyIngress.ipv4_forward - a000d26,5,

[06:05:01.275] [bmv2] [T] [thread 247357] bm_table_add_entry
[06:05:01.276] [bmv2] [D] [thread 247357] Entry 186 added to table 'MyIngress.ipv4_lpm'
[06:05:01.276] [bmv2] [D] [thread 247357] Dumping entry 186
Match key:
* hdr.ipv4.dstAddr              : LPM       0a000d26/32
* standard_metadata.ingress_port: EXACT     0002
Action entry: MyIngress.ipv4_forward - a000d26,5,

[06:05:01.276] [bmv2] [T] [thread 247357] bm_table_add_entry
[06:05:01.277] [bmv2] [D] [thread 247357] Entry 187 added to table 'MyIngress.ipv4_lpm'
[06:05:01.277] [bmv2] [D] [thread 247357] Dumping entry 187
Match key:
* hdr.ipv4.dstAddr              : LPM       0a000d26/32
* standard_metadata.ingress_port: EXACT     0003
Action entry: MyIngress.ipv4_forward - a000d26,5,

[06:05:01.277] [bmv2] [T] [thread 247357] bm_table_add_entry
[06:05:01.277] [bmv2] [D] [thread 247357] Entry 188 added to table 'MyIngress.ipv4_lpm'
[06:05:01.277] [bmv2] [D] [thread 247357] Dumping entry 188
Match key:
* hdr.ipv4.dstAddr              : LPM       0a000d26/32
* standard_metadata.ingress_port: EXACT     0004
Action entry: MyIngress.ipv4_forward - a000d26,5,

[06:05:01.278] [bmv2] [T] [thread 247357] bm_table_add_entry
[06:05:01.278] [bmv2] [D] [thread 247357] Entry 189 added to table 'MyIngress.ipv4_lpm'
[06:05:01.278] [bmv2] [D] [thread 247357] Dumping entry 189
Match key:
* hdr.ipv4.dstAddr              : LPM       0a000d26/32
* standard_metadata.ingress_port: EXACT     0006
Action entry: MyIngress.ipv4_forward - a000d26,5,

[06:05:01.279] [bmv2] [T] [thread 247357] bm_table_add_entry
[06:05:01.279] [bmv2] [D] [thread 247357] Entry 190 added to table 'MyIngress.ipv4_lpm'
[06:05:01.279] [bmv2] [D] [thread 247357] Dumping entry 190
Match key:
* hdr.ipv4.dstAddr              : LPM       0a000d27/32
* standard_metadata.ingress_port: EXACT     0001
Action entry: MyIngress.ipv4_forward - a000d27,5,

[06:05:01.280] [bmv2] [T] [thread 247357] bm_table_add_entry
[06:05:01.280] [bmv2] [D] [thread 247357] Entry 191 added to table 'MyIngress.ipv4_lpm'
[06:05:01.280] [bmv2] [D] [thread 247357] Dumping entry 191
Match key:
* hdr.ipv4.dstAddr              : LPM       0a000d27/32
* standard_metadata.ingress_port: EXACT     0002
Action entry: MyIngress.ipv4_forward - a000d27,5,

[06:05:01.280] [bmv2] [T] [thread 247357] bm_table_add_entry
[06:05:01.280] [bmv2] [D] [thread 247357] Entry 192 added to table 'MyIngress.ipv4_lpm'
[06:05:01.280] [bmv2] [D] [thread 247357] Dumping entry 192
Match key:
* hdr.ipv4.dstAddr              : LPM       0a000d27/32
* standard_metadata.ingress_port: EXACT     0003
Action entry: MyIngress.ipv4_forward - a000d27,5,

[06:05:01.281] [bmv2] [T] [thread 247357] bm_table_add_entry
[06:05:01.281] [bmv2] [D] [thread 247357] Entry 193 added to table 'MyIngress.ipv4_lpm'
[06:05:01.281] [bmv2] [D] [thread 247357] Dumping entry 193
Match key:
* hdr.ipv4.dstAddr              : LPM       0a000d27/32
* standard_metadata.ingress_port: EXACT     0004
Action entry: MyIngress.ipv4_forward - a000d27,5,

[06:05:01.282] [bmv2] [T] [thread 247357] bm_table_add_entry
[06:05:01.282] [bmv2] [D] [thread 247357] Entry 194 added to table 'MyIngress.ipv4_lpm'
[06:05:01.282] [bmv2] [D] [thread 247357] Dumping entry 194
Match key:
* hdr.ipv4.dstAddr              : LPM       0a000d27/32
* standard_metadata.ingress_port: EXACT     0006
Action entry: MyIngress.ipv4_forward - a000d27,5,

[06:05:01.282] [bmv2] [T] [thread 247357] bm_table_add_entry
[06:05:01.283] [bmv2] [D] [thread 247357] Entry 195 added to table 'MyIngress.ipv4_lpm'
[06:05:01.283] [bmv2] [D] [thread 247357] Dumping entry 195
Match key:
* hdr.ipv4.dstAddr              : LPM       0a000e28/32
* standard_metadata.ingress_port: EXACT     0001
Action entry: MyIngress.ipv4_forward - a000e28,5,

[06:05:01.283] [bmv2] [T] [thread 247357] bm_table_add_entry
[06:05:01.283] [bmv2] [D] [thread 247357] Entry 196 added to table 'MyIngress.ipv4_lpm'
[06:05:01.283] [bmv2] [D] [thread 247357] Dumping entry 196
Match key:
* hdr.ipv4.dstAddr              : LPM       0a000e28/32
* standard_metadata.ingress_port: EXACT     0002
Action entry: MyIngress.ipv4_forward - a000e28,5,

[06:05:01.284] [bmv2] [T] [thread 247357] bm_table_add_entry
[06:05:01.284] [bmv2] [D] [thread 247357] Entry 197 added to table 'MyIngress.ipv4_lpm'
[06:05:01.284] [bmv2] [D] [thread 247357] Dumping entry 197
Match key:
* hdr.ipv4.dstAddr              : LPM       0a000e28/32
* standard_metadata.ingress_port: EXACT     0003
Action entry: MyIngress.ipv4_forward - a000e28,5,

[06:05:01.284] [bmv2] [T] [thread 247357] bm_table_add_entry
[06:05:01.285] [bmv2] [D] [thread 247357] Entry 198 added to table 'MyIngress.ipv4_lpm'
[06:05:01.285] [bmv2] [D] [thread 247357] Dumping entry 198
Match key:
* hdr.ipv4.dstAddr              : LPM       0a000e28/32
* standard_metadata.ingress_port: EXACT     0004
Action entry: MyIngress.ipv4_forward - a000e28,5,

[06:05:01.285] [bmv2] [T] [thread 247357] bm_table_add_entry
[06:05:01.285] [bmv2] [D] [thread 247357] Entry 199 added to table 'MyIngress.ipv4_lpm'
[06:05:01.285] [bmv2] [D] [thread 247357] Dumping entry 199
Match key:
* hdr.ipv4.dstAddr              : LPM       0a000e28/32
* standard_metadata.ingress_port: EXACT     0006
Action entry: MyIngress.ipv4_forward - a000e28,5,

[06:05:01.286] [bmv2] [T] [thread 247357] bm_table_add_entry
[06:05:01.286] [bmv2] [D] [thread 247357] Entry 200 added to table 'MyIngress.ipv4_lpm'
[06:05:01.286] [bmv2] [D] [thread 247357] Dumping entry 200
Match key:
* hdr.ipv4.dstAddr              : LPM       0a000e29/32
* standard_metadata.ingress_port: EXACT     0001
Action entry: MyIngress.ipv4_forward - a000e29,5,

[06:05:01.287] [bmv2] [T] [thread 247357] bm_table_add_entry
[06:05:01.287] [bmv2] [D] [thread 247357] Entry 201 added to table 'MyIngress.ipv4_lpm'
[06:05:01.287] [bmv2] [D] [thread 247357] Dumping entry 201
Match key:
* hdr.ipv4.dstAddr              : LPM       0a000e29/32
* standard_metadata.ingress_port: EXACT     0002
Action entry: MyIngress.ipv4_forward - a000e29,5,

[06:05:01.287] [bmv2] [T] [thread 247357] bm_table_add_entry
[06:05:01.288] [bmv2] [D] [thread 247357] Entry 202 added to table 'MyIngress.ipv4_lpm'
[06:05:01.288] [bmv2] [D] [thread 247357] Dumping entry 202
Match key:
* hdr.ipv4.dstAddr              : LPM       0a000e29/32
* standard_metadata.ingress_port: EXACT     0003
Action entry: MyIngress.ipv4_forward - a000e29,5,

[06:05:01.288] [bmv2] [T] [thread 247357] bm_table_add_entry
[06:05:01.289] [bmv2] [D] [thread 247357] Entry 203 added to table 'MyIngress.ipv4_lpm'
[06:05:01.289] [bmv2] [D] [thread 247357] Dumping entry 203
Match key:
* hdr.ipv4.dstAddr              : LPM       0a000e29/32
* standard_metadata.ingress_port: EXACT     0004
Action entry: MyIngress.ipv4_forward - a000e29,5,

[06:05:01.289] [bmv2] [T] [thread 247357] bm_table_add_entry
[06:05:01.289] [bmv2] [D] [thread 247357] Entry 204 added to table 'MyIngress.ipv4_lpm'
[06:05:01.289] [bmv2] [D] [thread 247357] Dumping entry 204
Match key:
* hdr.ipv4.dstAddr              : LPM       0a000e29/32
* standard_metadata.ingress_port: EXACT     0006
Action entry: MyIngress.ipv4_forward - a000e29,5,

[06:05:01.290] [bmv2] [T] [thread 247357] bm_table_add_entry
[06:05:01.290] [bmv2] [D] [thread 247357] Entry 205 added to table 'MyIngress.ipv4_lpm'
[06:05:01.290] [bmv2] [D] [thread 247357] Dumping entry 205
Match key:
* hdr.ipv4.dstAddr              : LPM       0a000e2a/32
* standard_metadata.ingress_port: EXACT     0001
Action entry: MyIngress.ipv4_forward - a000e2a,5,

[06:05:01.291] [bmv2] [T] [thread 247357] bm_table_add_entry
[06:05:01.291] [bmv2] [D] [thread 247357] Entry 206 added to table 'MyIngress.ipv4_lpm'
[06:05:01.291] [bmv2] [D] [thread 247357] Dumping entry 206
Match key:
* hdr.ipv4.dstAddr              : LPM       0a000e2a/32
* standard_metadata.ingress_port: EXACT     0002
Action entry: MyIngress.ipv4_forward - a000e2a,5,

[06:05:01.292] [bmv2] [T] [thread 247357] bm_table_add_entry
[06:05:01.292] [bmv2] [D] [thread 247357] Entry 207 added to table 'MyIngress.ipv4_lpm'
[06:05:01.292] [bmv2] [D] [thread 247357] Dumping entry 207
Match key:
* hdr.ipv4.dstAddr              : LPM       0a000e2a/32
* standard_metadata.ingress_port: EXACT     0003
Action entry: MyIngress.ipv4_forward - a000e2a,5,

[06:05:01.293] [bmv2] [T] [thread 247357] bm_table_add_entry
[06:05:01.293] [bmv2] [D] [thread 247357] Entry 208 added to table 'MyIngress.ipv4_lpm'
[06:05:01.293] [bmv2] [D] [thread 247357] Dumping entry 208
Match key:
* hdr.ipv4.dstAddr              : LPM       0a000e2a/32
* standard_metadata.ingress_port: EXACT     0004
Action entry: MyIngress.ipv4_forward - a000e2a,5,

[06:05:01.294] [bmv2] [T] [thread 247357] bm_table_add_entry
[06:05:01.294] [bmv2] [D] [thread 247357] Entry 209 added to table 'MyIngress.ipv4_lpm'
[06:05:01.294] [bmv2] [D] [thread 247357] Dumping entry 209
Match key:
* hdr.ipv4.dstAddr              : LPM       0a000e2a/32
* standard_metadata.ingress_port: EXACT     0006
Action entry: MyIngress.ipv4_forward - a000e2a,5,

[06:05:01.294] [bmv2] [T] [thread 247357] bm_table_add_entry
[06:05:01.294] [bmv2] [D] [thread 247357] Entry 210 added to table 'MyIngress.ipv4_lpm'
[06:05:01.294] [bmv2] [D] [thread 247357] Dumping entry 210
Match key:
* hdr.ipv4.dstAddr              : LPM       0a000f2b/32
* standard_metadata.ingress_port: EXACT     0001
Action entry: MyIngress.ipv4_forward - a000f2b,5,

[06:05:01.295] [bmv2] [T] [thread 247357] bm_table_add_entry
[06:05:01.295] [bmv2] [D] [thread 247357] Entry 211 added to table 'MyIngress.ipv4_lpm'
[06:05:01.295] [bmv2] [D] [thread 247357] Dumping entry 211
Match key:
* hdr.ipv4.dstAddr              : LPM       0a000f2b/32
* standard_metadata.ingress_port: EXACT     0002
Action entry: MyIngress.ipv4_forward - a000f2b,5,

[06:05:01.296] [bmv2] [T] [thread 247357] bm_table_add_entry
[06:05:01.296] [bmv2] [D] [thread 247357] Entry 212 added to table 'MyIngress.ipv4_lpm'
[06:05:01.296] [bmv2] [D] [thread 247357] Dumping entry 212
Match key:
* hdr.ipv4.dstAddr              : LPM       0a000f2b/32
* standard_metadata.ingress_port: EXACT     0003
Action entry: MyIngress.ipv4_forward - a000f2b,5,

[06:05:01.296] [bmv2] [T] [thread 247357] bm_table_add_entry
[06:05:01.297] [bmv2] [D] [thread 247357] Entry 213 added to table 'MyIngress.ipv4_lpm'
[06:05:01.297] [bmv2] [D] [thread 247357] Dumping entry 213
Match key:
* hdr.ipv4.dstAddr              : LPM       0a000f2b/32
* standard_metadata.ingress_port: EXACT     0004
Action entry: MyIngress.ipv4_forward - a000f2b,5,

[06:05:01.297] [bmv2] [T] [thread 247357] bm_table_add_entry
[06:05:01.297] [bmv2] [D] [thread 247357] Entry 214 added to table 'MyIngress.ipv4_lpm'
[06:05:01.297] [bmv2] [D] [thread 247357] Dumping entry 214
Match key:
* hdr.ipv4.dstAddr              : LPM       0a000f2b/32
* standard_metadata.ingress_port: EXACT     0006
Action entry: MyIngress.ipv4_forward - a000f2b,5,

[06:05:01.298] [bmv2] [T] [thread 247357] bm_table_add_entry
[06:05:01.298] [bmv2] [D] [thread 247357] Entry 215 added to table 'MyIngress.ipv4_lpm'
[06:05:01.298] [bmv2] [D] [thread 247357] Dumping entry 215
Match key:
* hdr.ipv4.dstAddr              : LPM       0a000f2c/32
* standard_metadata.ingress_port: EXACT     0001
Action entry: MyIngress.ipv4_forward - a000f2c,5,

[06:05:01.299] [bmv2] [T] [thread 247357] bm_table_add_entry
[06:05:01.299] [bmv2] [D] [thread 247357] Entry 216 added to table 'MyIngress.ipv4_lpm'
[06:05:01.299] [bmv2] [D] [thread 247357] Dumping entry 216
Match key:
* hdr.ipv4.dstAddr              : LPM       0a000f2c/32
* standard_metadata.ingress_port: EXACT     0002
Action entry: MyIngress.ipv4_forward - a000f2c,5,

[06:05:01.299] [bmv2] [T] [thread 247357] bm_table_add_entry
[06:05:01.300] [bmv2] [D] [thread 247357] Entry 217 added to table 'MyIngress.ipv4_lpm'
[06:05:01.300] [bmv2] [D] [thread 247357] Dumping entry 217
Match key:
* hdr.ipv4.dstAddr              : LPM       0a000f2c/32
* standard_metadata.ingress_port: EXACT     0003
Action entry: MyIngress.ipv4_forward - a000f2c,5,

[06:05:01.300] [bmv2] [T] [thread 247357] bm_table_add_entry
[06:05:01.301] [bmv2] [D] [thread 247357] Entry 218 added to table 'MyIngress.ipv4_lpm'
[06:05:01.301] [bmv2] [D] [thread 247357] Dumping entry 218
Match key:
* hdr.ipv4.dstAddr              : LPM       0a000f2c/32
* standard_metadata.ingress_port: EXACT     0004
Action entry: MyIngress.ipv4_forward - a000f2c,5,

[06:05:01.301] [bmv2] [T] [thread 247357] bm_table_add_entry
[06:05:01.301] [bmv2] [D] [thread 247357] Entry 219 added to table 'MyIngress.ipv4_lpm'
[06:05:01.301] [bmv2] [D] [thread 247357] Dumping entry 219
Match key:
* hdr.ipv4.dstAddr              : LPM       0a000f2c/32
* standard_metadata.ingress_port: EXACT     0006
Action entry: MyIngress.ipv4_forward - a000f2c,5,

[06:05:01.302] [bmv2] [T] [thread 247357] bm_table_add_entry
[06:05:01.302] [bmv2] [D] [thread 247357] Entry 220 added to table 'MyIngress.ipv4_lpm'
[06:05:01.302] [bmv2] [D] [thread 247357] Dumping entry 220
Match key:
* hdr.ipv4.dstAddr              : LPM       0a000f2d/32
* standard_metadata.ingress_port: EXACT     0001
Action entry: MyIngress.ipv4_forward - a000f2d,5,

[06:05:01.303] [bmv2] [T] [thread 247357] bm_table_add_entry
[06:05:01.303] [bmv2] [D] [thread 247357] Entry 221 added to table 'MyIngress.ipv4_lpm'
[06:05:01.303] [bmv2] [D] [thread 247357] Dumping entry 221
Match key:
* hdr.ipv4.dstAddr              : LPM       0a000f2d/32
* standard_metadata.ingress_port: EXACT     0002
Action entry: MyIngress.ipv4_forward - a000f2d,5,

[06:05:01.304] [bmv2] [T] [thread 247357] bm_table_add_entry
[06:05:01.304] [bmv2] [D] [thread 247357] Entry 222 added to table 'MyIngress.ipv4_lpm'
[06:05:01.304] [bmv2] [D] [thread 247357] Dumping entry 222
Match key:
* hdr.ipv4.dstAddr              : LPM       0a000f2d/32
* standard_metadata.ingress_port: EXACT     0003
Action entry: MyIngress.ipv4_forward - a000f2d,5,

[06:05:01.304] [bmv2] [T] [thread 247357] bm_table_add_entry
[06:05:01.305] [bmv2] [D] [thread 247357] Entry 223 added to table 'MyIngress.ipv4_lpm'
[06:05:01.305] [bmv2] [D] [thread 247357] Dumping entry 223
Match key:
* hdr.ipv4.dstAddr              : LPM       0a000f2d/32
* standard_metadata.ingress_port: EXACT     0004
Action entry: MyIngress.ipv4_forward - a000f2d,5,

[06:05:01.305] [bmv2] [T] [thread 247357] bm_table_add_entry
[06:05:01.305] [bmv2] [D] [thread 247357] Entry 224 added to table 'MyIngress.ipv4_lpm'
[06:05:01.305] [bmv2] [D] [thread 247357] Dumping entry 224
Match key:
* hdr.ipv4.dstAddr              : LPM       0a000f2d/32
* standard_metadata.ingress_port: EXACT     0006
Action entry: MyIngress.ipv4_forward - a000f2d,5,

[06:05:01.306] [bmv2] [T] [thread 247357] bm_table_add_entry
[06:05:01.306] [bmv2] [D] [thread 247357] Entry 225 added to table 'MyIngress.ipv4_lpm'
[06:05:01.306] [bmv2] [D] [thread 247357] Dumping entry 225
Match key:
* hdr.ipv4.dstAddr              : LPM       0a00102e/32
* standard_metadata.ingress_port: EXACT     0001
Action entry: MyIngress.ipv4_forward - a00102e,6,

[06:05:01.307] [bmv2] [T] [thread 247357] bm_table_add_entry
[06:05:01.307] [bmv2] [D] [thread 247357] Entry 226 added to table 'MyIngress.ipv4_lpm'
[06:05:01.307] [bmv2] [D] [thread 247357] Dumping entry 226
Match key:
* hdr.ipv4.dstAddr              : LPM       0a00102e/32
* standard_metadata.ingress_port: EXACT     0002
Action entry: MyIngress.ipv4_forward - a00102e,6,

[06:05:01.307] [bmv2] [T] [thread 247357] bm_table_add_entry
[06:05:01.307] [bmv2] [D] [thread 247357] Entry 227 added to table 'MyIngress.ipv4_lpm'
[06:05:01.307] [bmv2] [D] [thread 247357] Dumping entry 227
Match key:
* hdr.ipv4.dstAddr              : LPM       0a00102e/32
* standard_metadata.ingress_port: EXACT     0003
Action entry: MyIngress.ipv4_forward - a00102e,6,

[06:05:01.308] [bmv2] [T] [thread 247357] bm_table_add_entry
[06:05:01.308] [bmv2] [D] [thread 247357] Entry 228 added to table 'MyIngress.ipv4_lpm'
[06:05:01.308] [bmv2] [D] [thread 247357] Dumping entry 228
Match key:
* hdr.ipv4.dstAddr              : LPM       0a00102e/32
* standard_metadata.ingress_port: EXACT     0004
Action entry: MyIngress.ipv4_forward - a00102e,6,

[06:05:01.309] [bmv2] [T] [thread 247357] bm_table_add_entry
[06:05:01.309] [bmv2] [D] [thread 247357] Entry 229 added to table 'MyIngress.ipv4_lpm'
[06:05:01.309] [bmv2] [D] [thread 247357] Dumping entry 229
Match key:
* hdr.ipv4.dstAddr              : LPM       0a00102e/32
* standard_metadata.ingress_port: EXACT     0005
Action entry: MyIngress.ipv4_forward - a00102e,6,

[06:05:01.310] [bmv2] [T] [thread 247357] bm_table_add_entry
[06:05:01.310] [bmv2] [D] [thread 247357] Entry 230 added to table 'MyIngress.ipv4_lpm'
[06:05:01.310] [bmv2] [D] [thread 247357] Dumping entry 230
Match key:
* hdr.ipv4.dstAddr              : LPM       0a00102f/32
* standard_metadata.ingress_port: EXACT     0001
Action entry: MyIngress.ipv4_forward - a00102f,6,

[06:05:01.310] [bmv2] [T] [thread 247357] bm_table_add_entry
[06:05:01.310] [bmv2] [D] [thread 247357] Entry 231 added to table 'MyIngress.ipv4_lpm'
[06:05:01.310] [bmv2] [D] [thread 247357] Dumping entry 231
Match key:
* hdr.ipv4.dstAddr              : LPM       0a00102f/32
* standard_metadata.ingress_port: EXACT     0002
Action entry: MyIngress.ipv4_forward - a00102f,6,

[06:05:01.311] [bmv2] [T] [thread 247357] bm_table_add_entry
[06:05:01.311] [bmv2] [D] [thread 247357] Entry 232 added to table 'MyIngress.ipv4_lpm'
[06:05:01.311] [bmv2] [D] [thread 247357] Dumping entry 232
Match key:
* hdr.ipv4.dstAddr              : LPM       0a00102f/32
* standard_metadata.ingress_port: EXACT     0003
Action entry: MyIngress.ipv4_forward - a00102f,6,

[06:05:01.312] [bmv2] [T] [thread 247357] bm_table_add_entry
[06:05:01.312] [bmv2] [D] [thread 247357] Entry 233 added to table 'MyIngress.ipv4_lpm'
[06:05:01.312] [bmv2] [D] [thread 247357] Dumping entry 233
Match key:
* hdr.ipv4.dstAddr              : LPM       0a00102f/32
* standard_metadata.ingress_port: EXACT     0004
Action entry: MyIngress.ipv4_forward - a00102f,6,

[06:05:01.313] [bmv2] [T] [thread 247357] bm_table_add_entry
[06:05:01.313] [bmv2] [D] [thread 247357] Entry 234 added to table 'MyIngress.ipv4_lpm'
[06:05:01.313] [bmv2] [D] [thread 247357] Dumping entry 234
Match key:
* hdr.ipv4.dstAddr              : LPM       0a00102f/32
* standard_metadata.ingress_port: EXACT     0005
Action entry: MyIngress.ipv4_forward - a00102f,6,

[06:05:01.314] [bmv2] [T] [thread 247357] bm_table_add_entry
[06:05:01.314] [bmv2] [D] [thread 247357] Entry 235 added to table 'MyIngress.ipv4_lpm'
[06:05:01.314] [bmv2] [D] [thread 247357] Dumping entry 235
Match key:
* hdr.ipv4.dstAddr              : LPM       0a001030/32
* standard_metadata.ingress_port: EXACT     0001
Action entry: MyIngress.ipv4_forward - a001030,6,

[06:05:01.314] [bmv2] [T] [thread 247357] bm_table_add_entry
[06:05:01.314] [bmv2] [D] [thread 247357] Entry 236 added to table 'MyIngress.ipv4_lpm'
[06:05:01.315] [bmv2] [D] [thread 247357] Dumping entry 236
Match key:
* hdr.ipv4.dstAddr              : LPM       0a001030/32
* standard_metadata.ingress_port: EXACT     0002
Action entry: MyIngress.ipv4_forward - a001030,6,

[06:05:01.315] [bmv2] [T] [thread 247357] bm_table_add_entry
[06:05:01.315] [bmv2] [D] [thread 247357] Entry 237 added to table 'MyIngress.ipv4_lpm'
[06:05:01.315] [bmv2] [D] [thread 247357] Dumping entry 237
Match key:
* hdr.ipv4.dstAddr              : LPM       0a001030/32
* standard_metadata.ingress_port: EXACT     0003
Action entry: MyIngress.ipv4_forward - a001030,6,

[06:05:01.316] [bmv2] [T] [thread 247357] bm_table_add_entry
[06:05:01.316] [bmv2] [D] [thread 247357] Entry 238 added to table 'MyIngress.ipv4_lpm'
[06:05:01.316] [bmv2] [D] [thread 247357] Dumping entry 238
Match key:
* hdr.ipv4.dstAddr              : LPM       0a001030/32
* standard_metadata.ingress_port: EXACT     0004
Action entry: MyIngress.ipv4_forward - a001030,6,

[06:05:01.317] [bmv2] [T] [thread 247357] bm_table_add_entry
[06:05:01.317] [bmv2] [D] [thread 247357] Entry 239 added to table 'MyIngress.ipv4_lpm'
[06:05:01.317] [bmv2] [D] [thread 247357] Dumping entry 239
Match key:
* hdr.ipv4.dstAddr              : LPM       0a001030/32
* standard_metadata.ingress_port: EXACT     0005
Action entry: MyIngress.ipv4_forward - a001030,6,

[06:05:01.317] [bmv2] [T] [thread 247357] bm_table_add_entry
[06:05:01.317] [bmv2] [D] [thread 247357] Entry 240 added to table 'MyIngress.ipv4_lpm'
[06:05:01.317] [bmv2] [D] [thread 247357] Dumping entry 240
Match key:
* hdr.ipv4.dstAddr              : LPM       0a001131/32
* standard_metadata.ingress_port: EXACT     0001
Action entry: MyIngress.ipv4_forward - a001131,6,

[06:05:01.318] [bmv2] [T] [thread 247357] bm_table_add_entry
[06:05:01.318] [bmv2] [D] [thread 247357] Entry 241 added to table 'MyIngress.ipv4_lpm'
[06:05:01.318] [bmv2] [D] [thread 247357] Dumping entry 241
Match key:
* hdr.ipv4.dstAddr              : LPM       0a001131/32
* standard_metadata.ingress_port: EXACT     0002
Action entry: MyIngress.ipv4_forward - a001131,6,

[06:05:01.319] [bmv2] [T] [thread 247357] bm_table_add_entry
[06:05:01.319] [bmv2] [D] [thread 247357] Entry 242 added to table 'MyIngress.ipv4_lpm'
[06:05:01.319] [bmv2] [D] [thread 247357] Dumping entry 242
Match key:
* hdr.ipv4.dstAddr              : LPM       0a001131/32
* standard_metadata.ingress_port: EXACT     0003
Action entry: MyIngress.ipv4_forward - a001131,6,

[06:05:01.320] [bmv2] [T] [thread 247357] bm_table_add_entry
[06:05:01.320] [bmv2] [D] [thread 247357] Entry 243 added to table 'MyIngress.ipv4_lpm'
[06:05:01.320] [bmv2] [D] [thread 247357] Dumping entry 243
Match key:
* hdr.ipv4.dstAddr              : LPM       0a001131/32
* standard_metadata.ingress_port: EXACT     0004
Action entry: MyIngress.ipv4_forward - a001131,6,

[06:05:01.321] [bmv2] [T] [thread 247357] bm_table_add_entry
[06:05:01.321] [bmv2] [D] [thread 247357] Entry 244 added to table 'MyIngress.ipv4_lpm'
[06:05:01.321] [bmv2] [D] [thread 247357] Dumping entry 244
Match key:
* hdr.ipv4.dstAddr              : LPM       0a001131/32
* standard_metadata.ingress_port: EXACT     0005
Action entry: MyIngress.ipv4_forward - a001131,6,

[06:05:01.321] [bmv2] [T] [thread 247357] bm_table_add_entry
[06:05:01.321] [bmv2] [D] [thread 247357] Entry 245 added to table 'MyIngress.ipv4_lpm'
[06:05:01.321] [bmv2] [D] [thread 247357] Dumping entry 245
Match key:
* hdr.ipv4.dstAddr              : LPM       0a001132/32
* standard_metadata.ingress_port: EXACT     0001
Action entry: MyIngress.ipv4_forward - a001132,6,

[06:05:01.322] [bmv2] [T] [thread 247357] bm_table_add_entry
[06:05:01.322] [bmv2] [D] [thread 247357] Entry 246 added to table 'MyIngress.ipv4_lpm'
[06:05:01.322] [bmv2] [D] [thread 247357] Dumping entry 246
Match key:
* hdr.ipv4.dstAddr              : LPM       0a001132/32
* standard_metadata.ingress_port: EXACT     0002
Action entry: MyIngress.ipv4_forward - a001132,6,

[06:05:01.323] [bmv2] [T] [thread 247357] bm_table_add_entry
[06:05:01.323] [bmv2] [D] [thread 247357] Entry 247 added to table 'MyIngress.ipv4_lpm'
[06:05:01.323] [bmv2] [D] [thread 247357] Dumping entry 247
Match key:
* hdr.ipv4.dstAddr              : LPM       0a001132/32
* standard_metadata.ingress_port: EXACT     0003
Action entry: MyIngress.ipv4_forward - a001132,6,

[06:05:01.324] [bmv2] [T] [thread 247357] bm_table_add_entry
[06:05:01.324] [bmv2] [D] [thread 247357] Entry 248 added to table 'MyIngress.ipv4_lpm'
[06:05:01.324] [bmv2] [D] [thread 247357] Dumping entry 248
Match key:
* hdr.ipv4.dstAddr              : LPM       0a001132/32
* standard_metadata.ingress_port: EXACT     0004
Action entry: MyIngress.ipv4_forward - a001132,6,

[06:05:01.325] [bmv2] [T] [thread 247357] bm_table_add_entry
[06:05:01.325] [bmv2] [D] [thread 247357] Entry 249 added to table 'MyIngress.ipv4_lpm'
[06:05:01.325] [bmv2] [D] [thread 247357] Dumping entry 249
Match key:
* hdr.ipv4.dstAddr              : LPM       0a001132/32
* standard_metadata.ingress_port: EXACT     0005
Action entry: MyIngress.ipv4_forward - a001132,6,

[06:05:01.325] [bmv2] [T] [thread 247357] bm_table_add_entry
[06:05:01.325] [bmv2] [D] [thread 247357] Entry 250 added to table 'MyIngress.ipv4_lpm'
[06:05:01.326] [bmv2] [D] [thread 247357] Dumping entry 250
Match key:
* hdr.ipv4.dstAddr              : LPM       0a001133/32
* standard_metadata.ingress_port: EXACT     0001
Action entry: MyIngress.ipv4_forward - a001133,6,

[06:05:01.326] [bmv2] [T] [thread 247357] bm_table_add_entry
[06:05:01.326] [bmv2] [D] [thread 247357] Entry 251 added to table 'MyIngress.ipv4_lpm'
[06:05:01.326] [bmv2] [D] [thread 247357] Dumping entry 251
Match key:
* hdr.ipv4.dstAddr              : LPM       0a001133/32
* standard_metadata.ingress_port: EXACT     0002
Action entry: MyIngress.ipv4_forward - a001133,6,

[06:05:01.327] [bmv2] [T] [thread 247357] bm_table_add_entry
[06:05:01.327] [bmv2] [D] [thread 247357] Entry 252 added to table 'MyIngress.ipv4_lpm'
[06:05:01.327] [bmv2] [D] [thread 247357] Dumping entry 252
Match key:
* hdr.ipv4.dstAddr              : LPM       0a001133/32
* standard_metadata.ingress_port: EXACT     0003
Action entry: MyIngress.ipv4_forward - a001133,6,

[06:05:01.327] [bmv2] [T] [thread 247357] bm_table_add_entry
[06:05:01.328] [bmv2] [D] [thread 247357] Entry 253 added to table 'MyIngress.ipv4_lpm'
[06:05:01.328] [bmv2] [D] [thread 247357] Dumping entry 253
Match key:
* hdr.ipv4.dstAddr              : LPM       0a001133/32
* standard_metadata.ingress_port: EXACT     0004
Action entry: MyIngress.ipv4_forward - a001133,6,

[06:05:01.328] [bmv2] [T] [thread 247357] bm_table_add_entry
[06:05:01.328] [bmv2] [D] [thread 247357] Entry 254 added to table 'MyIngress.ipv4_lpm'
[06:05:01.329] [bmv2] [D] [thread 247357] Dumping entry 254
Match key:
* hdr.ipv4.dstAddr              : LPM       0a001133/32
* standard_metadata.ingress_port: EXACT     0005
Action entry: MyIngress.ipv4_forward - a001133,6,

[06:05:01.329] [bmv2] [T] [thread 247357] bm_table_add_entry
[06:05:01.329] [bmv2] [D] [thread 247357] Entry 255 added to table 'MyIngress.ipv4_lpm'
[06:05:01.329] [bmv2] [D] [thread 247357] Dumping entry 255
Match key:
* hdr.ipv4.dstAddr              : LPM       0a001234/32
* standard_metadata.ingress_port: EXACT     0001
Action entry: MyIngress.ipv4_forward - a001234,6,

[06:05:01.330] [bmv2] [T] [thread 247357] bm_table_add_entry
[06:05:01.330] [bmv2] [D] [thread 247357] Entry 256 added to table 'MyIngress.ipv4_lpm'
[06:05:01.330] [bmv2] [D] [thread 247357] Dumping entry 256
Match key:
* hdr.ipv4.dstAddr              : LPM       0a001234/32
* standard_metadata.ingress_port: EXACT     0002
Action entry: MyIngress.ipv4_forward - a001234,6,

[06:05:01.330] [bmv2] [T] [thread 247357] bm_table_add_entry
[06:05:01.331] [bmv2] [D] [thread 247357] Entry 257 added to table 'MyIngress.ipv4_lpm'
[06:05:01.331] [bmv2] [D] [thread 247357] Dumping entry 257
Match key:
* hdr.ipv4.dstAddr              : LPM       0a001234/32
* standard_metadata.ingress_port: EXACT     0003
Action entry: MyIngress.ipv4_forward - a001234,6,

[06:05:01.331] [bmv2] [T] [thread 247357] bm_table_add_entry
[06:05:01.331] [bmv2] [D] [thread 247357] Entry 258 added to table 'MyIngress.ipv4_lpm'
[06:05:01.331] [bmv2] [D] [thread 247357] Dumping entry 258
Match key:
* hdr.ipv4.dstAddr              : LPM       0a001234/32
* standard_metadata.ingress_port: EXACT     0004
Action entry: MyIngress.ipv4_forward - a001234,6,

[06:05:01.333] [bmv2] [T] [thread 247357] bm_table_add_entry
[06:05:01.333] [bmv2] [D] [thread 247357] Entry 259 added to table 'MyIngress.ipv4_lpm'
[06:05:01.333] [bmv2] [D] [thread 247357] Dumping entry 259
Match key:
* hdr.ipv4.dstAddr              : LPM       0a001234/32
* standard_metadata.ingress_port: EXACT     0005
Action entry: MyIngress.ipv4_forward - a001234,6,

[06:05:01.333] [bmv2] [T] [thread 247357] bm_table_add_entry
[06:05:01.334] [bmv2] [D] [thread 247357] Entry 260 added to table 'MyIngress.ipv4_lpm'
[06:05:01.334] [bmv2] [D] [thread 247357] Dumping entry 260
Match key:
* hdr.ipv4.dstAddr              : LPM       0a001235/32
* standard_metadata.ingress_port: EXACT     0001
Action entry: MyIngress.ipv4_forward - a001235,6,

[06:05:01.335] [bmv2] [T] [thread 247357] bm_table_add_entry
[06:05:01.335] [bmv2] [D] [thread 247357] Entry 261 added to table 'MyIngress.ipv4_lpm'
[06:05:01.335] [bmv2] [D] [thread 247357] Dumping entry 261
Match key:
* hdr.ipv4.dstAddr              : LPM       0a001235/32
* standard_metadata.ingress_port: EXACT     0002
Action entry: MyIngress.ipv4_forward - a001235,6,

[06:05:01.335] [bmv2] [T] [thread 247357] bm_table_add_entry
[06:05:01.336] [bmv2] [D] [thread 247357] Entry 262 added to table 'MyIngress.ipv4_lpm'
[06:05:01.336] [bmv2] [D] [thread 247357] Dumping entry 262
Match key:
* hdr.ipv4.dstAddr              : LPM       0a001235/32
* standard_metadata.ingress_port: EXACT     0003
Action entry: MyIngress.ipv4_forward - a001235,6,

[06:05:01.336] [bmv2] [T] [thread 247357] bm_table_add_entry
[06:05:01.336] [bmv2] [D] [thread 247357] Entry 263 added to table 'MyIngress.ipv4_lpm'
[06:05:01.336] [bmv2] [D] [thread 247357] Dumping entry 263
Match key:
* hdr.ipv4.dstAddr              : LPM       0a001235/32
* standard_metadata.ingress_port: EXACT     0004
Action entry: MyIngress.ipv4_forward - a001235,6,

[06:05:01.337] [bmv2] [T] [thread 247357] bm_table_add_entry
[06:05:01.337] [bmv2] [D] [thread 247357] Entry 264 added to table 'MyIngress.ipv4_lpm'
[06:05:01.337] [bmv2] [D] [thread 247357] Dumping entry 264
Match key:
* hdr.ipv4.dstAddr              : LPM       0a001235/32
* standard_metadata.ingress_port: EXACT     0005
Action entry: MyIngress.ipv4_forward - a001235,6,

[06:05:01.338] [bmv2] [T] [thread 247357] bm_table_add_entry
[06:05:01.338] [bmv2] [D] [thread 247357] Entry 265 added to table 'MyIngress.ipv4_lpm'
[06:05:01.338] [bmv2] [D] [thread 247357] Dumping entry 265
Match key:
* hdr.ipv4.dstAddr              : LPM       0a001236/32
* standard_metadata.ingress_port: EXACT     0001
Action entry: MyIngress.ipv4_forward - a001236,6,

[06:05:01.338] [bmv2] [T] [thread 247357] bm_table_add_entry
[06:05:01.338] [bmv2] [D] [thread 247357] Entry 266 added to table 'MyIngress.ipv4_lpm'
[06:05:01.338] [bmv2] [D] [thread 247357] Dumping entry 266
Match key:
* hdr.ipv4.dstAddr              : LPM       0a001236/32
* standard_metadata.ingress_port: EXACT     0002
Action entry: MyIngress.ipv4_forward - a001236,6,

[06:05:01.339] [bmv2] [T] [thread 247357] bm_table_add_entry
[06:05:01.339] [bmv2] [D] [thread 247357] Entry 267 added to table 'MyIngress.ipv4_lpm'
[06:05:01.339] [bmv2] [D] [thread 247357] Dumping entry 267
Match key:
* hdr.ipv4.dstAddr              : LPM       0a001236/32
* standard_metadata.ingress_port: EXACT     0003
Action entry: MyIngress.ipv4_forward - a001236,6,

[06:05:01.340] [bmv2] [T] [thread 247357] bm_table_add_entry
[06:05:01.340] [bmv2] [D] [thread 247357] Entry 268 added to table 'MyIngress.ipv4_lpm'
[06:05:01.340] [bmv2] [D] [thread 247357] Dumping entry 268
Match key:
* hdr.ipv4.dstAddr              : LPM       0a001236/32
* standard_metadata.ingress_port: EXACT     0004
Action entry: MyIngress.ipv4_forward - a001236,6,

[06:05:01.341] [bmv2] [T] [thread 247357] bm_table_add_entry
[06:05:01.341] [bmv2] [D] [thread 247357] Entry 269 added to table 'MyIngress.ipv4_lpm'
[06:05:01.341] [bmv2] [D] [thread 247357] Dumping entry 269
Match key:
* hdr.ipv4.dstAddr              : LPM       0a001236/32
* standard_metadata.ingress_port: EXACT     0005
Action entry: MyIngress.ipv4_forward - a001236,6,

[06:05:01.342] [bmv2] [T] [thread 247357] bm_set_default_action
[06:05:01.342] [bmv2] [D] [thread 247357] Set default entry for table 'MyEgress.tbl_prime': MyEgress.prime_multiply - c5,
[06:05:01.343] [bmv2] [T] [thread 247357] bm_set_default_action
[06:05:01.343] [bmv2] [D] [thread 247357] Set default entry for table 'MyEgress.swtrace': MyEgress.add_swtrace - 2d,
