Warning: you requested the nanomsg event logger, but bmv2 was compiled without -DBMELOG, and the event logger cannot be activated
Calling target program-options parser
[06:04:45.045] [bmv2] [D] [thread 245371] Set default default entry for table 'MyIngress.ipv4_lpm': MyIngress.drop - 
[06:04:45.046] [bmv2] [D] [thread 245371] Set default default entry for table 'MyIngress.tb_set_role': NoAction - 
[06:04:45.046] [bmv2] [D] [thread 245371] Set default default entry for table 'MyEgress.tbl_prime': NoAction - 
[06:04:45.046] [bmv2] [D] [thread 245371] Set default default entry for table 'MyEgress.swtrace': NoAction - 
Adding interface s42-eth1 as port 1
[06:04:45.047] [bmv2] [D] [thread 245371] Adding interface s42-eth1 as port 1
Adding interface s42-eth2 as port 2
[06:04:45.117] [bmv2] [D] [thread 245371] Adding interface s42-eth2 as port 2
Adding interface s42-eth3 as port 3
[06:04:45.185] [bmv2] [D] [thread 245371] Adding interface s42-eth3 as port 3
Adding interface s42-eth4 as port 4
[06:04:45.249] [bmv2] [D] [thread 245371] Adding interface s42-eth4 as port 4
Adding interface s42-eth5 as port 5
[06:04:45.317] [bmv2] [D] [thread 245371] Adding interface s42-eth5 as port 5
Adding interface s42-eth6 as port 6
[06:04:45.381] [bmv2] [D] [thread 245371] Adding interface s42-eth6 as port 6
Adding interface s42-cpu-eth0 as port 7
[06:04:45.433] [bmv2] [D] [thread 245371] Adding interface s42-cpu-eth0 as port 7
[06:04:45.466] [bmv2] [I] [thread 245371] Starting Thrift server on port 9131
[06:04:45.466] [bmv2] [I] [thread 245371] Thrift server was started
[06:05:00.272] [bmv2] [T] [thread 247343] bm_get_config
[06:05:00.274] [bmv2] [T] [thread 247343] bm_table_add_entry
[06:05:00.274] [bmv2] [D] [thread 247343] Entry 0 added to table 'MyIngress.ipv4_lpm'
[06:05:00.274] [bmv2] [D] [thread 247343] Dumping entry 0
Match key:
* hdr.ipv4.dstAddr              : LPM       0a000101/32
* standard_metadata.ingress_port: EXACT     0002
Action entry: MyIngress.ipv4_forward - a000101,1,

[06:05:00.275] [bmv2] [T] [thread 247343] bm_table_add_entry
[06:05:00.275] [bmv2] [D] [thread 247343] Entry 1 added to table 'MyIngress.ipv4_lpm'
[06:05:00.275] [bmv2] [D] [thread 247343] Dumping entry 1
Match key:
* hdr.ipv4.dstAddr              : LPM       0a000101/32
* standard_metadata.ingress_port: EXACT     0003
Action entry: MyIngress.ipv4_forward - a000101,1,

[06:05:00.276] [bmv2] [T] [thread 247343] bm_table_add_entry
[06:05:00.276] [bmv2] [D] [thread 247343] Entry 2 added to table 'MyIngress.ipv4_lpm'
[06:05:00.276] [bmv2] [D] [thread 247343] Dumping entry 2
Match key:
* hdr.ipv4.dstAddr              : LPM       0a000101/32
* standard_metadata.ingress_port: EXACT     0004
Action entry: MyIngress.ipv4_forward - a000101,1,

[06:05:00.277] [bmv2] [T] [thread 247343] bm_table_add_entry
[06:05:00.277] [bmv2] [D] [thread 247343] Entry 3 added to table 'MyIngress.ipv4_lpm'
[06:05:00.277] [bmv2] [D] [thread 247343] Dumping entry 3
Match key:
* hdr.ipv4.dstAddr              : LPM       0a000101/32
* standard_metadata.ingress_port: EXACT     0005
Action entry: MyIngress.ipv4_forward - a000101,1,

[06:05:00.278] [bmv2] [T] [thread 247343] bm_table_add_entry
[06:05:00.278] [bmv2] [D] [thread 247343] Entry 4 added to table 'MyIngress.ipv4_lpm'
[06:05:00.278] [bmv2] [D] [thread 247343] Dumping entry 4
Match key:
* hdr.ipv4.dstAddr              : LPM       0a000101/32
* standard_metadata.ingress_port: EXACT     0006
Action entry: MyIngress.ipv4_forward - a000101,1,

[06:05:00.279] [bmv2] [T] [thread 247343] bm_table_add_entry
[06:05:00.279] [bmv2] [D] [thread 247343] Entry 5 added to table 'MyIngress.ipv4_lpm'
[06:05:00.279] [bmv2] [D] [thread 247343] Dumping entry 5
Match key:
* hdr.ipv4.dstAddr              : LPM       0a000102/32
* standard_metadata.ingress_port: EXACT     0002
Action entry: MyIngress.ipv4_forward - a000102,1,

[06:05:00.280] [bmv2] [T] [thread 247343] bm_table_add_entry
[06:05:00.280] [bmv2] [D] [thread 247343] Entry 6 added to table 'MyIngress.ipv4_lpm'
[06:05:00.280] [bmv2] [D] [thread 247343] Dumping entry 6
Match key:
* hdr.ipv4.dstAddr              : LPM       0a000102/32
* standard_metadata.ingress_port: EXACT     0003
Action entry: MyIngress.ipv4_forward - a000102,1,

[06:05:00.281] [bmv2] [T] [thread 247343] bm_table_add_entry
[06:05:00.281] [bmv2] [D] [thread 247343] Entry 7 added to table 'MyIngress.ipv4_lpm'
[06:05:00.281] [bmv2] [D] [thread 247343] Dumping entry 7
Match key:
* hdr.ipv4.dstAddr              : LPM       0a000102/32
* standard_metadata.ingress_port: EXACT     0004
Action entry: MyIngress.ipv4_forward - a000102,1,

[06:05:00.282] [bmv2] [T] [thread 247343] bm_table_add_entry
[06:05:00.282] [bmv2] [D] [thread 247343] Entry 8 added to table 'MyIngress.ipv4_lpm'
[06:05:00.282] [bmv2] [D] [thread 247343] Dumping entry 8
Match key:
* hdr.ipv4.dstAddr              : LPM       0a000102/32
* standard_metadata.ingress_port: EXACT     0005
Action entry: MyIngress.ipv4_forward - a000102,1,

[06:05:00.283] [bmv2] [T] [thread 247343] bm_table_add_entry
[06:05:00.283] [bmv2] [D] [thread 247343] Entry 9 added to table 'MyIngress.ipv4_lpm'
[06:05:00.283] [bmv2] [D] [thread 247343] Dumping entry 9
Match key:
* hdr.ipv4.dstAddr              : LPM       0a000102/32
* standard_metadata.ingress_port: EXACT     0006
Action entry: MyIngress.ipv4_forward - a000102,1,

[06:05:00.284] [bmv2] [T] [thread 247343] bm_table_add_entry
[06:05:00.284] [bmv2] [D] [thread 247343] Entry 10 added to table 'MyIngress.ipv4_lpm'
[06:05:00.284] [bmv2] [D] [thread 247343] Dumping entry 10
Match key:
* hdr.ipv4.dstAddr              : LPM       0a000103/32
* standard_metadata.ingress_port: EXACT     0002
Action entry: MyIngress.ipv4_forward - a000103,1,

[06:05:00.285] [bmv2] [T] [thread 247343] bm_table_add_entry
[06:05:00.285] [bmv2] [D] [thread 247343] Entry 11 added to table 'MyIngress.ipv4_lpm'
[06:05:00.285] [bmv2] [D] [thread 247343] Dumping entry 11
Match key:
* hdr.ipv4.dstAddr              : LPM       0a000103/32
* standard_metadata.ingress_port: EXACT     0003
Action entry: MyIngress.ipv4_forward - a000103,1,

[06:05:00.286] [bmv2] [T] [thread 247343] bm_table_add_entry
[06:05:00.286] [bmv2] [D] [thread 247343] Entry 12 added to table 'MyIngress.ipv4_lpm'
[06:05:00.286] [bmv2] [D] [thread 247343] Dumping entry 12
Match key:
* hdr.ipv4.dstAddr              : LPM       0a000103/32
* standard_metadata.ingress_port: EXACT     0004
Action entry: MyIngress.ipv4_forward - a000103,1,

[06:05:00.287] [bmv2] [T] [thread 247343] bm_table_add_entry
[06:05:00.287] [bmv2] [D] [thread 247343] Entry 13 added to table 'MyIngress.ipv4_lpm'
[06:05:00.287] [bmv2] [D] [thread 247343] Dumping entry 13
Match key:
* hdr.ipv4.dstAddr              : LPM       0a000103/32
* standard_metadata.ingress_port: EXACT     0005
Action entry: MyIngress.ipv4_forward - a000103,1,

[06:05:00.288] [bmv2] [T] [thread 247343] bm_table_add_entry
[06:05:00.288] [bmv2] [D] [thread 247343] Entry 14 added to table 'MyIngress.ipv4_lpm'
[06:05:00.288] [bmv2] [D] [thread 247343] Dumping entry 14
Match key:
* hdr.ipv4.dstAddr              : LPM       0a000103/32
* standard_metadata.ingress_port: EXACT     0006
Action entry: MyIngress.ipv4_forward - a000103,1,

[06:05:00.288] [bmv2] [T] [thread 247343] bm_table_add_entry
[06:05:00.289] [bmv2] [D] [thread 247343] Entry 15 added to table 'MyIngress.ipv4_lpm'
[06:05:00.289] [bmv2] [D] [thread 247343] Dumping entry 15
Match key:
* hdr.ipv4.dstAddr              : LPM       0a000204/32
* standard_metadata.ingress_port: EXACT     0002
Action entry: MyIngress.ipv4_forward - a000204,1,

[06:05:00.289] [bmv2] [T] [thread 247343] bm_table_add_entry
[06:05:00.289] [bmv2] [D] [thread 247343] Entry 16 added to table 'MyIngress.ipv4_lpm'
[06:05:00.290] [bmv2] [D] [thread 247343] Dumping entry 16
Match key:
* hdr.ipv4.dstAddr              : LPM       0a000204/32
* standard_metadata.ingress_port: EXACT     0003
Action entry: MyIngress.ipv4_forward - a000204,1,

[06:05:00.290] [bmv2] [T] [thread 247343] bm_table_add_entry
[06:05:00.290] [bmv2] [D] [thread 247343] Entry 17 added to table 'MyIngress.ipv4_lpm'
[06:05:00.290] [bmv2] [D] [thread 247343] Dumping entry 17
Match key:
* hdr.ipv4.dstAddr              : LPM       0a000204/32
* standard_metadata.ingress_port: EXACT     0004
Action entry: MyIngress.ipv4_forward - a000204,1,

[06:05:00.291] [bmv2] [T] [thread 247343] bm_table_add_entry
[06:05:00.292] [bmv2] [D] [thread 247343] Entry 18 added to table 'MyIngress.ipv4_lpm'
[06:05:00.292] [bmv2] [D] [thread 247343] Dumping entry 18
Match key:
* hdr.ipv4.dstAddr              : LPM       0a000204/32
* standard_metadata.ingress_port: EXACT     0005
Action entry: MyIngress.ipv4_forward - a000204,1,

[06:05:00.293] [bmv2] [T] [thread 247343] bm_table_add_entry
[06:05:00.293] [bmv2] [D] [thread 247343] Entry 19 added to table 'MyIngress.ipv4_lpm'
[06:05:00.293] [bmv2] [D] [thread 247343] Dumping entry 19
Match key:
* hdr.ipv4.dstAddr              : LPM       0a000204/32
* standard_metadata.ingress_port: EXACT     0006
Action entry: MyIngress.ipv4_forward - a000204,1,

[06:05:00.294] [bmv2] [T] [thread 247343] bm_table_add_entry
[06:05:00.294] [bmv2] [D] [thread 247343] Entry 20 added to table 'MyIngress.ipv4_lpm'
[06:05:00.294] [bmv2] [D] [thread 247343] Dumping entry 20
Match key:
* hdr.ipv4.dstAddr              : LPM       0a000205/32
* standard_metadata.ingress_port: EXACT     0002
Action entry: MyIngress.ipv4_forward - a000205,1,

[06:05:00.294] [bmv2] [T] [thread 247343] bm_table_add_entry
[06:05:00.295] [bmv2] [D] [thread 247343] Entry 21 added to table 'MyIngress.ipv4_lpm'
[06:05:00.295] [bmv2] [D] [thread 247343] Dumping entry 21
Match key:
* hdr.ipv4.dstAddr              : LPM       0a000205/32
* standard_metadata.ingress_port: EXACT     0003
Action entry: MyIngress.ipv4_forward - a000205,1,

[06:05:00.295] [bmv2] [T] [thread 247343] bm_table_add_entry
[06:05:00.296] [bmv2] [D] [thread 247343] Entry 22 added to table 'MyIngress.ipv4_lpm'
[06:05:00.296] [bmv2] [D] [thread 247343] Dumping entry 22
Match key:
* hdr.ipv4.dstAddr              : LPM       0a000205/32
* standard_metadata.ingress_port: EXACT     0004
Action entry: MyIngress.ipv4_forward - a000205,1,

[06:05:00.297] [bmv2] [T] [thread 247343] bm_table_add_entry
[06:05:00.297] [bmv2] [D] [thread 247343] Entry 23 added to table 'MyIngress.ipv4_lpm'
[06:05:00.297] [bmv2] [D] [thread 247343] Dumping entry 23
Match key:
* hdr.ipv4.dstAddr              : LPM       0a000205/32
* standard_metadata.ingress_port: EXACT     0005
Action entry: MyIngress.ipv4_forward - a000205,1,

[06:05:00.298] [bmv2] [T] [thread 247343] bm_table_add_entry
[06:05:00.298] [bmv2] [D] [thread 247343] Entry 24 added to table 'MyIngress.ipv4_lpm'
[06:05:00.298] [bmv2] [D] [thread 247343] Dumping entry 24
Match key:
* hdr.ipv4.dstAddr              : LPM       0a000205/32
* standard_metadata.ingress_port: EXACT     0006
Action entry: MyIngress.ipv4_forward - a000205,1,

[06:05:00.298] [bmv2] [T] [thread 247343] bm_table_add_entry
[06:05:00.299] [bmv2] [D] [thread 247343] Entry 25 added to table 'MyIngress.ipv4_lpm'
[06:05:00.299] [bmv2] [D] [thread 247343] Dumping entry 25
Match key:
* hdr.ipv4.dstAddr              : LPM       0a000206/32
* standard_metadata.ingress_port: EXACT     0002
Action entry: MyIngress.ipv4_forward - a000206,1,

[06:05:00.300] [bmv2] [T] [thread 247343] bm_table_add_entry
[06:05:00.300] [bmv2] [D] [thread 247343] Entry 26 added to table 'MyIngress.ipv4_lpm'
[06:05:00.300] [bmv2] [D] [thread 247343] Dumping entry 26
Match key:
* hdr.ipv4.dstAddr              : LPM       0a000206/32
* standard_metadata.ingress_port: EXACT     0003
Action entry: MyIngress.ipv4_forward - a000206,1,

[06:05:00.301] [bmv2] [T] [thread 247343] bm_table_add_entry
[06:05:00.301] [bmv2] [D] [thread 247343] Entry 27 added to table 'MyIngress.ipv4_lpm'
[06:05:00.301] [bmv2] [D] [thread 247343] Dumping entry 27
Match key:
* hdr.ipv4.dstAddr              : LPM       0a000206/32
* standard_metadata.ingress_port: EXACT     0004
Action entry: MyIngress.ipv4_forward - a000206,1,

[06:05:00.302] [bmv2] [T] [thread 247343] bm_table_add_entry
[06:05:00.302] [bmv2] [D] [thread 247343] Entry 28 added to table 'MyIngress.ipv4_lpm'
[06:05:00.302] [bmv2] [D] [thread 247343] Dumping entry 28
Match key:
* hdr.ipv4.dstAddr              : LPM       0a000206/32
* standard_metadata.ingress_port: EXACT     0005
Action entry: MyIngress.ipv4_forward - a000206,1,

[06:05:00.303] [bmv2] [T] [thread 247343] bm_table_add_entry
[06:05:00.303] [bmv2] [D] [thread 247343] Entry 29 added to table 'MyIngress.ipv4_lpm'
[06:05:00.303] [bmv2] [D] [thread 247343] Dumping entry 29
Match key:
* hdr.ipv4.dstAddr              : LPM       0a000206/32
* standard_metadata.ingress_port: EXACT     0006
Action entry: MyIngress.ipv4_forward - a000206,1,

[06:05:00.304] [bmv2] [T] [thread 247343] bm_table_add_entry
[06:05:00.304] [bmv2] [D] [thread 247343] Entry 30 added to table 'MyIngress.ipv4_lpm'
[06:05:00.304] [bmv2] [D] [thread 247343] Dumping entry 30
Match key:
* hdr.ipv4.dstAddr              : LPM       0a000307/32
* standard_metadata.ingress_port: EXACT     0002
Action entry: MyIngress.ipv4_forward - a000307,1,

[06:05:00.304] [bmv2] [T] [thread 247343] bm_table_add_entry
[06:05:00.305] [bmv2] [D] [thread 247343] Entry 31 added to table 'MyIngress.ipv4_lpm'
[06:05:00.305] [bmv2] [D] [thread 247343] Dumping entry 31
Match key:
* hdr.ipv4.dstAddr              : LPM       0a000307/32
* standard_metadata.ingress_port: EXACT     0003
Action entry: MyIngress.ipv4_forward - a000307,1,

[06:05:00.305] [bmv2] [T] [thread 247343] bm_table_add_entry
[06:05:00.305] [bmv2] [D] [thread 247343] Entry 32 added to table 'MyIngress.ipv4_lpm'
[06:05:00.306] [bmv2] [D] [thread 247343] Dumping entry 32
Match key:
* hdr.ipv4.dstAddr              : LPM       0a000307/32
* standard_metadata.ingress_port: EXACT     0004
Action entry: MyIngress.ipv4_forward - a000307,1,

[06:05:00.306] [bmv2] [T] [thread 247343] bm_table_add_entry
[06:05:00.306] [bmv2] [D] [thread 247343] Entry 33 added to table 'MyIngress.ipv4_lpm'
[06:05:00.306] [bmv2] [D] [thread 247343] Dumping entry 33
Match key:
* hdr.ipv4.dstAddr              : LPM       0a000307/32
* standard_metadata.ingress_port: EXACT     0005
Action entry: MyIngress.ipv4_forward - a000307,1,

[06:05:00.307] [bmv2] [T] [thread 247343] bm_table_add_entry
[06:05:00.307] [bmv2] [D] [thread 247343] Entry 34 added to table 'MyIngress.ipv4_lpm'
[06:05:00.307] [bmv2] [D] [thread 247343] Dumping entry 34
Match key:
* hdr.ipv4.dstAddr              : LPM       0a000307/32
* standard_metadata.ingress_port: EXACT     0006
Action entry: MyIngress.ipv4_forward - a000307,1,

[06:05:00.308] [bmv2] [T] [thread 247343] bm_table_add_entry
[06:05:00.308] [bmv2] [D] [thread 247343] Entry 35 added to table 'MyIngress.ipv4_lpm'
[06:05:00.308] [bmv2] [D] [thread 247343] Dumping entry 35
Match key:
* hdr.ipv4.dstAddr              : LPM       0a000308/32
* standard_metadata.ingress_port: EXACT     0002
Action entry: MyIngress.ipv4_forward - a000308,1,

[06:05:00.308] [bmv2] [T] [thread 247343] bm_table_add_entry
[06:05:00.309] [bmv2] [D] [thread 247343] Entry 36 added to table 'MyIngress.ipv4_lpm'
[06:05:00.309] [bmv2] [D] [thread 247343] Dumping entry 36
Match key:
* hdr.ipv4.dstAddr              : LPM       0a000308/32
* standard_metadata.ingress_port: EXACT     0003
Action entry: MyIngress.ipv4_forward - a000308,1,

[06:05:00.309] [bmv2] [T] [thread 247343] bm_table_add_entry
[06:05:00.309] [bmv2] [D] [thread 247343] Entry 37 added to table 'MyIngress.ipv4_lpm'
[06:05:00.309] [bmv2] [D] [thread 247343] Dumping entry 37
Match key:
* hdr.ipv4.dstAddr              : LPM       0a000308/32
* standard_metadata.ingress_port: EXACT     0004
Action entry: MyIngress.ipv4_forward - a000308,1,

[06:05:00.310] [bmv2] [T] [thread 247343] bm_table_add_entry
[06:05:00.311] [bmv2] [D] [thread 247343] Entry 38 added to table 'MyIngress.ipv4_lpm'
[06:05:00.311] [bmv2] [D] [thread 247343] Dumping entry 38
Match key:
* hdr.ipv4.dstAddr              : LPM       0a000308/32
* standard_metadata.ingress_port: EXACT     0005
Action entry: MyIngress.ipv4_forward - a000308,1,

[06:05:00.312] [bmv2] [T] [thread 247343] bm_table_add_entry
[06:05:00.312] [bmv2] [D] [thread 247343] Entry 39 added to table 'MyIngress.ipv4_lpm'
[06:05:00.312] [bmv2] [D] [thread 247343] Dumping entry 39
Match key:
* hdr.ipv4.dstAddr              : LPM       0a000308/32
* standard_metadata.ingress_port: EXACT     0006
Action entry: MyIngress.ipv4_forward - a000308,1,

[06:05:00.313] [bmv2] [T] [thread 247343] bm_table_add_entry
[06:05:00.313] [bmv2] [D] [thread 247343] Entry 40 added to table 'MyIngress.ipv4_lpm'
[06:05:00.313] [bmv2] [D] [thread 247343] Dumping entry 40
Match key:
* hdr.ipv4.dstAddr              : LPM       0a000309/32
* standard_metadata.ingress_port: EXACT     0002
Action entry: MyIngress.ipv4_forward - a000309,1,

[06:05:00.313] [bmv2] [T] [thread 247343] bm_table_add_entry
[06:05:00.314] [bmv2] [D] [thread 247343] Entry 41 added to table 'MyIngress.ipv4_lpm'
[06:05:00.314] [bmv2] [D] [thread 247343] Dumping entry 41
Match key:
* hdr.ipv4.dstAddr              : LPM       0a000309/32
* standard_metadata.ingress_port: EXACT     0003
Action entry: MyIngress.ipv4_forward - a000309,1,

[06:05:00.314] [bmv2] [T] [thread 247343] bm_table_add_entry
[06:05:00.314] [bmv2] [D] [thread 247343] Entry 42 added to table 'MyIngress.ipv4_lpm'
[06:05:00.314] [bmv2] [D] [thread 247343] Dumping entry 42
Match key:
* hdr.ipv4.dstAddr              : LPM       0a000309/32
* standard_metadata.ingress_port: EXACT     0004
Action entry: MyIngress.ipv4_forward - a000309,1,

[06:05:00.315] [bmv2] [T] [thread 247343] bm_table_add_entry
[06:05:00.315] [bmv2] [D] [thread 247343] Entry 43 added to table 'MyIngress.ipv4_lpm'
[06:05:00.315] [bmv2] [D] [thread 247343] Dumping entry 43
Match key:
* hdr.ipv4.dstAddr              : LPM       0a000309/32
* standard_metadata.ingress_port: EXACT     0005
Action entry: MyIngress.ipv4_forward - a000309,1,

[06:05:00.316] [bmv2] [T] [thread 247343] bm_table_add_entry
[06:05:00.316] [bmv2] [D] [thread 247343] Entry 44 added to table 'MyIngress.ipv4_lpm'
[06:05:00.316] [bmv2] [D] [thread 247343] Dumping entry 44
Match key:
* hdr.ipv4.dstAddr              : LPM       0a000309/32
* standard_metadata.ingress_port: EXACT     0006
Action entry: MyIngress.ipv4_forward - a000309,1,

[06:05:00.317] [bmv2] [T] [thread 247343] bm_table_add_entry
[06:05:00.317] [bmv2] [D] [thread 247343] Entry 45 added to table 'MyIngress.ipv4_lpm'
[06:05:00.317] [bmv2] [D] [thread 247343] Dumping entry 45
Match key:
* hdr.ipv4.dstAddr              : LPM       0a00040a/32
* standard_metadata.ingress_port: EXACT     0001
Action entry: MyIngress.ipv4_forward - a00040a,2,

[06:05:00.318] [bmv2] [T] [thread 247343] bm_table_add_entry
[06:05:00.318] [bmv2] [D] [thread 247343] Entry 46 added to table 'MyIngress.ipv4_lpm'
[06:05:00.318] [bmv2] [D] [thread 247343] Dumping entry 46
Match key:
* hdr.ipv4.dstAddr              : LPM       0a00040a/32
* standard_metadata.ingress_port: EXACT     0003
Action entry: MyIngress.ipv4_forward - a00040a,2,

[06:05:00.318] [bmv2] [T] [thread 247343] bm_table_add_entry
[06:05:00.318] [bmv2] [D] [thread 247343] Entry 47 added to table 'MyIngress.ipv4_lpm'
[06:05:00.318] [bmv2] [D] [thread 247343] Dumping entry 47
Match key:
* hdr.ipv4.dstAddr              : LPM       0a00040a/32
* standard_metadata.ingress_port: EXACT     0004
Action entry: MyIngress.ipv4_forward - a00040a,2,

[06:05:00.319] [bmv2] [T] [thread 247343] bm_table_add_entry
[06:05:00.319] [bmv2] [D] [thread 247343] Entry 48 added to table 'MyIngress.ipv4_lpm'
[06:05:00.319] [bmv2] [D] [thread 247343] Dumping entry 48
Match key:
* hdr.ipv4.dstAddr              : LPM       0a00040a/32
* standard_metadata.ingress_port: EXACT     0005
Action entry: MyIngress.ipv4_forward - a00040a,2,

[06:05:00.320] [bmv2] [T] [thread 247343] bm_table_add_entry
[06:05:00.320] [bmv2] [D] [thread 247343] Entry 49 added to table 'MyIngress.ipv4_lpm'
[06:05:00.320] [bmv2] [D] [thread 247343] Dumping entry 49
Match key:
* hdr.ipv4.dstAddr              : LPM       0a00040a/32
* standard_metadata.ingress_port: EXACT     0006
Action entry: MyIngress.ipv4_forward - a00040a,2,

[06:05:00.321] [bmv2] [T] [thread 247343] bm_table_add_entry
[06:05:00.321] [bmv2] [D] [thread 247343] Entry 50 added to table 'MyIngress.ipv4_lpm'
[06:05:00.321] [bmv2] [D] [thread 247343] Dumping entry 50
Match key:
* hdr.ipv4.dstAddr              : LPM       0a00040b/32
* standard_metadata.ingress_port: EXACT     0001
Action entry: MyIngress.ipv4_forward - a00040b,2,

[06:05:00.322] [bmv2] [T] [thread 247343] bm_table_add_entry
[06:05:00.322] [bmv2] [D] [thread 247343] Entry 51 added to table 'MyIngress.ipv4_lpm'
[06:05:00.322] [bmv2] [D] [thread 247343] Dumping entry 51
Match key:
* hdr.ipv4.dstAddr              : LPM       0a00040b/32
* standard_metadata.ingress_port: EXACT     0003
Action entry: MyIngress.ipv4_forward - a00040b,2,

[06:05:00.322] [bmv2] [T] [thread 247343] bm_table_add_entry
[06:05:00.323] [bmv2] [D] [thread 247343] Entry 52 added to table 'MyIngress.ipv4_lpm'
[06:05:00.323] [bmv2] [D] [thread 247343] Dumping entry 52
Match key:
* hdr.ipv4.dstAddr              : LPM       0a00040b/32
* standard_metadata.ingress_port: EXACT     0004
Action entry: MyIngress.ipv4_forward - a00040b,2,

[06:05:00.323] [bmv2] [T] [thread 247343] bm_table_add_entry
[06:05:00.323] [bmv2] [D] [thread 247343] Entry 53 added to table 'MyIngress.ipv4_lpm'
[06:05:00.323] [bmv2] [D] [thread 247343] Dumping entry 53
Match key:
* hdr.ipv4.dstAddr              : LPM       0a00040b/32
* standard_metadata.ingress_port: EXACT     0005
Action entry: MyIngress.ipv4_forward - a00040b,2,

[06:05:00.324] [bmv2] [T] [thread 247343] bm_table_add_entry
[06:05:00.324] [bmv2] [D] [thread 247343] Entry 54 added to table 'MyIngress.ipv4_lpm'
[06:05:00.324] [bmv2] [D] [thread 247343] Dumping entry 54
Match key:
* hdr.ipv4.dstAddr              : LPM       0a00040b/32
* standard_metadata.ingress_port: EXACT     0006
Action entry: MyIngress.ipv4_forward - a00040b,2,

[06:05:00.325] [bmv2] [T] [thread 247343] bm_table_add_entry
[06:05:00.325] [bmv2] [D] [thread 247343] Entry 55 added to table 'MyIngress.ipv4_lpm'
[06:05:00.325] [bmv2] [D] [thread 247343] Dumping entry 55
Match key:
* hdr.ipv4.dstAddr              : LPM       0a00040c/32
* standard_metadata.ingress_port: EXACT     0001
Action entry: MyIngress.ipv4_forward - a00040c,2,

[06:05:00.326] [bmv2] [T] [thread 247343] bm_table_add_entry
[06:05:00.326] [bmv2] [D] [thread 247343] Entry 56 added to table 'MyIngress.ipv4_lpm'
[06:05:00.326] [bmv2] [D] [thread 247343] Dumping entry 56
Match key:
* hdr.ipv4.dstAddr              : LPM       0a00040c/32
* standard_metadata.ingress_port: EXACT     0003
Action entry: MyIngress.ipv4_forward - a00040c,2,

[06:05:00.326] [bmv2] [T] [thread 247343] bm_table_add_entry
[06:05:00.326] [bmv2] [D] [thread 247343] Entry 57 added to table 'MyIngress.ipv4_lpm'
[06:05:00.327] [bmv2] [D] [thread 247343] Dumping entry 57
Match key:
* hdr.ipv4.dstAddr              : LPM       0a00040c/32
* standard_metadata.ingress_port: EXACT     0004
Action entry: MyIngress.ipv4_forward - a00040c,2,

[06:05:00.327] [bmv2] [T] [thread 247343] bm_table_add_entry
[06:05:00.327] [bmv2] [D] [thread 247343] Entry 58 added to table 'MyIngress.ipv4_lpm'
[06:05:00.327] [bmv2] [D] [thread 247343] Dumping entry 58
Match key:
* hdr.ipv4.dstAddr              : LPM       0a00040c/32
* standard_metadata.ingress_port: EXACT     0005
Action entry: MyIngress.ipv4_forward - a00040c,2,

[06:05:00.328] [bmv2] [T] [thread 247343] bm_table_add_entry
[06:05:00.328] [bmv2] [D] [thread 247343] Entry 59 added to table 'MyIngress.ipv4_lpm'
[06:05:00.328] [bmv2] [D] [thread 247343] Dumping entry 59
Match key:
* hdr.ipv4.dstAddr              : LPM       0a00040c/32
* standard_metadata.ingress_port: EXACT     0006
Action entry: MyIngress.ipv4_forward - a00040c,2,

[06:05:00.329] [bmv2] [T] [thread 247343] bm_table_add_entry
[06:05:00.330] [bmv2] [D] [thread 247343] Entry 60 added to table 'MyIngress.ipv4_lpm'
[06:05:00.330] [bmv2] [D] [thread 247343] Dumping entry 60
Match key:
* hdr.ipv4.dstAddr              : LPM       0a00050d/32
* standard_metadata.ingress_port: EXACT     0001
Action entry: MyIngress.ipv4_forward - a00050d,2,

[06:05:00.330] [bmv2] [T] [thread 247343] bm_table_add_entry
[06:05:00.330] [bmv2] [D] [thread 247343] Entry 61 added to table 'MyIngress.ipv4_lpm'
[06:05:00.330] [bmv2] [D] [thread 247343] Dumping entry 61
Match key:
* hdr.ipv4.dstAddr              : LPM       0a00050d/32
* standard_metadata.ingress_port: EXACT     0003
Action entry: MyIngress.ipv4_forward - a00050d,2,

[06:05:00.331] [bmv2] [T] [thread 247343] bm_table_add_entry
[06:05:00.331] [bmv2] [D] [thread 247343] Entry 62 added to table 'MyIngress.ipv4_lpm'
[06:05:00.331] [bmv2] [D] [thread 247343] Dumping entry 62
Match key:
* hdr.ipv4.dstAddr              : LPM       0a00050d/32
* standard_metadata.ingress_port: EXACT     0004
Action entry: MyIngress.ipv4_forward - a00050d,2,

[06:05:00.332] [bmv2] [T] [thread 247343] bm_table_add_entry
[06:05:00.332] [bmv2] [D] [thread 247343] Entry 63 added to table 'MyIngress.ipv4_lpm'
[06:05:00.332] [bmv2] [D] [thread 247343] Dumping entry 63
Match key:
* hdr.ipv4.dstAddr              : LPM       0a00050d/32
* standard_metadata.ingress_port: EXACT     0005
Action entry: MyIngress.ipv4_forward - a00050d,2,

[06:05:00.333] [bmv2] [T] [thread 247343] bm_table_add_entry
[06:05:00.333] [bmv2] [D] [thread 247343] Entry 64 added to table 'MyIngress.ipv4_lpm'
[06:05:00.333] [bmv2] [D] [thread 247343] Dumping entry 64
Match key:
* hdr.ipv4.dstAddr              : LPM       0a00050d/32
* standard_metadata.ingress_port: EXACT     0006
Action entry: MyIngress.ipv4_forward - a00050d,2,

[06:05:00.334] [bmv2] [T] [thread 247343] bm_table_add_entry
[06:05:00.334] [bmv2] [D] [thread 247343] Entry 65 added to table 'MyIngress.ipv4_lpm'
[06:05:00.334] [bmv2] [D] [thread 247343] Dumping entry 65
Match key:
* hdr.ipv4.dstAddr              : LPM       0a00050e/32
* standard_metadata.ingress_port: EXACT     0001
Action entry: MyIngress.ipv4_forward - a00050e,2,

[06:05:00.335] [bmv2] [T] [thread 247343] bm_table_add_entry
[06:05:00.335] [bmv2] [D] [thread 247343] Entry 66 added to table 'MyIngress.ipv4_lpm'
[06:05:00.335] [bmv2] [D] [thread 247343] Dumping entry 66
Match key:
* hdr.ipv4.dstAddr              : LPM       0a00050e/32
* standard_metadata.ingress_port: EXACT     0003
Action entry: MyIngress.ipv4_forward - a00050e,2,

[06:05:00.335] [bmv2] [T] [thread 247343] bm_table_add_entry
[06:05:00.336] [bmv2] [D] [thread 247343] Entry 67 added to table 'MyIngress.ipv4_lpm'
[06:05:00.336] [bmv2] [D] [thread 247343] Dumping entry 67
Match key:
* hdr.ipv4.dstAddr              : LPM       0a00050e/32
* standard_metadata.ingress_port: EXACT     0004
Action entry: MyIngress.ipv4_forward - a00050e,2,

[06:05:00.336] [bmv2] [T] [thread 247343] bm_table_add_entry
[06:05:00.337] [bmv2] [D] [thread 247343] Entry 68 added to table 'MyIngress.ipv4_lpm'
[06:05:00.337] [bmv2] [D] [thread 247343] Dumping entry 68
Match key:
* hdr.ipv4.dstAddr              : LPM       0a00050e/32
* standard_metadata.ingress_port: EXACT     0005
Action entry: MyIngress.ipv4_forward - a00050e,2,

[06:05:00.337] [bmv2] [T] [thread 247343] bm_table_add_entry
[06:05:00.338] [bmv2] [D] [thread 247343] Entry 69 added to table 'MyIngress.ipv4_lpm'
[06:05:00.338] [bmv2] [D] [thread 247343] Dumping entry 69
Match key:
* hdr.ipv4.dstAddr              : LPM       0a00050e/32
* standard_metadata.ingress_port: EXACT     0006
Action entry: MyIngress.ipv4_forward - a00050e,2,

[06:05:00.338] [bmv2] [T] [thread 247343] bm_table_add_entry
[06:05:00.338] [bmv2] [D] [thread 247343] Entry 70 added to table 'MyIngress.ipv4_lpm'
[06:05:00.338] [bmv2] [D] [thread 247343] Dumping entry 70
Match key:
* hdr.ipv4.dstAddr              : LPM       0a00050f/32
* standard_metadata.ingress_port: EXACT     0001
Action entry: MyIngress.ipv4_forward - a00050f,2,

[06:05:00.339] [bmv2] [T] [thread 247343] bm_table_add_entry
[06:05:00.339] [bmv2] [D] [thread 247343] Entry 71 added to table 'MyIngress.ipv4_lpm'
[06:05:00.339] [bmv2] [D] [thread 247343] Dumping entry 71
Match key:
* hdr.ipv4.dstAddr              : LPM       0a00050f/32
* standard_metadata.ingress_port: EXACT     0003
Action entry: MyIngress.ipv4_forward - a00050f,2,

[06:05:00.340] [bmv2] [T] [thread 247343] bm_table_add_entry
[06:05:00.340] [bmv2] [D] [thread 247343] Entry 72 added to table 'MyIngress.ipv4_lpm'
[06:05:00.340] [bmv2] [D] [thread 247343] Dumping entry 72
Match key:
* hdr.ipv4.dstAddr              : LPM       0a00050f/32
* standard_metadata.ingress_port: EXACT     0004
Action entry: MyIngress.ipv4_forward - a00050f,2,

[06:05:00.341] [bmv2] [T] [thread 247343] bm_table_add_entry
[06:05:00.341] [bmv2] [D] [thread 247343] Entry 73 added to table 'MyIngress.ipv4_lpm'
[06:05:00.341] [bmv2] [D] [thread 247343] Dumping entry 73
Match key:
* hdr.ipv4.dstAddr              : LPM       0a00050f/32
* standard_metadata.ingress_port: EXACT     0005
Action entry: MyIngress.ipv4_forward - a00050f,2,

[06:05:00.342] [bmv2] [T] [thread 247343] bm_table_add_entry
[06:05:00.342] [bmv2] [D] [thread 247343] Entry 74 added to table 'MyIngress.ipv4_lpm'
[06:05:00.342] [bmv2] [D] [thread 247343] Dumping entry 74
Match key:
* hdr.ipv4.dstAddr              : LPM       0a00050f/32
* standard_metadata.ingress_port: EXACT     0006
Action entry: MyIngress.ipv4_forward - a00050f,2,

[06:05:00.343] [bmv2] [T] [thread 247343] bm_table_add_entry
[06:05:00.343] [bmv2] [D] [thread 247343] Entry 75 added to table 'MyIngress.ipv4_lpm'
[06:05:00.343] [bmv2] [D] [thread 247343] Dumping entry 75
Match key:
* hdr.ipv4.dstAddr              : LPM       0a000610/32
* standard_metadata.ingress_port: EXACT     0001
Action entry: MyIngress.ipv4_forward - a000610,2,

[06:05:00.343] [bmv2] [T] [thread 247343] bm_table_add_entry
[06:05:00.344] [bmv2] [D] [thread 247343] Entry 76 added to table 'MyIngress.ipv4_lpm'
[06:05:00.344] [bmv2] [D] [thread 247343] Dumping entry 76
Match key:
* hdr.ipv4.dstAddr              : LPM       0a000610/32
* standard_metadata.ingress_port: EXACT     0003
Action entry: MyIngress.ipv4_forward - a000610,2,

[06:05:00.344] [bmv2] [T] [thread 247343] bm_table_add_entry
[06:05:00.344] [bmv2] [D] [thread 247343] Entry 77 added to table 'MyIngress.ipv4_lpm'
[06:05:00.344] [bmv2] [D] [thread 247343] Dumping entry 77
Match key:
* hdr.ipv4.dstAddr              : LPM       0a000610/32
* standard_metadata.ingress_port: EXACT     0004
Action entry: MyIngress.ipv4_forward - a000610,2,

[06:05:00.345] [bmv2] [T] [thread 247343] bm_table_add_entry
[06:05:00.345] [bmv2] [D] [thread 247343] Entry 78 added to table 'MyIngress.ipv4_lpm'
[06:05:00.345] [bmv2] [D] [thread 247343] Dumping entry 78
Match key:
* hdr.ipv4.dstAddr              : LPM       0a000610/32
* standard_metadata.ingress_port: EXACT     0005
Action entry: MyIngress.ipv4_forward - a000610,2,

[06:05:00.346] [bmv2] [T] [thread 247343] bm_table_add_entry
[06:05:00.346] [bmv2] [D] [thread 247343] Entry 79 added to table 'MyIngress.ipv4_lpm'
[06:05:00.346] [bmv2] [D] [thread 247343] Dumping entry 79
Match key:
* hdr.ipv4.dstAddr              : LPM       0a000610/32
* standard_metadata.ingress_port: EXACT     0006
Action entry: MyIngress.ipv4_forward - a000610,2,

[06:05:00.347] [bmv2] [T] [thread 247343] bm_table_add_entry
[06:05:00.347] [bmv2] [D] [thread 247343] Entry 80 added to table 'MyIngress.ipv4_lpm'
[06:05:00.347] [bmv2] [D] [thread 247343] Dumping entry 80
Match key:
* hdr.ipv4.dstAddr              : LPM       0a000611/32
* standard_metadata.ingress_port: EXACT     0001
Action entry: MyIngress.ipv4_forward - a000611,2,

[06:05:00.347] [bmv2] [T] [thread 247343] bm_table_add_entry
[06:05:00.348] [bmv2] [D] [thread 247343] Entry 81 added to table 'MyIngress.ipv4_lpm'
[06:05:00.348] [bmv2] [D] [thread 247343] Dumping entry 81
Match key:
* hdr.ipv4.dstAddr              : LPM       0a000611/32
* standard_metadata.ingress_port: EXACT     0003
Action entry: MyIngress.ipv4_forward - a000611,2,

[06:05:00.348] [bmv2] [T] [thread 247343] bm_table_add_entry
[06:05:00.348] [bmv2] [D] [thread 247343] Entry 82 added to table 'MyIngress.ipv4_lpm'
[06:05:00.348] [bmv2] [D] [thread 247343] Dumping entry 82
Match key:
* hdr.ipv4.dstAddr              : LPM       0a000611/32
* standard_metadata.ingress_port: EXACT     0004
Action entry: MyIngress.ipv4_forward - a000611,2,

[06:05:00.349] [bmv2] [T] [thread 247343] bm_table_add_entry
[06:05:00.349] [bmv2] [D] [thread 247343] Entry 83 added to table 'MyIngress.ipv4_lpm'
[06:05:00.349] [bmv2] [D] [thread 247343] Dumping entry 83
Match key:
* hdr.ipv4.dstAddr              : LPM       0a000611/32
* standard_metadata.ingress_port: EXACT     0005
Action entry: MyIngress.ipv4_forward - a000611,2,

[06:05:00.350] [bmv2] [T] [thread 247343] bm_table_add_entry
[06:05:00.350] [bmv2] [D] [thread 247343] Entry 84 added to table 'MyIngress.ipv4_lpm'
[06:05:00.350] [bmv2] [D] [thread 247343] Dumping entry 84
Match key:
* hdr.ipv4.dstAddr              : LPM       0a000611/32
* standard_metadata.ingress_port: EXACT     0006
Action entry: MyIngress.ipv4_forward - a000611,2,

[06:05:00.351] [bmv2] [T] [thread 247343] bm_table_add_entry
[06:05:00.351] [bmv2] [D] [thread 247343] Entry 85 added to table 'MyIngress.ipv4_lpm'
[06:05:00.351] [bmv2] [D] [thread 247343] Dumping entry 85
Match key:
* hdr.ipv4.dstAddr              : LPM       0a000612/32
* standard_metadata.ingress_port: EXACT     0001
Action entry: MyIngress.ipv4_forward - a000612,2,

[06:05:00.351] [bmv2] [T] [thread 247343] bm_table_add_entry
[06:05:00.351] [bmv2] [D] [thread 247343] Entry 86 added to table 'MyIngress.ipv4_lpm'
[06:05:00.351] [bmv2] [D] [thread 247343] Dumping entry 86
Match key:
* hdr.ipv4.dstAddr              : LPM       0a000612/32
* standard_metadata.ingress_port: EXACT     0003
Action entry: MyIngress.ipv4_forward - a000612,2,

[06:05:00.353] [bmv2] [T] [thread 247343] bm_table_add_entry
[06:05:00.353] [bmv2] [D] [thread 247343] Entry 87 added to table 'MyIngress.ipv4_lpm'
[06:05:00.353] [bmv2] [D] [thread 247343] Dumping entry 87
Match key:
* hdr.ipv4.dstAddr              : LPM       0a000612/32
* standard_metadata.ingress_port: EXACT     0004
Action entry: MyIngress.ipv4_forward - a000612,2,

[06:05:00.354] [bmv2] [T] [thread 247343] bm_table_add_entry
[06:05:00.354] [bmv2] [D] [thread 247343] Entry 88 added to table 'MyIngress.ipv4_lpm'
[06:05:00.354] [bmv2] [D] [thread 247343] Dumping entry 88
Match key:
* hdr.ipv4.dstAddr              : LPM       0a000612/32
* standard_metadata.ingress_port: EXACT     0005
Action entry: MyIngress.ipv4_forward - a000612,2,

[06:05:00.354] [bmv2] [T] [thread 247343] bm_table_add_entry
[06:05:00.355] [bmv2] [D] [thread 247343] Entry 89 added to table 'MyIngress.ipv4_lpm'
[06:05:00.355] [bmv2] [D] [thread 247343] Dumping entry 89
Match key:
* hdr.ipv4.dstAddr              : LPM       0a000612/32
* standard_metadata.ingress_port: EXACT     0006
Action entry: MyIngress.ipv4_forward - a000612,2,

[06:05:00.355] [bmv2] [T] [thread 247343] bm_table_add_entry
[06:05:00.355] [bmv2] [D] [thread 247343] Entry 90 added to table 'MyIngress.ipv4_lpm'
[06:05:00.355] [bmv2] [D] [thread 247343] Dumping entry 90
Match key:
* hdr.ipv4.dstAddr              : LPM       0a000713/32
* standard_metadata.ingress_port: EXACT     0001
Action entry: MyIngress.ipv4_forward - a000713,3,

[06:05:00.356] [bmv2] [T] [thread 247343] bm_table_add_entry
[06:05:00.356] [bmv2] [D] [thread 247343] Entry 91 added to table 'MyIngress.ipv4_lpm'
[06:05:00.356] [bmv2] [D] [thread 247343] Dumping entry 91
Match key:
* hdr.ipv4.dstAddr              : LPM       0a000713/32
* standard_metadata.ingress_port: EXACT     0002
Action entry: MyIngress.ipv4_forward - a000713,3,

[06:05:00.357] [bmv2] [T] [thread 247343] bm_table_add_entry
[06:05:00.357] [bmv2] [D] [thread 247343] Entry 92 added to table 'MyIngress.ipv4_lpm'
[06:05:00.357] [bmv2] [D] [thread 247343] Dumping entry 92
Match key:
* hdr.ipv4.dstAddr              : LPM       0a000713/32
* standard_metadata.ingress_port: EXACT     0004
Action entry: MyIngress.ipv4_forward - a000713,3,

[06:05:00.358] [bmv2] [T] [thread 247343] bm_table_add_entry
[06:05:00.358] [bmv2] [D] [thread 247343] Entry 93 added to table 'MyIngress.ipv4_lpm'
[06:05:00.358] [bmv2] [D] [thread 247343] Dumping entry 93
Match key:
* hdr.ipv4.dstAddr              : LPM       0a000713/32
* standard_metadata.ingress_port: EXACT     0005
Action entry: MyIngress.ipv4_forward - a000713,3,

[06:05:00.359] [bmv2] [T] [thread 247343] bm_table_add_entry
[06:05:00.359] [bmv2] [D] [thread 247343] Entry 94 added to table 'MyIngress.ipv4_lpm'
[06:05:00.359] [bmv2] [D] [thread 247343] Dumping entry 94
Match key:
* hdr.ipv4.dstAddr              : LPM       0a000713/32
* standard_metadata.ingress_port: EXACT     0006
Action entry: MyIngress.ipv4_forward - a000713,3,

[06:05:00.360] [bmv2] [T] [thread 247343] bm_table_add_entry
[06:05:00.360] [bmv2] [D] [thread 247343] Entry 95 added to table 'MyIngress.ipv4_lpm'
[06:05:00.360] [bmv2] [D] [thread 247343] Dumping entry 95
Match key:
* hdr.ipv4.dstAddr              : LPM       0a000714/32
* standard_metadata.ingress_port: EXACT     0001
Action entry: MyIngress.ipv4_forward - a000714,3,

[06:05:00.360] [bmv2] [T] [thread 247343] bm_table_add_entry
[06:05:00.361] [bmv2] [D] [thread 247343] Entry 96 added to table 'MyIngress.ipv4_lpm'
[06:05:00.361] [bmv2] [D] [thread 247343] Dumping entry 96
Match key:
* hdr.ipv4.dstAddr              : LPM       0a000714/32
* standard_metadata.ingress_port: EXACT     0002
Action entry: MyIngress.ipv4_forward - a000714,3,

[06:05:00.361] [bmv2] [T] [thread 247343] bm_table_add_entry
[06:05:00.361] [bmv2] [D] [thread 247343] Entry 97 added to table 'MyIngress.ipv4_lpm'
[06:05:00.361] [bmv2] [D] [thread 247343] Dumping entry 97
Match key:
* hdr.ipv4.dstAddr              : LPM       0a000714/32
* standard_metadata.ingress_port: EXACT     0004
Action entry: MyIngress.ipv4_forward - a000714,3,

[06:05:00.362] [bmv2] [T] [thread 247343] bm_table_add_entry
[06:05:00.362] [bmv2] [D] [thread 247343] Entry 98 added to table 'MyIngress.ipv4_lpm'
[06:05:00.362] [bmv2] [D] [thread 247343] Dumping entry 98
Match key:
* hdr.ipv4.dstAddr              : LPM       0a000714/32
* standard_metadata.ingress_port: EXACT     0005
Action entry: MyIngress.ipv4_forward - a000714,3,

[06:05:00.363] [bmv2] [T] [thread 247343] bm_table_add_entry
[06:05:00.363] [bmv2] [D] [thread 247343] Entry 99 added to table 'MyIngress.ipv4_lpm'
[06:05:00.363] [bmv2] [D] [thread 247343] Dumping entry 99
Match key:
* hdr.ipv4.dstAddr              : LPM       0a000714/32
* standard_metadata.ingress_port: EXACT     0006
Action entry: MyIngress.ipv4_forward - a000714,3,

[06:05:00.364] [bmv2] [T] [thread 247343] bm_table_add_entry
[06:05:00.364] [bmv2] [D] [thread 247343] Entry 100 added to table 'MyIngress.ipv4_lpm'
[06:05:00.364] [bmv2] [D] [thread 247343] Dumping entry 100
Match key:
* hdr.ipv4.dstAddr              : LPM       0a000715/32
* standard_metadata.ingress_port: EXACT     0001
Action entry: MyIngress.ipv4_forward - a000715,3,

[06:05:00.364] [bmv2] [T] [thread 247343] bm_table_add_entry
[06:05:00.365] [bmv2] [D] [thread 247343] Entry 101 added to table 'MyIngress.ipv4_lpm'
[06:05:00.365] [bmv2] [D] [thread 247343] Dumping entry 101
Match key:
* hdr.ipv4.dstAddr              : LPM       0a000715/32
* standard_metadata.ingress_port: EXACT     0002
Action entry: MyIngress.ipv4_forward - a000715,3,

[06:05:00.366] [bmv2] [T] [thread 247343] bm_table_add_entry
[06:05:00.366] [bmv2] [D] [thread 247343] Entry 102 added to table 'MyIngress.ipv4_lpm'
[06:05:00.366] [bmv2] [D] [thread 247343] Dumping entry 102
Match key:
* hdr.ipv4.dstAddr              : LPM       0a000715/32
* standard_metadata.ingress_port: EXACT     0004
Action entry: MyIngress.ipv4_forward - a000715,3,

[06:05:00.367] [bmv2] [T] [thread 247343] bm_table_add_entry
[06:05:00.367] [bmv2] [D] [thread 247343] Entry 103 added to table 'MyIngress.ipv4_lpm'
[06:05:00.367] [bmv2] [D] [thread 247343] Dumping entry 103
Match key:
* hdr.ipv4.dstAddr              : LPM       0a000715/32
* standard_metadata.ingress_port: EXACT     0005
Action entry: MyIngress.ipv4_forward - a000715,3,

[06:05:00.367] [bmv2] [T] [thread 247343] bm_table_add_entry
[06:05:00.367] [bmv2] [D] [thread 247343] Entry 104 added to table 'MyIngress.ipv4_lpm'
[06:05:00.368] [bmv2] [D] [thread 247343] Dumping entry 104
Match key:
* hdr.ipv4.dstAddr              : LPM       0a000715/32
* standard_metadata.ingress_port: EXACT     0006
Action entry: MyIngress.ipv4_forward - a000715,3,

[06:05:00.368] [bmv2] [T] [thread 247343] bm_table_add_entry
[06:05:00.369] [bmv2] [D] [thread 247343] Entry 105 added to table 'MyIngress.ipv4_lpm'
[06:05:00.369] [bmv2] [D] [thread 247343] Dumping entry 105
Match key:
* hdr.ipv4.dstAddr              : LPM       0a000816/32
* standard_metadata.ingress_port: EXACT     0001
Action entry: MyIngress.ipv4_forward - a000816,3,

[06:05:00.370] [bmv2] [T] [thread 247343] bm_table_add_entry
[06:05:00.370] [bmv2] [D] [thread 247343] Entry 106 added to table 'MyIngress.ipv4_lpm'
[06:05:00.370] [bmv2] [D] [thread 247343] Dumping entry 106
Match key:
* hdr.ipv4.dstAddr              : LPM       0a000816/32
* standard_metadata.ingress_port: EXACT     0002
Action entry: MyIngress.ipv4_forward - a000816,3,

[06:05:00.370] [bmv2] [T] [thread 247343] bm_table_add_entry
[06:05:00.370] [bmv2] [D] [thread 247343] Entry 107 added to table 'MyIngress.ipv4_lpm'
[06:05:00.370] [bmv2] [D] [thread 247343] Dumping entry 107
Match key:
* hdr.ipv4.dstAddr              : LPM       0a000816/32
* standard_metadata.ingress_port: EXACT     0004
Action entry: MyIngress.ipv4_forward - a000816,3,

[06:05:00.371] [bmv2] [T] [thread 247343] bm_table_add_entry
[06:05:00.371] [bmv2] [D] [thread 247343] Entry 108 added to table 'MyIngress.ipv4_lpm'
[06:05:00.371] [bmv2] [D] [thread 247343] Dumping entry 108
Match key:
* hdr.ipv4.dstAddr              : LPM       0a000816/32
* standard_metadata.ingress_port: EXACT     0005
Action entry: MyIngress.ipv4_forward - a000816,3,

[06:05:00.372] [bmv2] [T] [thread 247343] bm_table_add_entry
[06:05:00.372] [bmv2] [D] [thread 247343] Entry 109 added to table 'MyIngress.ipv4_lpm'
[06:05:00.372] [bmv2] [D] [thread 247343] Dumping entry 109
Match key:
* hdr.ipv4.dstAddr              : LPM       0a000816/32
* standard_metadata.ingress_port: EXACT     0006
Action entry: MyIngress.ipv4_forward - a000816,3,

[06:05:00.373] [bmv2] [T] [thread 247343] bm_table_add_entry
[06:05:00.373] [bmv2] [D] [thread 247343] Entry 110 added to table 'MyIngress.ipv4_lpm'
[06:05:00.373] [bmv2] [D] [thread 247343] Dumping entry 110
Match key:
* hdr.ipv4.dstAddr              : LPM       0a000817/32
* standard_metadata.ingress_port: EXACT     0001
Action entry: MyIngress.ipv4_forward - a000817,3,

[06:05:00.373] [bmv2] [T] [thread 247343] bm_table_add_entry
[06:05:00.374] [bmv2] [D] [thread 247343] Entry 111 added to table 'MyIngress.ipv4_lpm'
[06:05:00.374] [bmv2] [D] [thread 247343] Dumping entry 111
Match key:
* hdr.ipv4.dstAddr              : LPM       0a000817/32
* standard_metadata.ingress_port: EXACT     0002
Action entry: MyIngress.ipv4_forward - a000817,3,

[06:05:00.374] [bmv2] [T] [thread 247343] bm_table_add_entry
[06:05:00.374] [bmv2] [D] [thread 247343] Entry 112 added to table 'MyIngress.ipv4_lpm'
[06:05:00.374] [bmv2] [D] [thread 247343] Dumping entry 112
Match key:
* hdr.ipv4.dstAddr              : LPM       0a000817/32
* standard_metadata.ingress_port: EXACT     0004
Action entry: MyIngress.ipv4_forward - a000817,3,

[06:05:00.375] [bmv2] [T] [thread 247343] bm_table_add_entry
[06:05:00.375] [bmv2] [D] [thread 247343] Entry 113 added to table 'MyIngress.ipv4_lpm'
[06:05:00.375] [bmv2] [D] [thread 247343] Dumping entry 113
Match key:
* hdr.ipv4.dstAddr              : LPM       0a000817/32
* standard_metadata.ingress_port: EXACT     0005
Action entry: MyIngress.ipv4_forward - a000817,3,

[06:05:00.377] [bmv2] [T] [thread 247343] bm_table_add_entry
[06:05:00.377] [bmv2] [D] [thread 247343] Entry 114 added to table 'MyIngress.ipv4_lpm'
[06:05:00.377] [bmv2] [D] [thread 247343] Dumping entry 114
Match key:
* hdr.ipv4.dstAddr              : LPM       0a000817/32
* standard_metadata.ingress_port: EXACT     0006
Action entry: MyIngress.ipv4_forward - a000817,3,

[06:05:00.377] [bmv2] [T] [thread 247343] bm_table_add_entry
[06:05:00.377] [bmv2] [D] [thread 247343] Entry 115 added to table 'MyIngress.ipv4_lpm'
[06:05:00.378] [bmv2] [D] [thread 247343] Dumping entry 115
Match key:
* hdr.ipv4.dstAddr              : LPM       0a000818/32
* standard_metadata.ingress_port: EXACT     0001
Action entry: MyIngress.ipv4_forward - a000818,3,

[06:05:00.378] [bmv2] [T] [thread 247343] bm_table_add_entry
[06:05:00.378] [bmv2] [D] [thread 247343] Entry 116 added to table 'MyIngress.ipv4_lpm'
[06:05:00.378] [bmv2] [D] [thread 247343] Dumping entry 116
Match key:
* hdr.ipv4.dstAddr              : LPM       0a000818/32
* standard_metadata.ingress_port: EXACT     0002
Action entry: MyIngress.ipv4_forward - a000818,3,

[06:05:00.379] [bmv2] [T] [thread 247343] bm_table_add_entry
[06:05:00.379] [bmv2] [D] [thread 247343] Entry 117 added to table 'MyIngress.ipv4_lpm'
[06:05:00.380] [bmv2] [D] [thread 247343] Dumping entry 117
Match key:
* hdr.ipv4.dstAddr              : LPM       0a000818/32
* standard_metadata.ingress_port: EXACT     0004
Action entry: MyIngress.ipv4_forward - a000818,3,

[06:05:00.380] [bmv2] [T] [thread 247343] bm_table_add_entry
[06:05:00.381] [bmv2] [D] [thread 247343] Entry 118 added to table 'MyIngress.ipv4_lpm'
[06:05:00.381] [bmv2] [D] [thread 247343] Dumping entry 118
Match key:
* hdr.ipv4.dstAddr              : LPM       0a000818/32
* standard_metadata.ingress_port: EXACT     0005
Action entry: MyIngress.ipv4_forward - a000818,3,

[06:05:00.382] [bmv2] [T] [thread 247343] bm_table_add_entry
[06:05:00.382] [bmv2] [D] [thread 247343] Entry 119 added to table 'MyIngress.ipv4_lpm'
[06:05:00.382] [bmv2] [D] [thread 247343] Dumping entry 119
Match key:
* hdr.ipv4.dstAddr              : LPM       0a000818/32
* standard_metadata.ingress_port: EXACT     0006
Action entry: MyIngress.ipv4_forward - a000818,3,

[06:05:00.383] [bmv2] [T] [thread 247343] bm_table_add_entry
[06:05:00.383] [bmv2] [D] [thread 247343] Entry 120 added to table 'MyIngress.ipv4_lpm'
[06:05:00.383] [bmv2] [D] [thread 247343] Dumping entry 120
Match key:
* hdr.ipv4.dstAddr              : LPM       0a000919/32
* standard_metadata.ingress_port: EXACT     0001
Action entry: MyIngress.ipv4_forward - a000919,3,

[06:05:00.384] [bmv2] [T] [thread 247343] bm_table_add_entry
[06:05:00.384] [bmv2] [D] [thread 247343] Entry 121 added to table 'MyIngress.ipv4_lpm'
[06:05:00.384] [bmv2] [D] [thread 247343] Dumping entry 121
Match key:
* hdr.ipv4.dstAddr              : LPM       0a000919/32
* standard_metadata.ingress_port: EXACT     0002
Action entry: MyIngress.ipv4_forward - a000919,3,

[06:05:00.384] [bmv2] [T] [thread 247343] bm_table_add_entry
[06:05:00.384] [bmv2] [D] [thread 247343] Entry 122 added to table 'MyIngress.ipv4_lpm'
[06:05:00.385] [bmv2] [D] [thread 247343] Dumping entry 122
Match key:
* hdr.ipv4.dstAddr              : LPM       0a000919/32
* standard_metadata.ingress_port: EXACT     0004
Action entry: MyIngress.ipv4_forward - a000919,3,

[06:05:00.385] [bmv2] [T] [thread 247343] bm_table_add_entry
[06:05:00.385] [bmv2] [D] [thread 247343] Entry 123 added to table 'MyIngress.ipv4_lpm'
[06:05:00.385] [bmv2] [D] [thread 247343] Dumping entry 123
Match key:
* hdr.ipv4.dstAddr              : LPM       0a000919/32
* standard_metadata.ingress_port: EXACT     0005
Action entry: MyIngress.ipv4_forward - a000919,3,

[06:05:00.386] [bmv2] [T] [thread 247343] bm_table_add_entry
[06:05:00.386] [bmv2] [D] [thread 247343] Entry 124 added to table 'MyIngress.ipv4_lpm'
[06:05:00.386] [bmv2] [D] [thread 247343] Dumping entry 124
Match key:
* hdr.ipv4.dstAddr              : LPM       0a000919/32
* standard_metadata.ingress_port: EXACT     0006
Action entry: MyIngress.ipv4_forward - a000919,3,

[06:05:00.387] [bmv2] [T] [thread 247343] bm_table_add_entry
[06:05:00.387] [bmv2] [D] [thread 247343] Entry 125 added to table 'MyIngress.ipv4_lpm'
[06:05:00.387] [bmv2] [D] [thread 247343] Dumping entry 125
Match key:
* hdr.ipv4.dstAddr              : LPM       0a00091a/32
* standard_metadata.ingress_port: EXACT     0001
Action entry: MyIngress.ipv4_forward - a00091a,3,

[06:05:00.387] [bmv2] [T] [thread 247343] bm_table_add_entry
[06:05:00.388] [bmv2] [D] [thread 247343] Entry 126 added to table 'MyIngress.ipv4_lpm'
[06:05:00.388] [bmv2] [D] [thread 247343] Dumping entry 126
Match key:
* hdr.ipv4.dstAddr              : LPM       0a00091a/32
* standard_metadata.ingress_port: EXACT     0002
Action entry: MyIngress.ipv4_forward - a00091a,3,

[06:05:00.388] [bmv2] [T] [thread 247343] bm_table_add_entry
[06:05:00.388] [bmv2] [D] [thread 247343] Entry 127 added to table 'MyIngress.ipv4_lpm'
[06:05:00.388] [bmv2] [D] [thread 247343] Dumping entry 127
Match key:
* hdr.ipv4.dstAddr              : LPM       0a00091a/32
* standard_metadata.ingress_port: EXACT     0004
Action entry: MyIngress.ipv4_forward - a00091a,3,

[06:05:00.389] [bmv2] [T] [thread 247343] bm_table_add_entry
[06:05:00.389] [bmv2] [D] [thread 247343] Entry 128 added to table 'MyIngress.ipv4_lpm'
[06:05:00.389] [bmv2] [D] [thread 247343] Dumping entry 128
Match key:
* hdr.ipv4.dstAddr              : LPM       0a00091a/32
* standard_metadata.ingress_port: EXACT     0005
Action entry: MyIngress.ipv4_forward - a00091a,3,

[06:05:00.390] [bmv2] [T] [thread 247343] bm_table_add_entry
[06:05:00.390] [bmv2] [D] [thread 247343] Entry 129 added to table 'MyIngress.ipv4_lpm'
[06:05:00.390] [bmv2] [D] [thread 247343] Dumping entry 129
Match key:
* hdr.ipv4.dstAddr              : LPM       0a00091a/32
* standard_metadata.ingress_port: EXACT     0006
Action entry: MyIngress.ipv4_forward - a00091a,3,

[06:05:00.391] [bmv2] [T] [thread 247343] bm_table_add_entry
[06:05:00.391] [bmv2] [D] [thread 247343] Entry 130 added to table 'MyIngress.ipv4_lpm'
[06:05:00.391] [bmv2] [D] [thread 247343] Dumping entry 130
Match key:
* hdr.ipv4.dstAddr              : LPM       0a00091b/32
* standard_metadata.ingress_port: EXACT     0001
Action entry: MyIngress.ipv4_forward - a00091b,3,

[06:05:00.391] [bmv2] [T] [thread 247343] bm_table_add_entry
[06:05:00.391] [bmv2] [D] [thread 247343] Entry 131 added to table 'MyIngress.ipv4_lpm'
[06:05:00.392] [bmv2] [D] [thread 247343] Dumping entry 131
Match key:
* hdr.ipv4.dstAddr              : LPM       0a00091b/32
* standard_metadata.ingress_port: EXACT     0002
Action entry: MyIngress.ipv4_forward - a00091b,3,

[06:05:00.392] [bmv2] [T] [thread 247343] bm_table_add_entry
[06:05:00.392] [bmv2] [D] [thread 247343] Entry 132 added to table 'MyIngress.ipv4_lpm'
[06:05:00.392] [bmv2] [D] [thread 247343] Dumping entry 132
Match key:
* hdr.ipv4.dstAddr              : LPM       0a00091b/32
* standard_metadata.ingress_port: EXACT     0004
Action entry: MyIngress.ipv4_forward - a00091b,3,

[06:05:00.393] [bmv2] [T] [thread 247343] bm_table_add_entry
[06:05:00.393] [bmv2] [D] [thread 247343] Entry 133 added to table 'MyIngress.ipv4_lpm'
[06:05:00.393] [bmv2] [D] [thread 247343] Dumping entry 133
Match key:
* hdr.ipv4.dstAddr              : LPM       0a00091b/32
* standard_metadata.ingress_port: EXACT     0005
Action entry: MyIngress.ipv4_forward - a00091b,3,

[06:05:00.394] [bmv2] [T] [thread 247343] bm_table_add_entry
[06:05:00.394] [bmv2] [D] [thread 247343] Entry 134 added to table 'MyIngress.ipv4_lpm'
[06:05:00.394] [bmv2] [D] [thread 247343] Dumping entry 134
Match key:
* hdr.ipv4.dstAddr              : LPM       0a00091b/32
* standard_metadata.ingress_port: EXACT     0006
Action entry: MyIngress.ipv4_forward - a00091b,3,

[06:05:00.395] [bmv2] [T] [thread 247343] bm_table_add_entry
[06:05:00.395] [bmv2] [D] [thread 247343] Entry 135 added to table 'MyIngress.ipv4_lpm'
[06:05:00.395] [bmv2] [D] [thread 247343] Dumping entry 135
Match key:
* hdr.ipv4.dstAddr              : LPM       0a000a1c/32
* standard_metadata.ingress_port: EXACT     0001
Action entry: MyIngress.ipv4_forward - a000a1c,4,

[06:05:00.395] [bmv2] [T] [thread 247343] bm_table_add_entry
[06:05:00.396] [bmv2] [D] [thread 247343] Entry 136 added to table 'MyIngress.ipv4_lpm'
[06:05:00.396] [bmv2] [D] [thread 247343] Dumping entry 136
Match key:
* hdr.ipv4.dstAddr              : LPM       0a000a1c/32
* standard_metadata.ingress_port: EXACT     0002
Action entry: MyIngress.ipv4_forward - a000a1c,4,

[06:05:00.396] [bmv2] [T] [thread 247343] bm_table_add_entry
[06:05:00.396] [bmv2] [D] [thread 247343] Entry 137 added to table 'MyIngress.ipv4_lpm'
[06:05:00.396] [bmv2] [D] [thread 247343] Dumping entry 137
Match key:
* hdr.ipv4.dstAddr              : LPM       0a000a1c/32
* standard_metadata.ingress_port: EXACT     0003
Action entry: MyIngress.ipv4_forward - a000a1c,4,

[06:05:00.397] [bmv2] [T] [thread 247343] bm_table_add_entry
[06:05:00.397] [bmv2] [D] [thread 247343] Entry 138 added to table 'MyIngress.ipv4_lpm'
[06:05:00.397] [bmv2] [D] [thread 247343] Dumping entry 138
Match key:
* hdr.ipv4.dstAddr              : LPM       0a000a1c/32
* standard_metadata.ingress_port: EXACT     0005
Action entry: MyIngress.ipv4_forward - a000a1c,4,

[06:05:00.398] [bmv2] [T] [thread 247343] bm_table_add_entry
[06:05:00.398] [bmv2] [D] [thread 247343] Entry 139 added to table 'MyIngress.ipv4_lpm'
[06:05:00.398] [bmv2] [D] [thread 247343] Dumping entry 139
Match key:
* hdr.ipv4.dstAddr              : LPM       0a000a1c/32
* standard_metadata.ingress_port: EXACT     0006
Action entry: MyIngress.ipv4_forward - a000a1c,4,

[06:05:00.399] [bmv2] [T] [thread 247343] bm_table_add_entry
[06:05:00.399] [bmv2] [D] [thread 247343] Entry 140 added to table 'MyIngress.ipv4_lpm'
[06:05:00.399] [bmv2] [D] [thread 247343] Dumping entry 140
Match key:
* hdr.ipv4.dstAddr              : LPM       0a000a1d/32
* standard_metadata.ingress_port: EXACT     0001
Action entry: MyIngress.ipv4_forward - a000a1d,4,

[06:05:00.399] [bmv2] [T] [thread 247343] bm_table_add_entry
[06:05:00.399] [bmv2] [D] [thread 247343] Entry 141 added to table 'MyIngress.ipv4_lpm'
[06:05:00.399] [bmv2] [D] [thread 247343] Dumping entry 141
Match key:
* hdr.ipv4.dstAddr              : LPM       0a000a1d/32
* standard_metadata.ingress_port: EXACT     0002
Action entry: MyIngress.ipv4_forward - a000a1d,4,

[06:05:00.400] [bmv2] [T] [thread 247343] bm_table_add_entry
[06:05:00.400] [bmv2] [D] [thread 247343] Entry 142 added to table 'MyIngress.ipv4_lpm'
[06:05:00.400] [bmv2] [D] [thread 247343] Dumping entry 142
Match key:
* hdr.ipv4.dstAddr              : LPM       0a000a1d/32
* standard_metadata.ingress_port: EXACT     0003
Action entry: MyIngress.ipv4_forward - a000a1d,4,

[06:05:00.401] [bmv2] [T] [thread 247343] bm_table_add_entry
[06:05:00.401] [bmv2] [D] [thread 247343] Entry 143 added to table 'MyIngress.ipv4_lpm'
[06:05:00.401] [bmv2] [D] [thread 247343] Dumping entry 143
Match key:
* hdr.ipv4.dstAddr              : LPM       0a000a1d/32
* standard_metadata.ingress_port: EXACT     0005
Action entry: MyIngress.ipv4_forward - a000a1d,4,

[06:05:00.401] [bmv2] [T] [thread 247343] bm_table_add_entry
[06:05:00.402] [bmv2] [D] [thread 247343] Entry 144 added to table 'MyIngress.ipv4_lpm'
[06:05:00.402] [bmv2] [D] [thread 247343] Dumping entry 144
Match key:
* hdr.ipv4.dstAddr              : LPM       0a000a1d/32
* standard_metadata.ingress_port: EXACT     0006
Action entry: MyIngress.ipv4_forward - a000a1d,4,

[06:05:00.402] [bmv2] [T] [thread 247343] bm_table_add_entry
[06:05:00.403] [bmv2] [D] [thread 247343] Entry 145 added to table 'MyIngress.ipv4_lpm'
[06:05:00.403] [bmv2] [D] [thread 247343] Dumping entry 145
Match key:
* hdr.ipv4.dstAddr              : LPM       0a000a1e/32
* standard_metadata.ingress_port: EXACT     0001
Action entry: MyIngress.ipv4_forward - a000a1e,4,

[06:05:00.404] [bmv2] [T] [thread 247343] bm_table_add_entry
[06:05:00.404] [bmv2] [D] [thread 247343] Entry 146 added to table 'MyIngress.ipv4_lpm'
[06:05:00.404] [bmv2] [D] [thread 247343] Dumping entry 146
Match key:
* hdr.ipv4.dstAddr              : LPM       0a000a1e/32
* standard_metadata.ingress_port: EXACT     0002
Action entry: MyIngress.ipv4_forward - a000a1e,4,

[06:05:00.404] [bmv2] [T] [thread 247343] bm_table_add_entry
[06:05:00.404] [bmv2] [D] [thread 247343] Entry 147 added to table 'MyIngress.ipv4_lpm'
[06:05:00.405] [bmv2] [D] [thread 247343] Dumping entry 147
Match key:
* hdr.ipv4.dstAddr              : LPM       0a000a1e/32
* standard_metadata.ingress_port: EXACT     0003
Action entry: MyIngress.ipv4_forward - a000a1e,4,

[06:05:00.405] [bmv2] [T] [thread 247343] bm_table_add_entry
[06:05:00.405] [bmv2] [D] [thread 247343] Entry 148 added to table 'MyIngress.ipv4_lpm'
[06:05:00.405] [bmv2] [D] [thread 247343] Dumping entry 148
Match key:
* hdr.ipv4.dstAddr              : LPM       0a000a1e/32
* standard_metadata.ingress_port: EXACT     0005
Action entry: MyIngress.ipv4_forward - a000a1e,4,

[06:05:00.406] [bmv2] [T] [thread 247343] bm_table_add_entry
[06:05:00.406] [bmv2] [D] [thread 247343] Entry 149 added to table 'MyIngress.ipv4_lpm'
[06:05:00.406] [bmv2] [D] [thread 247343] Dumping entry 149
Match key:
* hdr.ipv4.dstAddr              : LPM       0a000a1e/32
* standard_metadata.ingress_port: EXACT     0006
Action entry: MyIngress.ipv4_forward - a000a1e,4,

[06:05:00.407] [bmv2] [T] [thread 247343] bm_table_add_entry
[06:05:00.407] [bmv2] [D] [thread 247343] Entry 150 added to table 'MyIngress.ipv4_lpm'
[06:05:00.407] [bmv2] [D] [thread 247343] Dumping entry 150
Match key:
* hdr.ipv4.dstAddr              : LPM       0a000b1f/32
* standard_metadata.ingress_port: EXACT     0001
Action entry: MyIngress.ipv4_forward - a000b1f,4,

[06:05:00.407] [bmv2] [T] [thread 247343] bm_table_add_entry
[06:05:00.408] [bmv2] [D] [thread 247343] Entry 151 added to table 'MyIngress.ipv4_lpm'
[06:05:00.408] [bmv2] [D] [thread 247343] Dumping entry 151
Match key:
* hdr.ipv4.dstAddr              : LPM       0a000b1f/32
* standard_metadata.ingress_port: EXACT     0002
Action entry: MyIngress.ipv4_forward - a000b1f,4,

[06:05:00.408] [bmv2] [T] [thread 247343] bm_table_add_entry
[06:05:00.408] [bmv2] [D] [thread 247343] Entry 152 added to table 'MyIngress.ipv4_lpm'
[06:05:00.409] [bmv2] [D] [thread 247343] Dumping entry 152
Match key:
* hdr.ipv4.dstAddr              : LPM       0a000b1f/32
* standard_metadata.ingress_port: EXACT     0003
Action entry: MyIngress.ipv4_forward - a000b1f,4,

[06:05:00.409] [bmv2] [T] [thread 247343] bm_table_add_entry
[06:05:00.409] [bmv2] [D] [thread 247343] Entry 153 added to table 'MyIngress.ipv4_lpm'
[06:05:00.409] [bmv2] [D] [thread 247343] Dumping entry 153
Match key:
* hdr.ipv4.dstAddr              : LPM       0a000b1f/32
* standard_metadata.ingress_port: EXACT     0005
Action entry: MyIngress.ipv4_forward - a000b1f,4,

[06:05:00.410] [bmv2] [T] [thread 247343] bm_table_add_entry
[06:05:00.410] [bmv2] [D] [thread 247343] Entry 154 added to table 'MyIngress.ipv4_lpm'
[06:05:00.410] [bmv2] [D] [thread 247343] Dumping entry 154
Match key:
* hdr.ipv4.dstAddr              : LPM       0a000b1f/32
* standard_metadata.ingress_port: EXACT     0006
Action entry: MyIngress.ipv4_forward - a000b1f,4,

[06:05:00.411] [bmv2] [T] [thread 247343] bm_table_add_entry
[06:05:00.411] [bmv2] [D] [thread 247343] Entry 155 added to table 'MyIngress.ipv4_lpm'
[06:05:00.411] [bmv2] [D] [thread 247343] Dumping entry 155
Match key:
* hdr.ipv4.dstAddr              : LPM       0a000b20/32
* standard_metadata.ingress_port: EXACT     0001
Action entry: MyIngress.ipv4_forward - a000b20,4,

[06:05:00.411] [bmv2] [T] [thread 247343] bm_table_add_entry
[06:05:00.411] [bmv2] [D] [thread 247343] Entry 156 added to table 'MyIngress.ipv4_lpm'
[06:05:00.411] [bmv2] [D] [thread 247343] Dumping entry 156
Match key:
* hdr.ipv4.dstAddr              : LPM       0a000b20/32
* standard_metadata.ingress_port: EXACT     0002
Action entry: MyIngress.ipv4_forward - a000b20,4,

[06:05:00.412] [bmv2] [T] [thread 247343] bm_table_add_entry
[06:05:00.412] [bmv2] [D] [thread 247343] Entry 157 added to table 'MyIngress.ipv4_lpm'
[06:05:00.412] [bmv2] [D] [thread 247343] Dumping entry 157
Match key:
* hdr.ipv4.dstAddr              : LPM       0a000b20/32
* standard_metadata.ingress_port: EXACT     0003
Action entry: MyIngress.ipv4_forward - a000b20,4,

[06:05:00.413] [bmv2] [T] [thread 247343] bm_table_add_entry
[06:05:00.413] [bmv2] [D] [thread 247343] Entry 158 added to table 'MyIngress.ipv4_lpm'
[06:05:00.413] [bmv2] [D] [thread 247343] Dumping entry 158
Match key:
* hdr.ipv4.dstAddr              : LPM       0a000b20/32
* standard_metadata.ingress_port: EXACT     0005
Action entry: MyIngress.ipv4_forward - a000b20,4,

[06:05:00.413] [bmv2] [T] [thread 247343] bm_table_add_entry
[06:05:00.414] [bmv2] [D] [thread 247343] Entry 159 added to table 'MyIngress.ipv4_lpm'
[06:05:00.414] [bmv2] [D] [thread 247343] Dumping entry 159
Match key:
* hdr.ipv4.dstAddr              : LPM       0a000b20/32
* standard_metadata.ingress_port: EXACT     0006
Action entry: MyIngress.ipv4_forward - a000b20,4,

[06:05:00.414] [bmv2] [T] [thread 247343] bm_table_add_entry
[06:05:00.414] [bmv2] [D] [thread 247343] Entry 160 added to table 'MyIngress.ipv4_lpm'
[06:05:00.414] [bmv2] [D] [thread 247343] Dumping entry 160
Match key:
* hdr.ipv4.dstAddr              : LPM       0a000b21/32
* standard_metadata.ingress_port: EXACT     0001
Action entry: MyIngress.ipv4_forward - a000b21,4,

[06:05:00.415] [bmv2] [T] [thread 247343] bm_table_add_entry
[06:05:00.415] [bmv2] [D] [thread 247343] Entry 161 added to table 'MyIngress.ipv4_lpm'
[06:05:00.415] [bmv2] [D] [thread 247343] Dumping entry 161
Match key:
* hdr.ipv4.dstAddr              : LPM       0a000b21/32
* standard_metadata.ingress_port: EXACT     0002
Action entry: MyIngress.ipv4_forward - a000b21,4,

[06:05:00.416] [bmv2] [T] [thread 247343] bm_table_add_entry
[06:05:00.416] [bmv2] [D] [thread 247343] Entry 162 added to table 'MyIngress.ipv4_lpm'
[06:05:00.416] [bmv2] [D] [thread 247343] Dumping entry 162
Match key:
* hdr.ipv4.dstAddr              : LPM       0a000b21/32
* standard_metadata.ingress_port: EXACT     0003
Action entry: MyIngress.ipv4_forward - a000b21,4,

[06:05:00.416] [bmv2] [T] [thread 247343] bm_table_add_entry
[06:05:00.417] [bmv2] [D] [thread 247343] Entry 163 added to table 'MyIngress.ipv4_lpm'
[06:05:00.417] [bmv2] [D] [thread 247343] Dumping entry 163
Match key:
* hdr.ipv4.dstAddr              : LPM       0a000b21/32
* standard_metadata.ingress_port: EXACT     0005
Action entry: MyIngress.ipv4_forward - a000b21,4,

[06:05:00.418] [bmv2] [T] [thread 247343] bm_table_add_entry
[06:05:00.418] [bmv2] [D] [thread 247343] Entry 164 added to table 'MyIngress.ipv4_lpm'
[06:05:00.418] [bmv2] [D] [thread 247343] Dumping entry 164
Match key:
* hdr.ipv4.dstAddr              : LPM       0a000b21/32
* standard_metadata.ingress_port: EXACT     0006
Action entry: MyIngress.ipv4_forward - a000b21,4,

[06:05:00.418] [bmv2] [T] [thread 247343] bm_table_add_entry
[06:05:00.418] [bmv2] [D] [thread 247343] Entry 165 added to table 'MyIngress.ipv4_lpm'
[06:05:00.418] [bmv2] [D] [thread 247343] Dumping entry 165
Match key:
* hdr.ipv4.dstAddr              : LPM       0a000c22/32
* standard_metadata.ingress_port: EXACT     0001
Action entry: MyIngress.ipv4_forward - a000c22,4,

[06:05:00.419] [bmv2] [T] [thread 247343] bm_table_add_entry
[06:05:00.419] [bmv2] [D] [thread 247343] Entry 166 added to table 'MyIngress.ipv4_lpm'
[06:05:00.419] [bmv2] [D] [thread 247343] Dumping entry 166
Match key:
* hdr.ipv4.dstAddr              : LPM       0a000c22/32
* standard_metadata.ingress_port: EXACT     0002
Action entry: MyIngress.ipv4_forward - a000c22,4,

[06:05:00.420] [bmv2] [T] [thread 247343] bm_table_add_entry
[06:05:00.420] [bmv2] [D] [thread 247343] Entry 167 added to table 'MyIngress.ipv4_lpm'
[06:05:00.420] [bmv2] [D] [thread 247343] Dumping entry 167
Match key:
* hdr.ipv4.dstAddr              : LPM       0a000c22/32
* standard_metadata.ingress_port: EXACT     0003
Action entry: MyIngress.ipv4_forward - a000c22,4,

[06:05:00.421] [bmv2] [T] [thread 247343] bm_table_add_entry
[06:05:00.421] [bmv2] [D] [thread 247343] Entry 168 added to table 'MyIngress.ipv4_lpm'
[06:05:00.421] [bmv2] [D] [thread 247343] Dumping entry 168
Match key:
* hdr.ipv4.dstAddr              : LPM       0a000c22/32
* standard_metadata.ingress_port: EXACT     0005
Action entry: MyIngress.ipv4_forward - a000c22,4,

[06:05:00.422] [bmv2] [T] [thread 247343] bm_table_add_entry
[06:05:00.422] [bmv2] [D] [thread 247343] Entry 169 added to table 'MyIngress.ipv4_lpm'
[06:05:00.422] [bmv2] [D] [thread 247343] Dumping entry 169
Match key:
* hdr.ipv4.dstAddr              : LPM       0a000c22/32
* standard_metadata.ingress_port: EXACT     0006
Action entry: MyIngress.ipv4_forward - a000c22,4,

[06:05:00.422] [bmv2] [T] [thread 247343] bm_table_add_entry
[06:05:00.423] [bmv2] [D] [thread 247343] Entry 170 added to table 'MyIngress.ipv4_lpm'
[06:05:00.423] [bmv2] [D] [thread 247343] Dumping entry 170
Match key:
* hdr.ipv4.dstAddr              : LPM       0a000c23/32
* standard_metadata.ingress_port: EXACT     0001
Action entry: MyIngress.ipv4_forward - a000c23,4,

[06:05:00.423] [bmv2] [T] [thread 247343] bm_table_add_entry
[06:05:00.423] [bmv2] [D] [thread 247343] Entry 171 added to table 'MyIngress.ipv4_lpm'
[06:05:00.423] [bmv2] [D] [thread 247343] Dumping entry 171
Match key:
* hdr.ipv4.dstAddr              : LPM       0a000c23/32
* standard_metadata.ingress_port: EXACT     0002
Action entry: MyIngress.ipv4_forward - a000c23,4,

[06:05:00.424] [bmv2] [T] [thread 247343] bm_table_add_entry
[06:05:00.424] [bmv2] [D] [thread 247343] Entry 172 added to table 'MyIngress.ipv4_lpm'
[06:05:00.424] [bmv2] [D] [thread 247343] Dumping entry 172
Match key:
* hdr.ipv4.dstAddr              : LPM       0a000c23/32
* standard_metadata.ingress_port: EXACT     0003
Action entry: MyIngress.ipv4_forward - a000c23,4,

[06:05:00.425] [bmv2] [T] [thread 247343] bm_table_add_entry
[06:05:00.425] [bmv2] [D] [thread 247343] Entry 173 added to table 'MyIngress.ipv4_lpm'
[06:05:00.425] [bmv2] [D] [thread 247343] Dumping entry 173
Match key:
* hdr.ipv4.dstAddr              : LPM       0a000c23/32
* standard_metadata.ingress_port: EXACT     0005
Action entry: MyIngress.ipv4_forward - a000c23,4,

[06:05:00.425] [bmv2] [T] [thread 247343] bm_table_add_entry
[06:05:00.426] [bmv2] [D] [thread 247343] Entry 174 added to table 'MyIngress.ipv4_lpm'
[06:05:00.426] [bmv2] [D] [thread 247343] Dumping entry 174
Match key:
* hdr.ipv4.dstAddr              : LPM       0a000c23/32
* standard_metadata.ingress_port: EXACT     0006
Action entry: MyIngress.ipv4_forward - a000c23,4,

[06:05:00.426] [bmv2] [T] [thread 247343] bm_table_add_entry
[06:05:00.426] [bmv2] [D] [thread 247343] Entry 175 added to table 'MyIngress.ipv4_lpm'
[06:05:00.426] [bmv2] [D] [thread 247343] Dumping entry 175
Match key:
* hdr.ipv4.dstAddr              : LPM       0a000c24/32
* standard_metadata.ingress_port: EXACT     0001
Action entry: MyIngress.ipv4_forward - a000c24,4,

[06:05:00.427] [bmv2] [T] [thread 247343] bm_table_add_entry
[06:05:00.427] [bmv2] [D] [thread 247343] Entry 176 added to table 'MyIngress.ipv4_lpm'
[06:05:00.427] [bmv2] [D] [thread 247343] Dumping entry 176
Match key:
* hdr.ipv4.dstAddr              : LPM       0a000c24/32
* standard_metadata.ingress_port: EXACT     0002
Action entry: MyIngress.ipv4_forward - a000c24,4,

[06:05:00.428] [bmv2] [T] [thread 247343] bm_table_add_entry
[06:05:00.428] [bmv2] [D] [thread 247343] Entry 177 added to table 'MyIngress.ipv4_lpm'
[06:05:00.428] [bmv2] [D] [thread 247343] Dumping entry 177
Match key:
* hdr.ipv4.dstAddr              : LPM       0a000c24/32
* standard_metadata.ingress_port: EXACT     0003
Action entry: MyIngress.ipv4_forward - a000c24,4,

[06:05:00.429] [bmv2] [T] [thread 247343] bm_table_add_entry
[06:05:00.429] [bmv2] [D] [thread 247343] Entry 178 added to table 'MyIngress.ipv4_lpm'
[06:05:00.429] [bmv2] [D] [thread 247343] Dumping entry 178
Match key:
* hdr.ipv4.dstAddr              : LPM       0a000c24/32
* standard_metadata.ingress_port: EXACT     0005
Action entry: MyIngress.ipv4_forward - a000c24,4,

[06:05:00.430] [bmv2] [T] [thread 247343] bm_table_add_entry
[06:05:00.430] [bmv2] [D] [thread 247343] Entry 179 added to table 'MyIngress.ipv4_lpm'
[06:05:00.430] [bmv2] [D] [thread 247343] Dumping entry 179
Match key:
* hdr.ipv4.dstAddr              : LPM       0a000c24/32
* standard_metadata.ingress_port: EXACT     0006
Action entry: MyIngress.ipv4_forward - a000c24,4,

[06:05:00.430] [bmv2] [T] [thread 247343] bm_table_add_entry
[06:05:00.431] [bmv2] [D] [thread 247343] Entry 180 added to table 'MyIngress.ipv4_lpm'
[06:05:00.431] [bmv2] [D] [thread 247343] Dumping entry 180
Match key:
* hdr.ipv4.dstAddr              : LPM       0a000d25/32
* standard_metadata.ingress_port: EXACT     0001
Action entry: MyIngress.ipv4_forward - a000d25,5,

[06:05:00.431] [bmv2] [T] [thread 247343] bm_table_add_entry
[06:05:00.431] [bmv2] [D] [thread 247343] Entry 181 added to table 'MyIngress.ipv4_lpm'
[06:05:00.431] [bmv2] [D] [thread 247343] Dumping entry 181
Match key:
* hdr.ipv4.dstAddr              : LPM       0a000d25/32
* standard_metadata.ingress_port: EXACT     0002
Action entry: MyIngress.ipv4_forward - a000d25,5,

[06:05:00.432] [bmv2] [T] [thread 247343] bm_table_add_entry
[06:05:00.432] [bmv2] [D] [thread 247343] Entry 182 added to table 'MyIngress.ipv4_lpm'
[06:05:00.432] [bmv2] [D] [thread 247343] Dumping entry 182
Match key:
* hdr.ipv4.dstAddr              : LPM       0a000d25/32
* standard_metadata.ingress_port: EXACT     0003
Action entry: MyIngress.ipv4_forward - a000d25,5,

[06:05:00.433] [bmv2] [T] [thread 247343] bm_table_add_entry
[06:05:00.433] [bmv2] [D] [thread 247343] Entry 183 added to table 'MyIngress.ipv4_lpm'
[06:05:00.433] [bmv2] [D] [thread 247343] Dumping entry 183
Match key:
* hdr.ipv4.dstAddr              : LPM       0a000d25/32
* standard_metadata.ingress_port: EXACT     0004
Action entry: MyIngress.ipv4_forward - a000d25,5,

[06:05:00.433] [bmv2] [T] [thread 247343] bm_table_add_entry
[06:05:00.434] [bmv2] [D] [thread 247343] Entry 184 added to table 'MyIngress.ipv4_lpm'
[06:05:00.434] [bmv2] [D] [thread 247343] Dumping entry 184
Match key:
* hdr.ipv4.dstAddr              : LPM       0a000d25/32
* standard_metadata.ingress_port: EXACT     0006
Action entry: MyIngress.ipv4_forward - a000d25,5,

[06:05:00.434] [bmv2] [T] [thread 247343] bm_table_add_entry
[06:05:00.434] [bmv2] [D] [thread 247343] Entry 185 added to table 'MyIngress.ipv4_lpm'
[06:05:00.434] [bmv2] [D] [thread 247343] Dumping entry 185
Match key:
* hdr.ipv4.dstAddr              : LPM       0a000d26/32
* standard_metadata.ingress_port: EXACT     0001
Action entry: MyIngress.ipv4_forward - a000d26,5,

[06:05:00.435] [bmv2] [T] [thread 247343] bm_table_add_entry
[06:05:00.435] [bmv2] [D] [thread 247343] Entry 186 added to table 'MyIngress.ipv4_lpm'
[06:05:00.435] [bmv2] [D] [thread 247343] Dumping entry 186
Match key:
* hdr.ipv4.dstAddr              : LPM       0a000d26/32
* standard_metadata.ingress_port: EXACT     0002
Action entry: MyIngress.ipv4_forward - a000d26,5,

[06:05:00.436] [bmv2] [T] [thread 247343] bm_table_add_entry
[06:05:00.436] [bmv2] [D] [thread 247343] Entry 187 added to table 'MyIngress.ipv4_lpm'
[06:05:00.436] [bmv2] [D] [thread 247343] Dumping entry 187
Match key:
* hdr.ipv4.dstAddr              : LPM       0a000d26/32
* standard_metadata.ingress_port: EXACT     0003
Action entry: MyIngress.ipv4_forward - a000d26,5,

[06:05:00.436] [bmv2] [T] [thread 247343] bm_table_add_entry
[06:05:00.436] [bmv2] [D] [thread 247343] Entry 188 added to table 'MyIngress.ipv4_lpm'
[06:05:00.436] [bmv2] [D] [thread 247343] Dumping entry 188
Match key:
* hdr.ipv4.dstAddr              : LPM       0a000d26/32
* standard_metadata.ingress_port: EXACT     0004
Action entry: MyIngress.ipv4_forward - a000d26,5,

[06:05:00.437] [bmv2] [T] [thread 247343] bm_table_add_entry
[06:05:00.437] [bmv2] [D] [thread 247343] Entry 189 added to table 'MyIngress.ipv4_lpm'
[06:05:00.437] [bmv2] [D] [thread 247343] Dumping entry 189
Match key:
* hdr.ipv4.dstAddr              : LPM       0a000d26/32
* standard_metadata.ingress_port: EXACT     0006
Action entry: MyIngress.ipv4_forward - a000d26,5,

[06:05:00.438] [bmv2] [T] [thread 247343] bm_table_add_entry
[06:05:00.438] [bmv2] [D] [thread 247343] Entry 190 added to table 'MyIngress.ipv4_lpm'
[06:05:00.438] [bmv2] [D] [thread 247343] Dumping entry 190
Match key:
* hdr.ipv4.dstAddr              : LPM       0a000d27/32
* standard_metadata.ingress_port: EXACT     0001
Action entry: MyIngress.ipv4_forward - a000d27,5,

[06:05:00.439] [bmv2] [T] [thread 247343] bm_table_add_entry
[06:05:00.439] [bmv2] [D] [thread 247343] Entry 191 added to table 'MyIngress.ipv4_lpm'
[06:05:00.439] [bmv2] [D] [thread 247343] Dumping entry 191
Match key:
* hdr.ipv4.dstAddr              : LPM       0a000d27/32
* standard_metadata.ingress_port: EXACT     0002
Action entry: MyIngress.ipv4_forward - a000d27,5,

[06:05:00.439] [bmv2] [T] [thread 247343] bm_table_add_entry
[06:05:00.440] [bmv2] [D] [thread 247343] Entry 192 added to table 'MyIngress.ipv4_lpm'
[06:05:00.440] [bmv2] [D] [thread 247343] Dumping entry 192
Match key:
* hdr.ipv4.dstAddr              : LPM       0a000d27/32
* standard_metadata.ingress_port: EXACT     0003
Action entry: MyIngress.ipv4_forward - a000d27,5,

[06:05:00.440] [bmv2] [T] [thread 247343] bm_table_add_entry
[06:05:00.440] [bmv2] [D] [thread 247343] Entry 193 added to table 'MyIngress.ipv4_lpm'
[06:05:00.440] [bmv2] [D] [thread 247343] Dumping entry 193
Match key:
* hdr.ipv4.dstAddr              : LPM       0a000d27/32
* standard_metadata.ingress_port: EXACT     0004
Action entry: MyIngress.ipv4_forward - a000d27,5,

[06:05:00.441] [bmv2] [T] [thread 247343] bm_table_add_entry
[06:05:00.441] [bmv2] [D] [thread 247343] Entry 194 added to table 'MyIngress.ipv4_lpm'
[06:05:00.441] [bmv2] [D] [thread 247343] Dumping entry 194
Match key:
* hdr.ipv4.dstAddr              : LPM       0a000d27/32
* standard_metadata.ingress_port: EXACT     0006
Action entry: MyIngress.ipv4_forward - a000d27,5,

[06:05:00.442] [bmv2] [T] [thread 247343] bm_table_add_entry
[06:05:00.442] [bmv2] [D] [thread 247343] Entry 195 added to table 'MyIngress.ipv4_lpm'
[06:05:00.442] [bmv2] [D] [thread 247343] Dumping entry 195
Match key:
* hdr.ipv4.dstAddr              : LPM       0a000e28/32
* standard_metadata.ingress_port: EXACT     0001
Action entry: MyIngress.ipv4_forward - a000e28,5,

[06:05:00.442] [bmv2] [T] [thread 247343] bm_table_add_entry
[06:05:00.443] [bmv2] [D] [thread 247343] Entry 196 added to table 'MyIngress.ipv4_lpm'
[06:05:00.443] [bmv2] [D] [thread 247343] Dumping entry 196
Match key:
* hdr.ipv4.dstAddr              : LPM       0a000e28/32
* standard_metadata.ingress_port: EXACT     0002
Action entry: MyIngress.ipv4_forward - a000e28,5,

[06:05:00.443] [bmv2] [T] [thread 247343] bm_table_add_entry
[06:05:00.443] [bmv2] [D] [thread 247343] Entry 197 added to table 'MyIngress.ipv4_lpm'
[06:05:00.443] [bmv2] [D] [thread 247343] Dumping entry 197
Match key:
* hdr.ipv4.dstAddr              : LPM       0a000e28/32
* standard_metadata.ingress_port: EXACT     0003
Action entry: MyIngress.ipv4_forward - a000e28,5,

[06:05:00.444] [bmv2] [T] [thread 247343] bm_table_add_entry
[06:05:00.444] [bmv2] [D] [thread 247343] Entry 198 added to table 'MyIngress.ipv4_lpm'
[06:05:00.444] [bmv2] [D] [thread 247343] Dumping entry 198
Match key:
* hdr.ipv4.dstAddr              : LPM       0a000e28/32
* standard_metadata.ingress_port: EXACT     0004
Action entry: MyIngress.ipv4_forward - a000e28,5,

[06:05:00.445] [bmv2] [T] [thread 247343] bm_table_add_entry
[06:05:00.445] [bmv2] [D] [thread 247343] Entry 199 added to table 'MyIngress.ipv4_lpm'
[06:05:00.445] [bmv2] [D] [thread 247343] Dumping entry 199
Match key:
* hdr.ipv4.dstAddr              : LPM       0a000e28/32
* standard_metadata.ingress_port: EXACT     0006
Action entry: MyIngress.ipv4_forward - a000e28,5,

[06:05:00.445] [bmv2] [T] [thread 247343] bm_table_add_entry
[06:05:00.446] [bmv2] [D] [thread 247343] Entry 200 added to table 'MyIngress.ipv4_lpm'
[06:05:00.446] [bmv2] [D] [thread 247343] Dumping entry 200
Match key:
* hdr.ipv4.dstAddr              : LPM       0a000e29/32
* standard_metadata.ingress_port: EXACT     0001
Action entry: MyIngress.ipv4_forward - a000e29,5,

[06:05:00.446] [bmv2] [T] [thread 247343] bm_table_add_entry
[06:05:00.446] [bmv2] [D] [thread 247343] Entry 201 added to table 'MyIngress.ipv4_lpm'
[06:05:00.446] [bmv2] [D] [thread 247343] Dumping entry 201
Match key:
* hdr.ipv4.dstAddr              : LPM       0a000e29/32
* standard_metadata.ingress_port: EXACT     0002
Action entry: MyIngress.ipv4_forward - a000e29,5,

[06:05:00.447] [bmv2] [T] [thread 247343] bm_table_add_entry
[06:05:00.447] [bmv2] [D] [thread 247343] Entry 202 added to table 'MyIngress.ipv4_lpm'
[06:05:00.447] [bmv2] [D] [thread 247343] Dumping entry 202
Match key:
* hdr.ipv4.dstAddr              : LPM       0a000e29/32
* standard_metadata.ingress_port: EXACT     0003
Action entry: MyIngress.ipv4_forward - a000e29,5,

[06:05:00.448] [bmv2] [T] [thread 247343] bm_table_add_entry
[06:05:00.448] [bmv2] [D] [thread 247343] Entry 203 added to table 'MyIngress.ipv4_lpm'
[06:05:00.448] [bmv2] [D] [thread 247343] Dumping entry 203
Match key:
* hdr.ipv4.dstAddr              : LPM       0a000e29/32
* standard_metadata.ingress_port: EXACT     0004
Action entry: MyIngress.ipv4_forward - a000e29,5,

[06:05:00.448] [bmv2] [T] [thread 247343] bm_table_add_entry
[06:05:00.448] [bmv2] [D] [thread 247343] Entry 204 added to table 'MyIngress.ipv4_lpm'
[06:05:00.449] [bmv2] [D] [thread 247343] Dumping entry 204
Match key:
* hdr.ipv4.dstAddr              : LPM       0a000e29/32
* standard_metadata.ingress_port: EXACT     0006
Action entry: MyIngress.ipv4_forward - a000e29,5,

[06:05:00.449] [bmv2] [T] [thread 247343] bm_table_add_entry
[06:05:00.449] [bmv2] [D] [thread 247343] Entry 205 added to table 'MyIngress.ipv4_lpm'
[06:05:00.449] [bmv2] [D] [thread 247343] Dumping entry 205
Match key:
* hdr.ipv4.dstAddr              : LPM       0a000e2a/32
* standard_metadata.ingress_port: EXACT     0001
Action entry: MyIngress.ipv4_forward - a000e2a,5,

[06:05:00.450] [bmv2] [T] [thread 247343] bm_table_add_entry
[06:05:00.450] [bmv2] [D] [thread 247343] Entry 206 added to table 'MyIngress.ipv4_lpm'
[06:05:00.450] [bmv2] [D] [thread 247343] Dumping entry 206
Match key:
* hdr.ipv4.dstAddr              : LPM       0a000e2a/32
* standard_metadata.ingress_port: EXACT     0002
Action entry: MyIngress.ipv4_forward - a000e2a,5,

[06:05:00.451] [bmv2] [T] [thread 247343] bm_table_add_entry
[06:05:00.451] [bmv2] [D] [thread 247343] Entry 207 added to table 'MyIngress.ipv4_lpm'
[06:05:00.451] [bmv2] [D] [thread 247343] Dumping entry 207
Match key:
* hdr.ipv4.dstAddr              : LPM       0a000e2a/32
* standard_metadata.ingress_port: EXACT     0003
Action entry: MyIngress.ipv4_forward - a000e2a,5,

[06:05:00.451] [bmv2] [T] [thread 247343] bm_table_add_entry
[06:05:00.451] [bmv2] [D] [thread 247343] Entry 208 added to table 'MyIngress.ipv4_lpm'
[06:05:00.451] [bmv2] [D] [thread 247343] Dumping entry 208
Match key:
* hdr.ipv4.dstAddr              : LPM       0a000e2a/32
* standard_metadata.ingress_port: EXACT     0004
Action entry: MyIngress.ipv4_forward - a000e2a,5,

[06:05:00.452] [bmv2] [T] [thread 247343] bm_table_add_entry
[06:05:00.452] [bmv2] [D] [thread 247343] Entry 209 added to table 'MyIngress.ipv4_lpm'
[06:05:00.452] [bmv2] [D] [thread 247343] Dumping entry 209
Match key:
* hdr.ipv4.dstAddr              : LPM       0a000e2a/32
* standard_metadata.ingress_port: EXACT     0006
Action entry: MyIngress.ipv4_forward - a000e2a,5,

[06:05:00.453] [bmv2] [T] [thread 247343] bm_table_add_entry
[06:05:00.453] [bmv2] [D] [thread 247343] Entry 210 added to table 'MyIngress.ipv4_lpm'
[06:05:00.453] [bmv2] [D] [thread 247343] Dumping entry 210
Match key:
* hdr.ipv4.dstAddr              : LPM       0a000f2b/32
* standard_metadata.ingress_port: EXACT     0001
Action entry: MyIngress.ipv4_forward - a000f2b,5,

[06:05:00.454] [bmv2] [T] [thread 247343] bm_table_add_entry
[06:05:00.454] [bmv2] [D] [thread 247343] Entry 211 added to table 'MyIngress.ipv4_lpm'
[06:05:00.454] [bmv2] [D] [thread 247343] Dumping entry 211
Match key:
* hdr.ipv4.dstAddr              : LPM       0a000f2b/32
* standard_metadata.ingress_port: EXACT     0002
Action entry: MyIngress.ipv4_forward - a000f2b,5,

[06:05:00.454] [bmv2] [T] [thread 247343] bm_table_add_entry
[06:05:00.455] [bmv2] [D] [thread 247343] Entry 212 added to table 'MyIngress.ipv4_lpm'
[06:05:00.455] [bmv2] [D] [thread 247343] Dumping entry 212
Match key:
* hdr.ipv4.dstAddr              : LPM       0a000f2b/32
* standard_metadata.ingress_port: EXACT     0003
Action entry: MyIngress.ipv4_forward - a000f2b,5,

[06:05:00.455] [bmv2] [T] [thread 247343] bm_table_add_entry
[06:05:00.455] [bmv2] [D] [thread 247343] Entry 213 added to table 'MyIngress.ipv4_lpm'
[06:05:00.455] [bmv2] [D] [thread 247343] Dumping entry 213
Match key:
* hdr.ipv4.dstAddr              : LPM       0a000f2b/32
* standard_metadata.ingress_port: EXACT     0004
Action entry: MyIngress.ipv4_forward - a000f2b,5,

[06:05:00.456] [bmv2] [T] [thread 247343] bm_table_add_entry
[06:05:00.456] [bmv2] [D] [thread 247343] Entry 214 added to table 'MyIngress.ipv4_lpm'
[06:05:00.456] [bmv2] [D] [thread 247343] Dumping entry 214
Match key:
* hdr.ipv4.dstAddr              : LPM       0a000f2b/32
* standard_metadata.ingress_port: EXACT     0006
Action entry: MyIngress.ipv4_forward - a000f2b,5,

[06:05:00.457] [bmv2] [T] [thread 247343] bm_table_add_entry
[06:05:00.457] [bmv2] [D] [thread 247343] Entry 215 added to table 'MyIngress.ipv4_lpm'
[06:05:00.457] [bmv2] [D] [thread 247343] Dumping entry 215
Match key:
* hdr.ipv4.dstAddr              : LPM       0a000f2c/32
* standard_metadata.ingress_port: EXACT     0001
Action entry: MyIngress.ipv4_forward - a000f2c,5,

[06:05:00.458] [bmv2] [T] [thread 247343] bm_table_add_entry
[06:05:00.458] [bmv2] [D] [thread 247343] Entry 216 added to table 'MyIngress.ipv4_lpm'
[06:05:00.458] [bmv2] [D] [thread 247343] Dumping entry 216
Match key:
* hdr.ipv4.dstAddr              : LPM       0a000f2c/32
* standard_metadata.ingress_port: EXACT     0002
Action entry: MyIngress.ipv4_forward - a000f2c,5,

[06:05:00.459] [bmv2] [T] [thread 247343] bm_table_add_entry
[06:05:00.459] [bmv2] [D] [thread 247343] Entry 217 added to table 'MyIngress.ipv4_lpm'
[06:05:00.459] [bmv2] [D] [thread 247343] Dumping entry 217
Match key:
* hdr.ipv4.dstAddr              : LPM       0a000f2c/32
* standard_metadata.ingress_port: EXACT     0003
Action entry: MyIngress.ipv4_forward - a000f2c,5,

[06:05:00.460] [bmv2] [T] [thread 247343] bm_table_add_entry
[06:05:00.460] [bmv2] [D] [thread 247343] Entry 218 added to table 'MyIngress.ipv4_lpm'
[06:05:00.460] [bmv2] [D] [thread 247343] Dumping entry 218
Match key:
* hdr.ipv4.dstAddr              : LPM       0a000f2c/32
* standard_metadata.ingress_port: EXACT     0004
Action entry: MyIngress.ipv4_forward - a000f2c,5,

[06:05:00.461] [bmv2] [T] [thread 247343] bm_table_add_entry
[06:05:00.461] [bmv2] [D] [thread 247343] Entry 219 added to table 'MyIngress.ipv4_lpm'
[06:05:00.461] [bmv2] [D] [thread 247343] Dumping entry 219
Match key:
* hdr.ipv4.dstAddr              : LPM       0a000f2c/32
* standard_metadata.ingress_port: EXACT     0006
Action entry: MyIngress.ipv4_forward - a000f2c,5,

[06:05:00.461] [bmv2] [T] [thread 247343] bm_table_add_entry
[06:05:00.462] [bmv2] [D] [thread 247343] Entry 220 added to table 'MyIngress.ipv4_lpm'
[06:05:00.462] [bmv2] [D] [thread 247343] Dumping entry 220
Match key:
* hdr.ipv4.dstAddr              : LPM       0a000f2d/32
* standard_metadata.ingress_port: EXACT     0001
Action entry: MyIngress.ipv4_forward - a000f2d,5,

[06:05:00.462] [bmv2] [T] [thread 247343] bm_table_add_entry
[06:05:00.462] [bmv2] [D] [thread 247343] Entry 221 added to table 'MyIngress.ipv4_lpm'
[06:05:00.462] [bmv2] [D] [thread 247343] Dumping entry 221
Match key:
* hdr.ipv4.dstAddr              : LPM       0a000f2d/32
* standard_metadata.ingress_port: EXACT     0002
Action entry: MyIngress.ipv4_forward - a000f2d,5,

[06:05:00.463] [bmv2] [T] [thread 247343] bm_table_add_entry
[06:05:00.463] [bmv2] [D] [thread 247343] Entry 222 added to table 'MyIngress.ipv4_lpm'
[06:05:00.463] [bmv2] [D] [thread 247343] Dumping entry 222
Match key:
* hdr.ipv4.dstAddr              : LPM       0a000f2d/32
* standard_metadata.ingress_port: EXACT     0003
Action entry: MyIngress.ipv4_forward - a000f2d,5,

[06:05:00.463] [bmv2] [T] [thread 247343] bm_table_add_entry
[06:05:00.464] [bmv2] [D] [thread 247343] Entry 223 added to table 'MyIngress.ipv4_lpm'
[06:05:00.464] [bmv2] [D] [thread 247343] Dumping entry 223
Match key:
* hdr.ipv4.dstAddr              : LPM       0a000f2d/32
* standard_metadata.ingress_port: EXACT     0004
Action entry: MyIngress.ipv4_forward - a000f2d,5,

[06:05:00.464] [bmv2] [T] [thread 247343] bm_table_add_entry
[06:05:00.464] [bmv2] [D] [thread 247343] Entry 224 added to table 'MyIngress.ipv4_lpm'
[06:05:00.464] [bmv2] [D] [thread 247343] Dumping entry 224
Match key:
* hdr.ipv4.dstAddr              : LPM       0a000f2d/32
* standard_metadata.ingress_port: EXACT     0006
Action entry: MyIngress.ipv4_forward - a000f2d,5,

[06:05:00.465] [bmv2] [T] [thread 247343] bm_table_add_entry
[06:05:00.465] [bmv2] [D] [thread 247343] Entry 225 added to table 'MyIngress.ipv4_lpm'
[06:05:00.465] [bmv2] [D] [thread 247343] Dumping entry 225
Match key:
* hdr.ipv4.dstAddr              : LPM       0a00102e/32
* standard_metadata.ingress_port: EXACT     0001
Action entry: MyIngress.ipv4_forward - a00102e,6,

[06:05:00.466] [bmv2] [T] [thread 247343] bm_table_add_entry
[06:05:00.466] [bmv2] [D] [thread 247343] Entry 226 added to table 'MyIngress.ipv4_lpm'
[06:05:00.466] [bmv2] [D] [thread 247343] Dumping entry 226
Match key:
* hdr.ipv4.dstAddr              : LPM       0a00102e/32
* standard_metadata.ingress_port: EXACT     0002
Action entry: MyIngress.ipv4_forward - a00102e,6,

[06:05:00.466] [bmv2] [T] [thread 247343] bm_table_add_entry
[06:05:00.467] [bmv2] [D] [thread 247343] Entry 227 added to table 'MyIngress.ipv4_lpm'
[06:05:00.467] [bmv2] [D] [thread 247343] Dumping entry 227
Match key:
* hdr.ipv4.dstAddr              : LPM       0a00102e/32
* standard_metadata.ingress_port: EXACT     0003
Action entry: MyIngress.ipv4_forward - a00102e,6,

[06:05:00.467] [bmv2] [T] [thread 247343] bm_table_add_entry
[06:05:00.467] [bmv2] [D] [thread 247343] Entry 228 added to table 'MyIngress.ipv4_lpm'
[06:05:00.467] [bmv2] [D] [thread 247343] Dumping entry 228
Match key:
* hdr.ipv4.dstAddr              : LPM       0a00102e/32
* standard_metadata.ingress_port: EXACT     0004
Action entry: MyIngress.ipv4_forward - a00102e,6,

[06:05:00.468] [bmv2] [T] [thread 247343] bm_table_add_entry
[06:05:00.468] [bmv2] [D] [thread 247343] Entry 229 added to table 'MyIngress.ipv4_lpm'
[06:05:00.468] [bmv2] [D] [thread 247343] Dumping entry 229
Match key:
* hdr.ipv4.dstAddr              : LPM       0a00102e/32
* standard_metadata.ingress_port: EXACT     0005
Action entry: MyIngress.ipv4_forward - a00102e,6,

[06:05:00.469] [bmv2] [T] [thread 247343] bm_table_add_entry
[06:05:00.469] [bmv2] [D] [thread 247343] Entry 230 added to table 'MyIngress.ipv4_lpm'
[06:05:00.469] [bmv2] [D] [thread 247343] Dumping entry 230
Match key:
* hdr.ipv4.dstAddr              : LPM       0a00102f/32
* standard_metadata.ingress_port: EXACT     0001
Action entry: MyIngress.ipv4_forward - a00102f,6,

[06:05:00.470] [bmv2] [T] [thread 247343] bm_table_add_entry
[06:05:00.470] [bmv2] [D] [thread 247343] Entry 231 added to table 'MyIngress.ipv4_lpm'
[06:05:00.470] [bmv2] [D] [thread 247343] Dumping entry 231
Match key:
* hdr.ipv4.dstAddr              : LPM       0a00102f/32
* standard_metadata.ingress_port: EXACT     0002
Action entry: MyIngress.ipv4_forward - a00102f,6,

[06:05:00.471] [bmv2] [T] [thread 247343] bm_table_add_entry
[06:05:00.471] [bmv2] [D] [thread 247343] Entry 232 added to table 'MyIngress.ipv4_lpm'
[06:05:00.471] [bmv2] [D] [thread 247343] Dumping entry 232
Match key:
* hdr.ipv4.dstAddr              : LPM       0a00102f/32
* standard_metadata.ingress_port: EXACT     0003
Action entry: MyIngress.ipv4_forward - a00102f,6,

[06:05:00.471] [bmv2] [T] [thread 247343] bm_table_add_entry
[06:05:00.471] [bmv2] [D] [thread 247343] Entry 233 added to table 'MyIngress.ipv4_lpm'
[06:05:00.472] [bmv2] [D] [thread 247343] Dumping entry 233
Match key:
* hdr.ipv4.dstAddr              : LPM       0a00102f/32
* standard_metadata.ingress_port: EXACT     0004
Action entry: MyIngress.ipv4_forward - a00102f,6,

[06:05:00.472] [bmv2] [T] [thread 247343] bm_table_add_entry
[06:05:00.472] [bmv2] [D] [thread 247343] Entry 234 added to table 'MyIngress.ipv4_lpm'
[06:05:00.472] [bmv2] [D] [thread 247343] Dumping entry 234
Match key:
* hdr.ipv4.dstAddr              : LPM       0a00102f/32
* standard_metadata.ingress_port: EXACT     0005
Action entry: MyIngress.ipv4_forward - a00102f,6,

[06:05:00.473] [bmv2] [T] [thread 247343] bm_table_add_entry
[06:05:00.473] [bmv2] [D] [thread 247343] Entry 235 added to table 'MyIngress.ipv4_lpm'
[06:05:00.473] [bmv2] [D] [thread 247343] Dumping entry 235
Match key:
* hdr.ipv4.dstAddr              : LPM       0a001030/32
* standard_metadata.ingress_port: EXACT     0001
Action entry: MyIngress.ipv4_forward - a001030,6,

[06:05:00.474] [bmv2] [T] [thread 247343] bm_table_add_entry
[06:05:00.474] [bmv2] [D] [thread 247343] Entry 236 added to table 'MyIngress.ipv4_lpm'
[06:05:00.474] [bmv2] [D] [thread 247343] Dumping entry 236
Match key:
* hdr.ipv4.dstAddr              : LPM       0a001030/32
* standard_metadata.ingress_port: EXACT     0002
Action entry: MyIngress.ipv4_forward - a001030,6,

[06:05:00.474] [bmv2] [T] [thread 247343] bm_table_add_entry
[06:05:00.474] [bmv2] [D] [thread 247343] Entry 237 added to table 'MyIngress.ipv4_lpm'
[06:05:00.474] [bmv2] [D] [thread 247343] Dumping entry 237
Match key:
* hdr.ipv4.dstAddr              : LPM       0a001030/32
* standard_metadata.ingress_port: EXACT     0003
Action entry: MyIngress.ipv4_forward - a001030,6,

[06:05:00.475] [bmv2] [T] [thread 247343] bm_table_add_entry
[06:05:00.475] [bmv2] [D] [thread 247343] Entry 238 added to table 'MyIngress.ipv4_lpm'
[06:05:00.475] [bmv2] [D] [thread 247343] Dumping entry 238
Match key:
* hdr.ipv4.dstAddr              : LPM       0a001030/32
* standard_metadata.ingress_port: EXACT     0004
Action entry: MyIngress.ipv4_forward - a001030,6,

[06:05:00.476] [bmv2] [T] [thread 247343] bm_table_add_entry
[06:05:00.476] [bmv2] [D] [thread 247343] Entry 239 added to table 'MyIngress.ipv4_lpm'
[06:05:00.476] [bmv2] [D] [thread 247343] Dumping entry 239
Match key:
* hdr.ipv4.dstAddr              : LPM       0a001030/32
* standard_metadata.ingress_port: EXACT     0005
Action entry: MyIngress.ipv4_forward - a001030,6,

[06:05:00.477] [bmv2] [T] [thread 247343] bm_table_add_entry
[06:05:00.477] [bmv2] [D] [thread 247343] Entry 240 added to table 'MyIngress.ipv4_lpm'
[06:05:00.477] [bmv2] [D] [thread 247343] Dumping entry 240
Match key:
* hdr.ipv4.dstAddr              : LPM       0a001131/32
* standard_metadata.ingress_port: EXACT     0001
Action entry: MyIngress.ipv4_forward - a001131,6,

[06:05:00.478] [bmv2] [T] [thread 247343] bm_table_add_entry
[06:05:00.478] [bmv2] [D] [thread 247343] Entry 241 added to table 'MyIngress.ipv4_lpm'
[06:05:00.478] [bmv2] [D] [thread 247343] Dumping entry 241
Match key:
* hdr.ipv4.dstAddr              : LPM       0a001131/32
* standard_metadata.ingress_port: EXACT     0002
Action entry: MyIngress.ipv4_forward - a001131,6,

[06:05:00.478] [bmv2] [T] [thread 247343] bm_table_add_entry
[06:05:00.478] [bmv2] [D] [thread 247343] Entry 242 added to table 'MyIngress.ipv4_lpm'
[06:05:00.478] [bmv2] [D] [thread 247343] Dumping entry 242
Match key:
* hdr.ipv4.dstAddr              : LPM       0a001131/32
* standard_metadata.ingress_port: EXACT     0003
Action entry: MyIngress.ipv4_forward - a001131,6,

[06:05:00.479] [bmv2] [T] [thread 247343] bm_table_add_entry
[06:05:00.479] [bmv2] [D] [thread 247343] Entry 243 added to table 'MyIngress.ipv4_lpm'
[06:05:00.479] [bmv2] [D] [thread 247343] Dumping entry 243
Match key:
* hdr.ipv4.dstAddr              : LPM       0a001131/32
* standard_metadata.ingress_port: EXACT     0004
Action entry: MyIngress.ipv4_forward - a001131,6,

[06:05:00.480] [bmv2] [T] [thread 247343] bm_table_add_entry
[06:05:00.480] [bmv2] [D] [thread 247343] Entry 244 added to table 'MyIngress.ipv4_lpm'
[06:05:00.480] [bmv2] [D] [thread 247343] Dumping entry 244
Match key:
* hdr.ipv4.dstAddr              : LPM       0a001131/32
* standard_metadata.ingress_port: EXACT     0005
Action entry: MyIngress.ipv4_forward - a001131,6,

[06:05:00.481] [bmv2] [T] [thread 247343] bm_table_add_entry
[06:05:00.481] [bmv2] [D] [thread 247343] Entry 245 added to table 'MyIngress.ipv4_lpm'
[06:05:00.481] [bmv2] [D] [thread 247343] Dumping entry 245
Match key:
* hdr.ipv4.dstAddr              : LPM       0a001132/32
* standard_metadata.ingress_port: EXACT     0001
Action entry: MyIngress.ipv4_forward - a001132,6,

[06:05:00.481] [bmv2] [T] [thread 247343] bm_table_add_entry
[06:05:00.482] [bmv2] [D] [thread 247343] Entry 246 added to table 'MyIngress.ipv4_lpm'
[06:05:00.482] [bmv2] [D] [thread 247343] Dumping entry 246
Match key:
* hdr.ipv4.dstAddr              : LPM       0a001132/32
* standard_metadata.ingress_port: EXACT     0002
Action entry: MyIngress.ipv4_forward - a001132,6,

[06:05:00.482] [bmv2] [T] [thread 247343] bm_table_add_entry
[06:05:00.482] [bmv2] [D] [thread 247343] Entry 247 added to table 'MyIngress.ipv4_lpm'
[06:05:00.482] [bmv2] [D] [thread 247343] Dumping entry 247
Match key:
* hdr.ipv4.dstAddr              : LPM       0a001132/32
* standard_metadata.ingress_port: EXACT     0003
Action entry: MyIngress.ipv4_forward - a001132,6,

[06:05:00.483] [bmv2] [T] [thread 247343] bm_table_add_entry
[06:05:00.483] [bmv2] [D] [thread 247343] Entry 248 added to table 'MyIngress.ipv4_lpm'
[06:05:00.483] [bmv2] [D] [thread 247343] Dumping entry 248
Match key:
* hdr.ipv4.dstAddr              : LPM       0a001132/32
* standard_metadata.ingress_port: EXACT     0004
Action entry: MyIngress.ipv4_forward - a001132,6,

[06:05:00.484] [bmv2] [T] [thread 247343] bm_table_add_entry
[06:05:00.484] [bmv2] [D] [thread 247343] Entry 249 added to table 'MyIngress.ipv4_lpm'
[06:05:00.484] [bmv2] [D] [thread 247343] Dumping entry 249
Match key:
* hdr.ipv4.dstAddr              : LPM       0a001132/32
* standard_metadata.ingress_port: EXACT     0005
Action entry: MyIngress.ipv4_forward - a001132,6,

[06:05:00.485] [bmv2] [T] [thread 247343] bm_table_add_entry
[06:05:00.485] [bmv2] [D] [thread 247343] Entry 250 added to table 'MyIngress.ipv4_lpm'
[06:05:00.485] [bmv2] [D] [thread 247343] Dumping entry 250
Match key:
* hdr.ipv4.dstAddr              : LPM       0a001133/32
* standard_metadata.ingress_port: EXACT     0001
Action entry: MyIngress.ipv4_forward - a001133,6,

[06:05:00.485] [bmv2] [T] [thread 247343] bm_table_add_entry
[06:05:00.486] [bmv2] [D] [thread 247343] Entry 251 added to table 'MyIngress.ipv4_lpm'
[06:05:00.486] [bmv2] [D] [thread 247343] Dumping entry 251
Match key:
* hdr.ipv4.dstAddr              : LPM       0a001133/32
* standard_metadata.ingress_port: EXACT     0002
Action entry: MyIngress.ipv4_forward - a001133,6,

[06:05:00.486] [bmv2] [T] [thread 247343] bm_table_add_entry
[06:05:00.486] [bmv2] [D] [thread 247343] Entry 252 added to table 'MyIngress.ipv4_lpm'
[06:05:00.486] [bmv2] [D] [thread 247343] Dumping entry 252
Match key:
* hdr.ipv4.dstAddr              : LPM       0a001133/32
* standard_metadata.ingress_port: EXACT     0003
Action entry: MyIngress.ipv4_forward - a001133,6,

[06:05:00.487] [bmv2] [T] [thread 247343] bm_table_add_entry
[06:05:00.487] [bmv2] [D] [thread 247343] Entry 253 added to table 'MyIngress.ipv4_lpm'
[06:05:00.487] [bmv2] [D] [thread 247343] Dumping entry 253
Match key:
* hdr.ipv4.dstAddr              : LPM       0a001133/32
* standard_metadata.ingress_port: EXACT     0004
Action entry: MyIngress.ipv4_forward - a001133,6,

[06:05:00.488] [bmv2] [T] [thread 247343] bm_table_add_entry
[06:05:00.488] [bmv2] [D] [thread 247343] Entry 254 added to table 'MyIngress.ipv4_lpm'
[06:05:00.488] [bmv2] [D] [thread 247343] Dumping entry 254
Match key:
* hdr.ipv4.dstAddr              : LPM       0a001133/32
* standard_metadata.ingress_port: EXACT     0005
Action entry: MyIngress.ipv4_forward - a001133,6,

[06:05:00.488] [bmv2] [T] [thread 247343] bm_table_add_entry
[06:05:00.489] [bmv2] [D] [thread 247343] Entry 255 added to table 'MyIngress.ipv4_lpm'
[06:05:00.489] [bmv2] [D] [thread 247343] Dumping entry 255
Match key:
* hdr.ipv4.dstAddr              : LPM       0a001234/32
* standard_metadata.ingress_port: EXACT     0001
Action entry: MyIngress.ipv4_forward - a001234,6,

[06:05:00.490] [bmv2] [T] [thread 247343] bm_table_add_entry
[06:05:00.490] [bmv2] [D] [thread 247343] Entry 256 added to table 'MyIngress.ipv4_lpm'
[06:05:00.490] [bmv2] [D] [thread 247343] Dumping entry 256
Match key:
* hdr.ipv4.dstAddr              : LPM       0a001234/32
* standard_metadata.ingress_port: EXACT     0002
Action entry: MyIngress.ipv4_forward - a001234,6,

[06:05:00.490] [bmv2] [T] [thread 247343] bm_table_add_entry
[06:05:00.491] [bmv2] [D] [thread 247343] Entry 257 added to table 'MyIngress.ipv4_lpm'
[06:05:00.491] [bmv2] [D] [thread 247343] Dumping entry 257
Match key:
* hdr.ipv4.dstAddr              : LPM       0a001234/32
* standard_metadata.ingress_port: EXACT     0003
Action entry: MyIngress.ipv4_forward - a001234,6,

[06:05:00.491] [bmv2] [T] [thread 247343] bm_table_add_entry
[06:05:00.491] [bmv2] [D] [thread 247343] Entry 258 added to table 'MyIngress.ipv4_lpm'
[06:05:00.491] [bmv2] [D] [thread 247343] Dumping entry 258
Match key:
* hdr.ipv4.dstAddr              : LPM       0a001234/32
* standard_metadata.ingress_port: EXACT     0004
Action entry: MyIngress.ipv4_forward - a001234,6,

[06:05:00.492] [bmv2] [T] [thread 247343] bm_table_add_entry
[06:05:00.492] [bmv2] [D] [thread 247343] Entry 259 added to table 'MyIngress.ipv4_lpm'
[06:05:00.492] [bmv2] [D] [thread 247343] Dumping entry 259
Match key:
* hdr.ipv4.dstAddr              : LPM       0a001234/32
* standard_metadata.ingress_port: EXACT     0005
Action entry: MyIngress.ipv4_forward - a001234,6,

[06:05:00.493] [bmv2] [T] [thread 247343] bm_table_add_entry
[06:05:00.493] [bmv2] [D] [thread 247343] Entry 260 added to table 'MyIngress.ipv4_lpm'
[06:05:00.493] [bmv2] [D] [thread 247343] Dumping entry 260
Match key:
* hdr.ipv4.dstAddr              : LPM       0a001235/32
* standard_metadata.ingress_port: EXACT     0001
Action entry: MyIngress.ipv4_forward - a001235,6,

[06:05:00.493] [bmv2] [T] [thread 247343] bm_table_add_entry
[06:05:00.494] [bmv2] [D] [thread 247343] Entry 261 added to table 'MyIngress.ipv4_lpm'
[06:05:00.494] [bmv2] [D] [thread 247343] Dumping entry 261
Match key:
* hdr.ipv4.dstAddr              : LPM       0a001235/32
* standard_metadata.ingress_port: EXACT     0002
Action entry: MyIngress.ipv4_forward - a001235,6,

[06:05:00.494] [bmv2] [T] [thread 247343] bm_table_add_entry
[06:05:00.494] [bmv2] [D] [thread 247343] Entry 262 added to table 'MyIngress.ipv4_lpm'
[06:05:00.494] [bmv2] [D] [thread 247343] Dumping entry 262
Match key:
* hdr.ipv4.dstAddr              : LPM       0a001235/32
* standard_metadata.ingress_port: EXACT     0003
Action entry: MyIngress.ipv4_forward - a001235,6,

[06:05:00.495] [bmv2] [T] [thread 247343] bm_table_add_entry
[06:05:00.495] [bmv2] [D] [thread 247343] Entry 263 added to table 'MyIngress.ipv4_lpm'
[06:05:00.495] [bmv2] [D] [thread 247343] Dumping entry 263
Match key:
* hdr.ipv4.dstAddr              : LPM       0a001235/32
* standard_metadata.ingress_port: EXACT     0004
Action entry: MyIngress.ipv4_forward - a001235,6,

[06:05:00.496] [bmv2] [T] [thread 247343] bm_table_add_entry
[06:05:00.496] [bmv2] [D] [thread 247343] Entry 264 added to table 'MyIngress.ipv4_lpm'
[06:05:00.496] [bmv2] [D] [thread 247343] Dumping entry 264
Match key:
* hdr.ipv4.dstAddr              : LPM       0a001235/32
* standard_metadata.ingress_port: EXACT     0005
Action entry: MyIngress.ipv4_forward - a001235,6,

[06:05:00.496] [bmv2] [T] [thread 247343] bm_table_add_entry
[06:05:00.497] [bmv2] [D] [thread 247343] Entry 265 added to table 'MyIngress.ipv4_lpm'
[06:05:00.497] [bmv2] [D] [thread 247343] Dumping entry 265
Match key:
* hdr.ipv4.dstAddr              : LPM       0a001236/32
* standard_metadata.ingress_port: EXACT     0001
Action entry: MyIngress.ipv4_forward - a001236,6,

[06:05:00.497] [bmv2] [T] [thread 247343] bm_table_add_entry
[06:05:00.497] [bmv2] [D] [thread 247343] Entry 266 added to table 'MyIngress.ipv4_lpm'
[06:05:00.498] [bmv2] [D] [thread 247343] Dumping entry 266
Match key:
* hdr.ipv4.dstAddr              : LPM       0a001236/32
* standard_metadata.ingress_port: EXACT     0002
Action entry: MyIngress.ipv4_forward - a001236,6,

[06:05:00.498] [bmv2] [T] [thread 247343] bm_table_add_entry
[06:05:00.498] [bmv2] [D] [thread 247343] Entry 267 added to table 'MyIngress.ipv4_lpm'
[06:05:00.498] [bmv2] [D] [thread 247343] Dumping entry 267
Match key:
* hdr.ipv4.dstAddr              : LPM       0a001236/32
* standard_metadata.ingress_port: EXACT     0003
Action entry: MyIngress.ipv4_forward - a001236,6,

[06:05:00.499] [bmv2] [T] [thread 247343] bm_table_add_entry
[06:05:00.499] [bmv2] [D] [thread 247343] Entry 268 added to table 'MyIngress.ipv4_lpm'
[06:05:00.499] [bmv2] [D] [thread 247343] Dumping entry 268
Match key:
* hdr.ipv4.dstAddr              : LPM       0a001236/32
* standard_metadata.ingress_port: EXACT     0004
Action entry: MyIngress.ipv4_forward - a001236,6,

[06:05:00.500] [bmv2] [T] [thread 247343] bm_table_add_entry
[06:05:00.500] [bmv2] [D] [thread 247343] Entry 269 added to table 'MyIngress.ipv4_lpm'
[06:05:00.500] [bmv2] [D] [thread 247343] Dumping entry 269
Match key:
* hdr.ipv4.dstAddr              : LPM       0a001236/32
* standard_metadata.ingress_port: EXACT     0005
Action entry: MyIngress.ipv4_forward - a001236,6,

[06:05:00.501] [bmv2] [T] [thread 247343] bm_set_default_action
[06:05:00.501] [bmv2] [D] [thread 247343] Set default entry for table 'MyEgress.tbl_prime': MyEgress.prime_multiply - b5,
[06:05:00.502] [bmv2] [T] [thread 247343] bm_set_default_action
[06:05:00.502] [bmv2] [D] [thread 247343] Set default entry for table 'MyEgress.swtrace': MyEgress.add_swtrace - 2a,
