Warning: you requested the nanomsg event logger, but bmv2 was compiled without -DBMELOG, and the event logger cannot be activated
Calling target program-options parser
[06:04:31.197] [bmv2] [D] [thread 244949] Set default default entry for table 'MyIngress.ipv4_lpm': MyIngress.drop - 
[06:04:31.197] [bmv2] [D] [thread 244949] Set default default entry for table 'MyIngress.tb_set_role': NoAction - 
[06:04:31.198] [bmv2] [D] [thread 244949] Set default default entry for table 'MyEgress.tbl_prime': NoAction - 
[06:04:31.198] [bmv2] [D] [thread 244949] Set default default entry for table 'MyEgress.swtrace': NoAction - 
Adding interface s11-eth1 as port 1
[06:04:31.199] [bmv2] [D] [thread 244949] Adding interface s11-eth1 as port 1
Adding interface s11-eth2 as port 2
[06:04:31.245] [bmv2] [D] [thread 244949] Adding interface s11-eth2 as port 2
Adding interface s11-eth3 as port 3
[06:04:31.297] [bmv2] [D] [thread 244949] Adding interface s11-eth3 as port 3
Adding interface s11-cpu-eth0 as port 4
[06:04:31.365] [bmv2] [D] [thread 244949] Adding interface s11-cpu-eth0 as port 4
Adding interface s11-eth5 as port 5
[06:04:31.413] [bmv2] [D] [thread 244949] Adding interface s11-eth5 as port 5
Adding interface s11-eth6 as port 6
[06:04:31.477] [bmv2] [D] [thread 244949] Adding interface s11-eth6 as port 6
Adding interface s11-eth7 as port 7
[06:04:31.541] [bmv2] [D] [thread 244949] Adding interface s11-eth7 as port 7
[06:04:31.625] [bmv2] [I] [thread 244949] Starting Thrift server on port 9100
[06:04:31.625] [bmv2] [I] [thread 244949] Thrift server was started
[06:04:32.537] [bmv2] [D] [thread 244957] [0.0] [cxt 0] Processing packet received on port 3
[06:04:32.537] [bmv2] [D] [thread 244957] [0.0] [cxt 0] Parser 'parser': start
[06:04:32.537] [bmv2] [D] [thread 244957] [0.0] [cxt 0] Parser 'parser' entering state 'start'
[06:04:32.537] [bmv2] [D] [thread 244957] [0.0] [cxt 0] Extracting header 'ethernet'
[06:04:32.537] [bmv2] [D] [thread 244957] [0.0] [cxt 0] Parser state 'start': key is 86dd
[06:04:32.537] [bmv2] [T] [thread 244957] [0.0] [cxt 0] Bytes parsed: 14
[06:04:32.537] [bmv2] [D] [thread 244957] [0.0] [cxt 0] Parser 'parser': end
[06:04:32.537] [bmv2] [D] [thread 244957] [0.0] [cxt 0] Pipeline 'ingress': start
[06:04:32.537] [bmv2] [T] [thread 244957] [0.0] [cxt 0] /home/p4/Desktop/html/p4src/switch.p4(291) Condition "hdr.ipv4.isValid()" (node_2) is false
[06:04:32.537] [bmv2] [T] [thread 244957] [0.0] [cxt 0] Applying table 'MyIngress.tb_set_role'
[06:04:32.538] [bmv2] [D] [thread 244957] [0.0] [cxt 0] Looking up key:
* standard_metadata.ingress_port: 0003

[06:04:32.538] [bmv2] [D] [thread 244957] [0.0] [cxt 0] Table 'MyIngress.tb_set_role': miss
[06:04:32.538] [bmv2] [D] [thread 244957] [0.0] [cxt 0] Action entry is NoAction - 
[06:04:32.538] [bmv2] [T] [thread 244957] [0.0] [cxt 0] Action NoAction
[06:04:32.538] [bmv2] [D] [thread 244957] [0.0] [cxt 0] Pipeline 'ingress': end
[06:04:32.538] [bmv2] [D] [thread 244957] [0.0] [cxt 0] Egress port is 0
[06:04:32.538] [bmv2] [D] [thread 244958] [0.0] [cxt 0] Pipeline 'egress': start
[06:04:32.538] [bmv2] [T] [thread 244958] [0.0] [cxt 0] /home/p4/Desktop/html/p4src/switch.p4(381) Condition "hdr.tag.isValid()" (node_7) is false
[06:04:32.538] [bmv2] [T] [thread 244958] [0.0] [cxt 0] /home/p4/Desktop/html/p4src/switch.p4(386) Condition "hdr.mri.isValid()" (node_9) is false
[06:04:32.538] [bmv2] [D] [thread 244958] [0.0] [cxt 0] Pipeline 'egress': end
[06:04:32.538] [bmv2] [D] [thread 244958] [0.0] [cxt 0] Deparser 'deparser': start
[06:04:32.538] [bmv2] [T] [thread 244958] [0.0] [cxt 0] Skipping checksum 'cksum' update because condition not met
[06:04:32.538] [bmv2] [D] [thread 244958] [0.0] [cxt 0] Deparsing header 'ethernet'
[06:04:32.538] [bmv2] [D] [thread 244958] [0.0] [cxt 0] Deparser 'deparser': end
[06:04:32.538] [bmv2] [D] [thread 244962] [0.0] [cxt 0] Transmitting packet of size 70 out of port 0
[06:04:32.793] [bmv2] [D] [thread 244957] [1.0] [cxt 0] Processing packet received on port 4
[06:04:32.794] [bmv2] [D] [thread 244957] [1.0] [cxt 0] Parser 'parser': start
[06:04:32.794] [bmv2] [D] [thread 244957] [1.0] [cxt 0] Parser 'parser' entering state 'start'
[06:04:32.794] [bmv2] [D] [thread 244957] [1.0] [cxt 0] Extracting header 'ethernet'
[06:04:32.794] [bmv2] [D] [thread 244957] [1.0] [cxt 0] Parser state 'start': key is 86dd
[06:04:32.794] [bmv2] [T] [thread 244957] [1.0] [cxt 0] Bytes parsed: 14
[06:04:32.794] [bmv2] [D] [thread 244957] [1.0] [cxt 0] Parser 'parser': end
[06:04:32.794] [bmv2] [D] [thread 244957] [1.0] [cxt 0] Pipeline 'ingress': start
[06:04:32.794] [bmv2] [T] [thread 244957] [1.0] [cxt 0] /home/p4/Desktop/html/p4src/switch.p4(291) Condition "hdr.ipv4.isValid()" (node_2) is false
[06:04:32.794] [bmv2] [T] [thread 244957] [1.0] [cxt 0] Applying table 'MyIngress.tb_set_role'
[06:04:32.794] [bmv2] [D] [thread 244957] [1.0] [cxt 0] Looking up key:
* standard_metadata.ingress_port: 0004

[06:04:32.794] [bmv2] [D] [thread 244957] [1.0] [cxt 0] Table 'MyIngress.tb_set_role': miss
[06:04:32.794] [bmv2] [D] [thread 244957] [1.0] [cxt 0] Action entry is NoAction - 
[06:04:32.794] [bmv2] [T] [thread 244957] [1.0] [cxt 0] Action NoAction
[06:04:32.794] [bmv2] [D] [thread 244957] [1.0] [cxt 0] Pipeline 'ingress': end
[06:04:32.794] [bmv2] [D] [thread 244957] [1.0] [cxt 0] Egress port is 0
[06:04:32.794] [bmv2] [D] [thread 244958] [1.0] [cxt 0] Pipeline 'egress': start
[06:04:32.794] [bmv2] [T] [thread 244958] [1.0] [cxt 0] /home/p4/Desktop/html/p4src/switch.p4(381) Condition "hdr.tag.isValid()" (node_7) is false
[06:04:32.794] [bmv2] [T] [thread 244958] [1.0] [cxt 0] /home/p4/Desktop/html/p4src/switch.p4(386) Condition "hdr.mri.isValid()" (node_9) is false
[06:04:32.794] [bmv2] [D] [thread 244958] [1.0] [cxt 0] Pipeline 'egress': end
[06:04:32.794] [bmv2] [D] [thread 244958] [1.0] [cxt 0] Deparser 'deparser': start
[06:04:32.794] [bmv2] [T] [thread 244958] [1.0] [cxt 0] Skipping checksum 'cksum' update because condition not met
[06:04:32.794] [bmv2] [D] [thread 244958] [1.0] [cxt 0] Deparsing header 'ethernet'
[06:04:32.795] [bmv2] [D] [thread 244958] [1.0] [cxt 0] Deparser 'deparser': end
[06:04:32.795] [bmv2] [D] [thread 244962] [1.0] [cxt 0] Transmitting packet of size 70 out of port 0
[06:04:33.817] [bmv2] [D] [thread 244957] [2.0] [cxt 0] Processing packet received on port 1
[06:04:33.817] [bmv2] [D] [thread 244957] [2.0] [cxt 0] Parser 'parser': start
[06:04:33.817] [bmv2] [D] [thread 244957] [2.0] [cxt 0] Parser 'parser' entering state 'start'
[06:04:33.817] [bmv2] [D] [thread 244957] [2.0] [cxt 0] Extracting header 'ethernet'
[06:04:33.817] [bmv2] [D] [thread 244957] [2.0] [cxt 0] Parser state 'start': key is 86dd
[06:04:33.817] [bmv2] [T] [thread 244957] [2.0] [cxt 0] Bytes parsed: 14
[06:04:33.817] [bmv2] [D] [thread 244957] [2.0] [cxt 0] Parser 'parser': end
[06:04:33.817] [bmv2] [D] [thread 244957] [2.0] [cxt 0] Pipeline 'ingress': start
[06:04:33.817] [bmv2] [T] [thread 244957] [2.0] [cxt 0] /home/p4/Desktop/html/p4src/switch.p4(291) Condition "hdr.ipv4.isValid()" (node_2) is false
[06:04:33.817] [bmv2] [T] [thread 244957] [2.0] [cxt 0] Applying table 'MyIngress.tb_set_role'
[06:04:33.817] [bmv2] [D] [thread 244957] [2.0] [cxt 0] Looking up key:
* standard_metadata.ingress_port: 0001

[06:04:33.817] [bmv2] [D] [thread 244957] [2.0] [cxt 0] Table 'MyIngress.tb_set_role': miss
[06:04:33.817] [bmv2] [D] [thread 244957] [2.0] [cxt 0] Action entry is NoAction - 
[06:04:33.818] [bmv2] [T] [thread 244957] [2.0] [cxt 0] Action NoAction
[06:04:33.818] [bmv2] [D] [thread 244957] [2.0] [cxt 0] Pipeline 'ingress': end
[06:04:33.818] [bmv2] [D] [thread 244957] [2.0] [cxt 0] Egress port is 0
[06:04:33.818] [bmv2] [D] [thread 244957] [3.0] [cxt 0] Processing packet received on port 5
[06:04:33.818] [bmv2] [D] [thread 244957] [3.0] [cxt 0] Parser 'parser': start
[06:04:33.818] [bmv2] [D] [thread 244957] [3.0] [cxt 0] Parser 'parser' entering state 'start'
[06:04:33.818] [bmv2] [D] [thread 244957] [3.0] [cxt 0] Extracting header 'ethernet'
[06:04:33.818] [bmv2] [D] [thread 244958] [2.0] [cxt 0] Pipeline 'egress': start
[06:04:33.818] [bmv2] [D] [thread 244957] [3.0] [cxt 0] Parser state 'start': key is 86dd
[06:04:33.818] [bmv2] [T] [thread 244958] [2.0] [cxt 0] /home/p4/Desktop/html/p4src/switch.p4(381) Condition "hdr.tag.isValid()" (node_7) is false
[06:04:33.818] [bmv2] [T] [thread 244957] [3.0] [cxt 0] Bytes parsed: 14
[06:04:33.818] [bmv2] [T] [thread 244958] [2.0] [cxt 0] /home/p4/Desktop/html/p4src/switch.p4(386) Condition "hdr.mri.isValid()" (node_9) is false
[06:04:33.818] [bmv2] [D] [thread 244957] [3.0] [cxt 0] Parser 'parser': end
[06:04:33.818] [bmv2] [D] [thread 244958] [2.0] [cxt 0] Pipeline 'egress': end
[06:04:33.818] [bmv2] [D] [thread 244957] [3.0] [cxt 0] Pipeline 'ingress': start
[06:04:33.818] [bmv2] [T] [thread 244957] [3.0] [cxt 0] /home/p4/Desktop/html/p4src/switch.p4(291) Condition "hdr.ipv4.isValid()" (node_2) is false
[06:04:33.818] [bmv2] [D] [thread 244958] [2.0] [cxt 0] Deparser 'deparser': start
[06:04:33.818] [bmv2] [T] [thread 244957] [3.0] [cxt 0] Applying table 'MyIngress.tb_set_role'
[06:04:33.818] [bmv2] [T] [thread 244958] [2.0] [cxt 0] Skipping checksum 'cksum' update because condition not met
[06:04:33.818] [bmv2] [D] [thread 244957] [3.0] [cxt 0] Looking up key:
* standard_metadata.ingress_port: 0005

[06:04:33.818] [bmv2] [D] [thread 244957] [3.0] [cxt 0] Table 'MyIngress.tb_set_role': miss
[06:04:33.818] [bmv2] [D] [thread 244957] [3.0] [cxt 0] Action entry is NoAction - 
[06:04:33.818] [bmv2] [D] [thread 244958] [2.0] [cxt 0] Deparsing header 'ethernet'
[06:04:33.819] [bmv2] [D] [thread 244958] [2.0] [cxt 0] Deparser 'deparser': end
[06:04:33.818] [bmv2] [T] [thread 244957] [3.0] [cxt 0] Action NoAction
[06:04:33.819] [bmv2] [D] [thread 244957] [3.0] [cxt 0] Pipeline 'ingress': end
[06:04:33.819] [bmv2] [D] [thread 244957] [3.0] [cxt 0] Egress port is 0
[06:04:33.819] [bmv2] [D] [thread 244962] [2.0] [cxt 0] Transmitting packet of size 70 out of port 0
[06:04:33.819] [bmv2] [D] [thread 244958] [3.0] [cxt 0] Pipeline 'egress': start
[06:04:33.819] [bmv2] [T] [thread 244958] [3.0] [cxt 0] /home/p4/Desktop/html/p4src/switch.p4(381) Condition "hdr.tag.isValid()" (node_7) is false
[06:04:33.819] [bmv2] [T] [thread 244958] [3.0] [cxt 0] /home/p4/Desktop/html/p4src/switch.p4(386) Condition "hdr.mri.isValid()" (node_9) is false
[06:04:33.819] [bmv2] [D] [thread 244958] [3.0] [cxt 0] Pipeline 'egress': end
[06:04:33.819] [bmv2] [D] [thread 244958] [3.0] [cxt 0] Deparser 'deparser': start
[06:04:33.819] [bmv2] [T] [thread 244958] [3.0] [cxt 0] Skipping checksum 'cksum' update because condition not met
[06:04:33.819] [bmv2] [D] [thread 244958] [3.0] [cxt 0] Deparsing header 'ethernet'
[06:04:33.819] [bmv2] [D] [thread 244958] [3.0] [cxt 0] Deparser 'deparser': end
[06:04:33.819] [bmv2] [D] [thread 244962] [3.0] [cxt 0] Transmitting packet of size 70 out of port 0
[06:04:34.073] [bmv2] [D] [thread 244957] [4.0] [cxt 0] Processing packet received on port 6
[06:04:34.073] [bmv2] [D] [thread 244957] [4.0] [cxt 0] Parser 'parser': start
[06:04:34.073] [bmv2] [D] [thread 244957] [4.0] [cxt 0] Parser 'parser' entering state 'start'
[06:04:34.073] [bmv2] [D] [thread 244957] [4.0] [cxt 0] Extracting header 'ethernet'
[06:04:34.073] [bmv2] [D] [thread 244957] [4.0] [cxt 0] Parser state 'start': key is 86dd
[06:04:34.073] [bmv2] [T] [thread 244957] [4.0] [cxt 0] Bytes parsed: 14
[06:04:34.074] [bmv2] [D] [thread 244957] [4.0] [cxt 0] Parser 'parser': end
[06:04:34.074] [bmv2] [D] [thread 244957] [4.0] [cxt 0] Pipeline 'ingress': start
[06:04:34.074] [bmv2] [T] [thread 244957] [4.0] [cxt 0] /home/p4/Desktop/html/p4src/switch.p4(291) Condition "hdr.ipv4.isValid()" (node_2) is false
[06:04:34.074] [bmv2] [T] [thread 244957] [4.0] [cxt 0] Applying table 'MyIngress.tb_set_role'
[06:04:34.074] [bmv2] [D] [thread 244957] [4.0] [cxt 0] Looking up key:
* standard_metadata.ingress_port: 0006

[06:04:34.074] [bmv2] [D] [thread 244957] [4.0] [cxt 0] Table 'MyIngress.tb_set_role': miss
[06:04:34.074] [bmv2] [D] [thread 244957] [4.0] [cxt 0] Action entry is NoAction - 
[06:04:34.074] [bmv2] [T] [thread 244957] [4.0] [cxt 0] Action NoAction
[06:04:34.074] [bmv2] [D] [thread 244957] [4.0] [cxt 0] Pipeline 'ingress': end
[06:04:34.074] [bmv2] [D] [thread 244957] [4.0] [cxt 0] Egress port is 0
[06:04:34.074] [bmv2] [D] [thread 244957] [5.0] [cxt 0] Processing packet received on port 6
[06:04:34.074] [bmv2] [D] [thread 244957] [5.0] [cxt 0] Parser 'parser': start
[06:04:34.074] [bmv2] [D] [thread 244957] [5.0] [cxt 0] Parser 'parser' entering state 'start'
[06:04:34.074] [bmv2] [D] [thread 244957] [5.0] [cxt 0] Extracting header 'ethernet'
[06:04:34.074] [bmv2] [D] [thread 244957] [5.0] [cxt 0] Parser state 'start': key is 86dd
[06:04:34.074] [bmv2] [D] [thread 244958] [4.0] [cxt 0] Pipeline 'egress': start
[06:04:34.074] [bmv2] [T] [thread 244957] [5.0] [cxt 0] Bytes parsed: 14
[06:04:34.074] [bmv2] [T] [thread 244958] [4.0] [cxt 0] /home/p4/Desktop/html/p4src/switch.p4(381) Condition "hdr.tag.isValid()" (node_7) is false
[06:04:34.074] [bmv2] [T] [thread 244958] [4.0] [cxt 0] /home/p4/Desktop/html/p4src/switch.p4(386) Condition "hdr.mri.isValid()" (node_9) is false
[06:04:34.074] [bmv2] [D] [thread 244958] [4.0] [cxt 0] Pipeline 'egress': end
[06:04:34.074] [bmv2] [D] [thread 244958] [4.0] [cxt 0] Deparser 'deparser': start
[06:04:34.074] [bmv2] [D] [thread 244957] [5.0] [cxt 0] Parser 'parser': end
[06:04:34.074] [bmv2] [D] [thread 244957] [5.0] [cxt 0] Pipeline 'ingress': start
[06:04:34.075] [bmv2] [T] [thread 244957] [5.0] [cxt 0] /home/p4/Desktop/html/p4src/switch.p4(291) Condition "hdr.ipv4.isValid()" (node_2) is false
[06:04:34.075] [bmv2] [T] [thread 244957] [5.0] [cxt 0] Applying table 'MyIngress.tb_set_role'
[06:04:34.075] [bmv2] [D] [thread 244957] [5.0] [cxt 0] Looking up key:
* standard_metadata.ingress_port: 0006

[06:04:34.074] [bmv2] [T] [thread 244958] [4.0] [cxt 0] Skipping checksum 'cksum' update because condition not met
[06:04:34.075] [bmv2] [D] [thread 244957] [5.0] [cxt 0] Table 'MyIngress.tb_set_role': miss
[06:04:34.075] [bmv2] [D] [thread 244958] [4.0] [cxt 0] Deparsing header 'ethernet'
[06:04:34.075] [bmv2] [D] [thread 244957] [5.0] [cxt 0] Action entry is NoAction - 
[06:04:34.075] [bmv2] [D] [thread 244958] [4.0] [cxt 0] Deparser 'deparser': end
[06:04:34.075] [bmv2] [T] [thread 244957] [5.0] [cxt 0] Action NoAction
[06:04:34.075] [bmv2] [D] [thread 244957] [5.0] [cxt 0] Pipeline 'ingress': end
[06:04:34.075] [bmv2] [D] [thread 244957] [5.0] [cxt 0] Egress port is 0
[06:04:34.075] [bmv2] [D] [thread 244962] [4.0] [cxt 0] Transmitting packet of size 70 out of port 0
[06:04:34.075] [bmv2] [D] [thread 244958] [5.0] [cxt 0] Pipeline 'egress': start
[06:04:34.075] [bmv2] [T] [thread 244958] [5.0] [cxt 0] /home/p4/Desktop/html/p4src/switch.p4(381) Condition "hdr.tag.isValid()" (node_7) is false
[06:04:34.075] [bmv2] [T] [thread 244958] [5.0] [cxt 0] /home/p4/Desktop/html/p4src/switch.p4(386) Condition "hdr.mri.isValid()" (node_9) is false
[06:04:34.075] [bmv2] [D] [thread 244958] [5.0] [cxt 0] Pipeline 'egress': end
[06:04:34.075] [bmv2] [D] [thread 244958] [5.0] [cxt 0] Deparser 'deparser': start
[06:04:34.075] [bmv2] [T] [thread 244958] [5.0] [cxt 0] Skipping checksum 'cksum' update because condition not met
[06:04:34.075] [bmv2] [D] [thread 244958] [5.0] [cxt 0] Deparsing header 'ethernet'
[06:04:34.075] [bmv2] [D] [thread 244958] [5.0] [cxt 0] Deparser 'deparser': end
[06:04:34.076] [bmv2] [D] [thread 244962] [5.0] [cxt 0] Transmitting packet of size 70 out of port 0
[06:04:34.329] [bmv2] [D] [thread 244957] [6.0] [cxt 0] Processing packet received on port 2
[06:04:34.329] [bmv2] [D] [thread 244957] [6.0] [cxt 0] Parser 'parser': start
[06:04:34.329] [bmv2] [D] [thread 244957] [6.0] [cxt 0] Parser 'parser' entering state 'start'
[06:04:34.329] [bmv2] [D] [thread 244957] [6.0] [cxt 0] Extracting header 'ethernet'
[06:04:34.329] [bmv2] [D] [thread 244957] [6.0] [cxt 0] Parser state 'start': key is 86dd
[06:04:34.329] [bmv2] [T] [thread 244957] [6.0] [cxt 0] Bytes parsed: 14
[06:04:34.330] [bmv2] [D] [thread 244957] [6.0] [cxt 0] Parser 'parser': end
[06:04:34.330] [bmv2] [D] [thread 244957] [6.0] [cxt 0] Pipeline 'ingress': start
[06:04:34.330] [bmv2] [T] [thread 244957] [6.0] [cxt 0] /home/p4/Desktop/html/p4src/switch.p4(291) Condition "hdr.ipv4.isValid()" (node_2) is false
[06:04:34.330] [bmv2] [T] [thread 244957] [6.0] [cxt 0] Applying table 'MyIngress.tb_set_role'
[06:04:34.330] [bmv2] [D] [thread 244957] [6.0] [cxt 0] Looking up key:
* standard_metadata.ingress_port: 0002

[06:04:34.330] [bmv2] [D] [thread 244957] [6.0] [cxt 0] Table 'MyIngress.tb_set_role': miss
[06:04:34.330] [bmv2] [D] [thread 244957] [6.0] [cxt 0] Action entry is NoAction - 
[06:04:34.330] [bmv2] [T] [thread 244957] [6.0] [cxt 0] Action NoAction
[06:04:34.330] [bmv2] [D] [thread 244957] [6.0] [cxt 0] Pipeline 'ingress': end
[06:04:34.330] [bmv2] [D] [thread 244957] [6.0] [cxt 0] Egress port is 0
[06:04:34.330] [bmv2] [D] [thread 244957] [7.0] [cxt 0] Processing packet received on port 4
[06:04:34.330] [bmv2] [D] [thread 244957] [7.0] [cxt 0] Parser 'parser': start
[06:04:34.330] [bmv2] [D] [thread 244957] [7.0] [cxt 0] Parser 'parser' entering state 'start'
[06:04:34.330] [bmv2] [D] [thread 244957] [7.0] [cxt 0] Extracting header 'ethernet'
[06:04:34.330] [bmv2] [D] [thread 244958] [6.0] [cxt 0] Pipeline 'egress': start
[06:04:34.330] [bmv2] [T] [thread 244958] [6.0] [cxt 0] /home/p4/Desktop/html/p4src/switch.p4(381) Condition "hdr.tag.isValid()" (node_7) is false
[06:04:34.330] [bmv2] [T] [thread 244958] [6.0] [cxt 0] /home/p4/Desktop/html/p4src/switch.p4(386) Condition "hdr.mri.isValid()" (node_9) is false
[06:04:34.330] [bmv2] [D] [thread 244958] [6.0] [cxt 0] Pipeline 'egress': end
[06:04:34.330] [bmv2] [D] [thread 244958] [6.0] [cxt 0] Deparser 'deparser': start
[06:04:34.330] [bmv2] [T] [thread 244958] [6.0] [cxt 0] Skipping checksum 'cksum' update because condition not met
[06:04:34.330] [bmv2] [D] [thread 244957] [7.0] [cxt 0] Parser state 'start': key is 86dd
[06:04:34.331] [bmv2] [D] [thread 244958] [6.0] [cxt 0] Deparsing header 'ethernet'
[06:04:34.331] [bmv2] [T] [thread 244957] [7.0] [cxt 0] Bytes parsed: 14
[06:04:34.331] [bmv2] [D] [thread 244958] [6.0] [cxt 0] Deparser 'deparser': end
[06:04:34.331] [bmv2] [D] [thread 244957] [7.0] [cxt 0] Parser 'parser': end
[06:04:34.331] [bmv2] [D] [thread 244957] [7.0] [cxt 0] Pipeline 'ingress': start
[06:04:34.331] [bmv2] [T] [thread 244957] [7.0] [cxt 0] /home/p4/Desktop/html/p4src/switch.p4(291) Condition "hdr.ipv4.isValid()" (node_2) is false
[06:04:34.331] [bmv2] [T] [thread 244957] [7.0] [cxt 0] Applying table 'MyIngress.tb_set_role'
[06:04:34.331] [bmv2] [D] [thread 244957] [7.0] [cxt 0] Looking up key:
* standard_metadata.ingress_port: 0004

[06:04:34.331] [bmv2] [D] [thread 244957] [7.0] [cxt 0] Table 'MyIngress.tb_set_role': miss
[06:04:34.331] [bmv2] [D] [thread 244957] [7.0] [cxt 0] Action entry is NoAction - 
[06:04:34.331] [bmv2] [T] [thread 244957] [7.0] [cxt 0] Action NoAction
[06:04:34.331] [bmv2] [D] [thread 244957] [7.0] [cxt 0] Pipeline 'ingress': end
[06:04:34.331] [bmv2] [D] [thread 244962] [6.0] [cxt 0] Transmitting packet of size 70 out of port 0
[06:04:34.331] [bmv2] [D] [thread 244957] [7.0] [cxt 0] Egress port is 0
[06:04:34.331] [bmv2] [D] [thread 244957] [8.0] [cxt 0] Processing packet received on port 5
[06:04:34.331] [bmv2] [D] [thread 244957] [8.0] [cxt 0] Parser 'parser': start
[06:04:34.331] [bmv2] [D] [thread 244957] [8.0] [cxt 0] Parser 'parser' entering state 'start'
[06:04:34.331] [bmv2] [D] [thread 244957] [8.0] [cxt 0] Extracting header 'ethernet'
[06:04:34.331] [bmv2] [D] [thread 244957] [8.0] [cxt 0] Parser state 'start': key is 86dd
[06:04:34.331] [bmv2] [T] [thread 244957] [8.0] [cxt 0] Bytes parsed: 14
[06:04:34.331] [bmv2] [D] [thread 244957] [8.0] [cxt 0] Parser 'parser': end
[06:04:34.331] [bmv2] [D] [thread 244957] [8.0] [cxt 0] Pipeline 'ingress': start
[06:04:34.331] [bmv2] [T] [thread 244957] [8.0] [cxt 0] /home/p4/Desktop/html/p4src/switch.p4(291) Condition "hdr.ipv4.isValid()" (node_2) is false
[06:04:34.331] [bmv2] [T] [thread 244957] [8.0] [cxt 0] Applying table 'MyIngress.tb_set_role'
[06:04:34.331] [bmv2] [D] [thread 244958] [7.0] [cxt 0] Pipeline 'egress': start
[06:04:34.332] [bmv2] [D] [thread 244957] [8.0] [cxt 0] Looking up key:
* standard_metadata.ingress_port: 0005

[06:04:34.332] [bmv2] [D] [thread 244957] [8.0] [cxt 0] Table 'MyIngress.tb_set_role': miss
[06:04:34.332] [bmv2] [D] [thread 244957] [8.0] [cxt 0] Action entry is NoAction - 
[06:04:34.332] [bmv2] [T] [thread 244957] [8.0] [cxt 0] Action NoAction
[06:04:34.332] [bmv2] [T] [thread 244958] [7.0] [cxt 0] /home/p4/Desktop/html/p4src/switch.p4(381) Condition "hdr.tag.isValid()" (node_7) is false
[06:04:34.332] [bmv2] [D] [thread 244957] [8.0] [cxt 0] Pipeline 'ingress': end
[06:04:34.332] [bmv2] [T] [thread 244958] [7.0] [cxt 0] /home/p4/Desktop/html/p4src/switch.p4(386) Condition "hdr.mri.isValid()" (node_9) is false
[06:04:34.332] [bmv2] [D] [thread 244957] [8.0] [cxt 0] Egress port is 0
[06:04:34.332] [bmv2] [D] [thread 244958] [7.0] [cxt 0] Pipeline 'egress': end
[06:04:34.332] [bmv2] [D] [thread 244958] [7.0] [cxt 0] Deparser 'deparser': start
[06:04:34.332] [bmv2] [T] [thread 244958] [7.0] [cxt 0] Skipping checksum 'cksum' update because condition not met
[06:04:34.332] [bmv2] [D] [thread 244958] [7.0] [cxt 0] Deparsing header 'ethernet'
[06:04:34.332] [bmv2] [D] [thread 244958] [7.0] [cxt 0] Deparser 'deparser': end
[06:04:34.332] [bmv2] [D] [thread 244958] [8.0] [cxt 0] Pipeline 'egress': start
[06:04:34.332] [bmv2] [D] [thread 244962] [7.0] [cxt 0] Transmitting packet of size 70 out of port 0
[06:04:34.332] [bmv2] [T] [thread 244958] [8.0] [cxt 0] /home/p4/Desktop/html/p4src/switch.p4(381) Condition "hdr.tag.isValid()" (node_7) is false
[06:04:34.332] [bmv2] [T] [thread 244958] [8.0] [cxt 0] /home/p4/Desktop/html/p4src/switch.p4(386) Condition "hdr.mri.isValid()" (node_9) is false
[06:04:34.332] [bmv2] [D] [thread 244958] [8.0] [cxt 0] Pipeline 'egress': end
[06:04:34.332] [bmv2] [D] [thread 244958] [8.0] [cxt 0] Deparser 'deparser': start
[06:04:34.332] [bmv2] [T] [thread 244958] [8.0] [cxt 0] Skipping checksum 'cksum' update because condition not met
[06:04:34.332] [bmv2] [D] [thread 244958] [8.0] [cxt 0] Deparsing header 'ethernet'
[06:04:34.332] [bmv2] [D] [thread 244958] [8.0] [cxt 0] Deparser 'deparser': end
[06:04:34.332] [bmv2] [D] [thread 244962] [8.0] [cxt 0] Transmitting packet of size 70 out of port 0
[06:04:34.586] [bmv2] [D] [thread 244957] [9.0] [cxt 0] Processing packet received on port 7
[06:04:34.586] [bmv2] [D] [thread 244957] [9.0] [cxt 0] Parser 'parser': start
[06:04:34.586] [bmv2] [D] [thread 244957] [9.0] [cxt 0] Parser 'parser' entering state 'start'
[06:04:34.586] [bmv2] [D] [thread 244957] [9.0] [cxt 0] Extracting header 'ethernet'
[06:04:34.586] [bmv2] [D] [thread 244957] [9.0] [cxt 0] Parser state 'start': key is 86dd
[06:04:34.586] [bmv2] [T] [thread 244957] [9.0] [cxt 0] Bytes parsed: 14
[06:04:34.586] [bmv2] [D] [thread 244957] [9.0] [cxt 0] Parser 'parser': end
[06:04:34.586] [bmv2] [D] [thread 244957] [9.0] [cxt 0] Pipeline 'ingress': start
[06:04:34.586] [bmv2] [T] [thread 244957] [9.0] [cxt 0] /home/p4/Desktop/html/p4src/switch.p4(291) Condition "hdr.ipv4.isValid()" (node_2) is false
[06:04:34.586] [bmv2] [T] [thread 244957] [9.0] [cxt 0] Applying table 'MyIngress.tb_set_role'
[06:04:34.586] [bmv2] [D] [thread 244957] [9.0] [cxt 0] Looking up key:
* standard_metadata.ingress_port: 0007

[06:04:34.586] [bmv2] [D] [thread 244957] [9.0] [cxt 0] Table 'MyIngress.tb_set_role': miss
[06:04:34.586] [bmv2] [D] [thread 244957] [9.0] [cxt 0] Action entry is NoAction - 
[06:04:34.586] [bmv2] [T] [thread 244957] [9.0] [cxt 0] Action NoAction
[06:04:34.587] [bmv2] [D] [thread 244957] [9.0] [cxt 0] Pipeline 'ingress': end
[06:04:34.587] [bmv2] [D] [thread 244957] [9.0] [cxt 0] Egress port is 0
[06:04:34.587] [bmv2] [D] [thread 244958] [9.0] [cxt 0] Pipeline 'egress': start
[06:04:34.587] [bmv2] [T] [thread 244958] [9.0] [cxt 0] /home/p4/Desktop/html/p4src/switch.p4(381) Condition "hdr.tag.isValid()" (node_7) is false
[06:04:34.587] [bmv2] [T] [thread 244958] [9.0] [cxt 0] /home/p4/Desktop/html/p4src/switch.p4(386) Condition "hdr.mri.isValid()" (node_9) is false
[06:04:34.587] [bmv2] [D] [thread 244958] [9.0] [cxt 0] Pipeline 'egress': end
[06:04:34.587] [bmv2] [D] [thread 244958] [9.0] [cxt 0] Deparser 'deparser': start
[06:04:34.587] [bmv2] [T] [thread 244958] [9.0] [cxt 0] Skipping checksum 'cksum' update because condition not met
[06:04:34.587] [bmv2] [D] [thread 244958] [9.0] [cxt 0] Deparsing header 'ethernet'
[06:04:34.587] [bmv2] [D] [thread 244958] [9.0] [cxt 0] Deparser 'deparser': end
[06:04:34.587] [bmv2] [D] [thread 244962] [9.0] [cxt 0] Transmitting packet of size 70 out of port 0
[06:04:35.865] [bmv2] [D] [thread 244957] [10.0] [cxt 0] Processing packet received on port 7
[06:04:35.865] [bmv2] [D] [thread 244957] [10.0] [cxt 0] Parser 'parser': start
[06:04:35.865] [bmv2] [D] [thread 244957] [10.0] [cxt 0] Parser 'parser' entering state 'start'
[06:04:35.865] [bmv2] [D] [thread 244957] [10.0] [cxt 0] Extracting header 'ethernet'
[06:04:35.865] [bmv2] [D] [thread 244957] [10.0] [cxt 0] Parser state 'start': key is 86dd
[06:04:35.865] [bmv2] [T] [thread 244957] [10.0] [cxt 0] Bytes parsed: 14
[06:04:35.866] [bmv2] [D] [thread 244957] [10.0] [cxt 0] Parser 'parser': end
[06:04:35.866] [bmv2] [D] [thread 244957] [10.0] [cxt 0] Pipeline 'ingress': start
[06:04:35.866] [bmv2] [T] [thread 244957] [10.0] [cxt 0] /home/p4/Desktop/html/p4src/switch.p4(291) Condition "hdr.ipv4.isValid()" (node_2) is false
[06:04:35.866] [bmv2] [T] [thread 244957] [10.0] [cxt 0] Applying table 'MyIngress.tb_set_role'
[06:04:35.866] [bmv2] [D] [thread 244957] [10.0] [cxt 0] Looking up key:
* standard_metadata.ingress_port: 0007

[06:04:35.866] [bmv2] [D] [thread 244957] [10.0] [cxt 0] Table 'MyIngress.tb_set_role': miss
[06:04:35.866] [bmv2] [D] [thread 244957] [10.0] [cxt 0] Action entry is NoAction - 
[06:04:35.866] [bmv2] [T] [thread 244957] [10.0] [cxt 0] Action NoAction
[06:04:35.866] [bmv2] [D] [thread 244957] [10.0] [cxt 0] Pipeline 'ingress': end
[06:04:35.866] [bmv2] [D] [thread 244957] [10.0] [cxt 0] Egress port is 0
[06:04:35.866] [bmv2] [D] [thread 244958] [10.0] [cxt 0] Pipeline 'egress': start
[06:04:35.866] [bmv2] [T] [thread 244958] [10.0] [cxt 0] /home/p4/Desktop/html/p4src/switch.p4(381) Condition "hdr.tag.isValid()" (node_7) is false
[06:04:35.866] [bmv2] [T] [thread 244958] [10.0] [cxt 0] /home/p4/Desktop/html/p4src/switch.p4(386) Condition "hdr.mri.isValid()" (node_9) is false
[06:04:35.866] [bmv2] [D] [thread 244958] [10.0] [cxt 0] Pipeline 'egress': end
[06:04:35.866] [bmv2] [D] [thread 244958] [10.0] [cxt 0] Deparser 'deparser': start
[06:04:35.866] [bmv2] [T] [thread 244958] [10.0] [cxt 0] Skipping checksum 'cksum' update because condition not met
[06:04:35.866] [bmv2] [D] [thread 244958] [10.0] [cxt 0] Deparsing header 'ethernet'
[06:04:35.866] [bmv2] [D] [thread 244958] [10.0] [cxt 0] Deparser 'deparser': end
[06:04:35.866] [bmv2] [D] [thread 244962] [10.0] [cxt 0] Transmitting packet of size 70 out of port 0
[06:04:47.129] [bmv2] [D] [thread 244957] [11.0] [cxt 0] Processing packet received on port 4
[06:04:47.129] [bmv2] [D] [thread 244957] [11.0] [cxt 0] Parser 'parser': start
[06:04:47.129] [bmv2] [D] [thread 244957] [11.0] [cxt 0] Parser 'parser' entering state 'start'
[06:04:47.129] [bmv2] [D] [thread 244957] [11.0] [cxt 0] Extracting header 'ethernet'
[06:04:47.129] [bmv2] [D] [thread 244957] [11.0] [cxt 0] Parser state 'start': key is 86dd
[06:04:47.129] [bmv2] [T] [thread 244957] [11.0] [cxt 0] Bytes parsed: 14
[06:04:47.129] [bmv2] [D] [thread 244957] [11.0] [cxt 0] Parser 'parser': end
[06:04:47.129] [bmv2] [D] [thread 244957] [11.0] [cxt 0] Pipeline 'ingress': start
[06:04:47.130] [bmv2] [T] [thread 244957] [11.0] [cxt 0] /home/p4/Desktop/html/p4src/switch.p4(291) Condition "hdr.ipv4.isValid()" (node_2) is false
[06:04:47.130] [bmv2] [T] [thread 244957] [11.0] [cxt 0] Applying table 'MyIngress.tb_set_role'
[06:04:47.130] [bmv2] [D] [thread 244957] [11.0] [cxt 0] Looking up key:
* standard_metadata.ingress_port: 0004

[06:04:47.130] [bmv2] [D] [thread 244957] [11.0] [cxt 0] Table 'MyIngress.tb_set_role': miss
[06:04:47.130] [bmv2] [D] [thread 244957] [11.0] [cxt 0] Action entry is NoAction - 
[06:04:47.130] [bmv2] [T] [thread 244957] [11.0] [cxt 0] Action NoAction
[06:04:47.130] [bmv2] [D] [thread 244957] [11.0] [cxt 0] Pipeline 'ingress': end
[06:04:47.130] [bmv2] [D] [thread 244957] [11.0] [cxt 0] Egress port is 0
[06:04:47.130] [bmv2] [D] [thread 244958] [11.0] [cxt 0] Pipeline 'egress': start
[06:04:47.130] [bmv2] [T] [thread 244958] [11.0] [cxt 0] /home/p4/Desktop/html/p4src/switch.p4(381) Condition "hdr.tag.isValid()" (node_7) is false
[06:04:47.130] [bmv2] [T] [thread 244958] [11.0] [cxt 0] /home/p4/Desktop/html/p4src/switch.p4(386) Condition "hdr.mri.isValid()" (node_9) is false
[06:04:47.130] [bmv2] [D] [thread 244958] [11.0] [cxt 0] Pipeline 'egress': end
[06:04:47.130] [bmv2] [D] [thread 244958] [11.0] [cxt 0] Deparser 'deparser': start
[06:04:47.130] [bmv2] [T] [thread 244958] [11.0] [cxt 0] Skipping checksum 'cksum' update because condition not met
[06:04:47.130] [bmv2] [D] [thread 244958] [11.0] [cxt 0] Deparsing header 'ethernet'
[06:04:47.130] [bmv2] [D] [thread 244958] [11.0] [cxt 0] Deparser 'deparser': end
[06:04:47.130] [bmv2] [D] [thread 244962] [11.0] [cxt 0] Transmitting packet of size 70 out of port 0
[06:04:47.133] [bmv2] [D] [thread 244957] [12.0] [cxt 0] Processing packet received on port 3
[06:04:47.133] [bmv2] [D] [thread 244957] [12.0] [cxt 0] Parser 'parser': start
[06:04:47.133] [bmv2] [D] [thread 244957] [12.0] [cxt 0] Parser 'parser' entering state 'start'
[06:04:47.133] [bmv2] [D] [thread 244957] [12.0] [cxt 0] Extracting header 'ethernet'
[06:04:47.133] [bmv2] [D] [thread 244957] [12.0] [cxt 0] Parser state 'start': key is 86dd
[06:04:47.133] [bmv2] [T] [thread 244957] [12.0] [cxt 0] Bytes parsed: 14
[06:04:47.133] [bmv2] [D] [thread 244957] [12.0] [cxt 0] Parser 'parser': end
[06:04:47.133] [bmv2] [D] [thread 244957] [12.0] [cxt 0] Pipeline 'ingress': start
[06:04:47.133] [bmv2] [T] [thread 244957] [12.0] [cxt 0] /home/p4/Desktop/html/p4src/switch.p4(291) Condition "hdr.ipv4.isValid()" (node_2) is false
[06:04:47.133] [bmv2] [T] [thread 244957] [12.0] [cxt 0] Applying table 'MyIngress.tb_set_role'
[06:04:47.133] [bmv2] [D] [thread 244957] [12.0] [cxt 0] Looking up key:
* standard_metadata.ingress_port: 0003

[06:04:47.133] [bmv2] [D] [thread 244957] [12.0] [cxt 0] Table 'MyIngress.tb_set_role': miss
[06:04:47.134] [bmv2] [D] [thread 244957] [12.0] [cxt 0] Action entry is NoAction - 
[06:04:47.134] [bmv2] [T] [thread 244957] [12.0] [cxt 0] Action NoAction
[06:04:47.134] [bmv2] [D] [thread 244957] [12.0] [cxt 0] Pipeline 'ingress': end
[06:04:47.134] [bmv2] [D] [thread 244957] [12.0] [cxt 0] Egress port is 0
[06:04:47.134] [bmv2] [D] [thread 244958] [12.0] [cxt 0] Pipeline 'egress': start
[06:04:47.134] [bmv2] [T] [thread 244958] [12.0] [cxt 0] /home/p4/Desktop/html/p4src/switch.p4(381) Condition "hdr.tag.isValid()" (node_7) is false
[06:04:47.134] [bmv2] [T] [thread 244958] [12.0] [cxt 0] /home/p4/Desktop/html/p4src/switch.p4(386) Condition "hdr.mri.isValid()" (node_9) is false
[06:04:47.134] [bmv2] [D] [thread 244958] [12.0] [cxt 0] Pipeline 'egress': end
[06:04:47.134] [bmv2] [D] [thread 244958] [12.0] [cxt 0] Deparser 'deparser': start
[06:04:47.134] [bmv2] [T] [thread 244958] [12.0] [cxt 0] Skipping checksum 'cksum' update because condition not met
[06:04:47.134] [bmv2] [D] [thread 244958] [12.0] [cxt 0] Deparsing header 'ethernet'
[06:04:47.134] [bmv2] [D] [thread 244958] [12.0] [cxt 0] Deparser 'deparser': end
[06:04:47.135] [bmv2] [D] [thread 244962] [12.0] [cxt 0] Transmitting packet of size 70 out of port 0
[06:04:48.410] [bmv2] [D] [thread 244957] [13.0] [cxt 0] Processing packet received on port 6
[06:04:48.410] [bmv2] [D] [thread 244957] [13.0] [cxt 0] Parser 'parser': start
[06:04:48.410] [bmv2] [D] [thread 244957] [13.0] [cxt 0] Parser 'parser' entering state 'start'
[06:04:48.410] [bmv2] [D] [thread 244957] [13.0] [cxt 0] Extracting header 'ethernet'
[06:04:48.410] [bmv2] [D] [thread 244957] [13.0] [cxt 0] Parser state 'start': key is 86dd
[06:04:48.410] [bmv2] [T] [thread 244957] [13.0] [cxt 0] Bytes parsed: 14
[06:04:48.410] [bmv2] [D] [thread 244957] [13.0] [cxt 0] Parser 'parser': end
[06:04:48.410] [bmv2] [D] [thread 244957] [13.0] [cxt 0] Pipeline 'ingress': start
[06:04:48.410] [bmv2] [T] [thread 244957] [13.0] [cxt 0] /home/p4/Desktop/html/p4src/switch.p4(291) Condition "hdr.ipv4.isValid()" (node_2) is false
[06:04:48.410] [bmv2] [T] [thread 244957] [13.0] [cxt 0] Applying table 'MyIngress.tb_set_role'
[06:04:48.410] [bmv2] [D] [thread 244957] [13.0] [cxt 0] Looking up key:
* standard_metadata.ingress_port: 0006

[06:04:48.410] [bmv2] [D] [thread 244957] [13.0] [cxt 0] Table 'MyIngress.tb_set_role': miss
[06:04:48.410] [bmv2] [D] [thread 244957] [13.0] [cxt 0] Action entry is NoAction - 
[06:04:48.410] [bmv2] [T] [thread 244957] [13.0] [cxt 0] Action NoAction
[06:04:48.410] [bmv2] [D] [thread 244957] [13.0] [cxt 0] Pipeline 'ingress': end
[06:04:48.410] [bmv2] [D] [thread 244957] [13.0] [cxt 0] Egress port is 0
[06:04:48.410] [bmv2] [D] [thread 244958] [13.0] [cxt 0] Pipeline 'egress': start
[06:04:48.410] [bmv2] [T] [thread 244958] [13.0] [cxt 0] /home/p4/Desktop/html/p4src/switch.p4(381) Condition "hdr.tag.isValid()" (node_7) is false
[06:04:48.410] [bmv2] [T] [thread 244958] [13.0] [cxt 0] /home/p4/Desktop/html/p4src/switch.p4(386) Condition "hdr.mri.isValid()" (node_9) is false
[06:04:48.410] [bmv2] [D] [thread 244958] [13.0] [cxt 0] Pipeline 'egress': end
[06:04:48.410] [bmv2] [D] [thread 244958] [13.0] [cxt 0] Deparser 'deparser': start
[06:04:48.410] [bmv2] [T] [thread 244958] [13.0] [cxt 0] Skipping checksum 'cksum' update because condition not met
[06:04:48.410] [bmv2] [D] [thread 244958] [13.0] [cxt 0] Deparsing header 'ethernet'
[06:04:48.410] [bmv2] [D] [thread 244958] [13.0] [cxt 0] Deparser 'deparser': end
[06:04:48.411] [bmv2] [D] [thread 244962] [13.0] [cxt 0] Transmitting packet of size 70 out of port 0
[06:04:53.212] [bmv2] [T] [thread 247229] bm_get_config
[06:04:53.214] [bmv2] [T] [thread 247229] bm_table_add_entry
[06:04:53.214] [bmv2] [D] [thread 247229] Entry 0 added to table 'MyIngress.ipv4_lpm'
[06:04:53.215] [bmv2] [D] [thread 247229] Dumping entry 0
Match key:
* hdr.ipv4.dstAddr              : LPM       0a000b1f/32
* standard_metadata.ingress_port: EXACT     0002
Action entry: MyIngress.ipv4_forward - a000b1f,1,

[06:04:53.215] [bmv2] [T] [thread 247229] bm_table_add_entry
[06:04:53.215] [bmv2] [D] [thread 247229] Entry 1 added to table 'MyIngress.ipv4_lpm'
[06:04:53.216] [bmv2] [D] [thread 247229] Dumping entry 1
Match key:
* hdr.ipv4.dstAddr              : LPM       0a000b1f/32
* standard_metadata.ingress_port: EXACT     0003
Action entry: MyIngress.ipv4_forward - a000b1f,1,

[06:04:53.216] [bmv2] [T] [thread 247229] bm_table_add_entry
[06:04:53.217] [bmv2] [D] [thread 247229] Entry 2 added to table 'MyIngress.ipv4_lpm'
[06:04:53.217] [bmv2] [D] [thread 247229] Dumping entry 2
Match key:
* hdr.ipv4.dstAddr              : LPM       0a000b1f/32
* standard_metadata.ingress_port: EXACT     0004
Action entry: MyIngress.ipv4_forward - a000b1f,1,

[06:04:53.217] [bmv2] [T] [thread 247229] bm_table_add_entry
[06:04:53.218] [bmv2] [D] [thread 247229] Entry 3 added to table 'MyIngress.ipv4_lpm'
[06:04:53.218] [bmv2] [D] [thread 247229] Dumping entry 3
Match key:
* hdr.ipv4.dstAddr              : LPM       0a000b1f/32
* standard_metadata.ingress_port: EXACT     0005
Action entry: MyIngress.ipv4_forward - a000b1f,1,

[06:04:53.218] [bmv2] [T] [thread 247229] bm_table_add_entry
[06:04:53.218] [bmv2] [D] [thread 247229] Entry 4 added to table 'MyIngress.ipv4_lpm'
[06:04:53.218] [bmv2] [D] [thread 247229] Dumping entry 4
Match key:
* hdr.ipv4.dstAddr              : LPM       0a000b1f/32
* standard_metadata.ingress_port: EXACT     0006
Action entry: MyIngress.ipv4_forward - a000b1f,1,

[06:04:53.219] [bmv2] [T] [thread 247229] bm_table_add_entry
[06:04:53.219] [bmv2] [D] [thread 247229] Entry 5 added to table 'MyIngress.ipv4_lpm'
[06:04:53.219] [bmv2] [D] [thread 247229] Dumping entry 5
Match key:
* hdr.ipv4.dstAddr              : LPM       0a000b20/32
* standard_metadata.ingress_port: EXACT     0001
Action entry: MyIngress.ipv4_forward - a000b20,2,

[06:04:53.220] [bmv2] [T] [thread 247229] bm_table_add_entry
[06:04:53.220] [bmv2] [D] [thread 247229] Entry 6 added to table 'MyIngress.ipv4_lpm'
[06:04:53.220] [bmv2] [D] [thread 247229] Dumping entry 6
Match key:
* hdr.ipv4.dstAddr              : LPM       0a000b20/32
* standard_metadata.ingress_port: EXACT     0003
Action entry: MyIngress.ipv4_forward - a000b20,2,

[06:04:53.220] [bmv2] [T] [thread 247229] bm_table_add_entry
[06:04:53.220] [bmv2] [D] [thread 247229] Entry 7 added to table 'MyIngress.ipv4_lpm'
[06:04:53.220] [bmv2] [D] [thread 247229] Dumping entry 7
Match key:
* hdr.ipv4.dstAddr              : LPM       0a000b20/32
* standard_metadata.ingress_port: EXACT     0004
Action entry: MyIngress.ipv4_forward - a000b20,2,

[06:04:53.221] [bmv2] [T] [thread 247229] bm_table_add_entry
[06:04:53.221] [bmv2] [D] [thread 247229] Entry 8 added to table 'MyIngress.ipv4_lpm'
[06:04:53.221] [bmv2] [D] [thread 247229] Dumping entry 8
Match key:
* hdr.ipv4.dstAddr              : LPM       0a000b20/32
* standard_metadata.ingress_port: EXACT     0005
Action entry: MyIngress.ipv4_forward - a000b20,2,

[06:04:53.222] [bmv2] [T] [thread 247229] bm_table_add_entry
[06:04:53.222] [bmv2] [D] [thread 247229] Entry 9 added to table 'MyIngress.ipv4_lpm'
[06:04:53.222] [bmv2] [D] [thread 247229] Dumping entry 9
Match key:
* hdr.ipv4.dstAddr              : LPM       0a000b20/32
* standard_metadata.ingress_port: EXACT     0006
Action entry: MyIngress.ipv4_forward - a000b20,2,

[06:04:53.222] [bmv2] [T] [thread 247229] bm_table_add_entry
[06:04:53.223] [bmv2] [D] [thread 247229] Entry 10 added to table 'MyIngress.ipv4_lpm'
[06:04:53.223] [bmv2] [D] [thread 247229] Dumping entry 10
Match key:
* hdr.ipv4.dstAddr              : LPM       0a000b21/32
* standard_metadata.ingress_port: EXACT     0001
Action entry: MyIngress.ipv4_forward - a000b21,3,

[06:04:53.223] [bmv2] [T] [thread 247229] bm_table_add_entry
[06:04:53.223] [bmv2] [D] [thread 247229] Entry 11 added to table 'MyIngress.ipv4_lpm'
[06:04:53.223] [bmv2] [D] [thread 247229] Dumping entry 11
Match key:
* hdr.ipv4.dstAddr              : LPM       0a000b21/32
* standard_metadata.ingress_port: EXACT     0002
Action entry: MyIngress.ipv4_forward - a000b21,3,

[06:04:53.224] [bmv2] [T] [thread 247229] bm_table_add_entry
[06:04:53.224] [bmv2] [D] [thread 247229] Entry 12 added to table 'MyIngress.ipv4_lpm'
[06:04:53.224] [bmv2] [D] [thread 247229] Dumping entry 12
Match key:
* hdr.ipv4.dstAddr              : LPM       0a000b21/32
* standard_metadata.ingress_port: EXACT     0004
Action entry: MyIngress.ipv4_forward - a000b21,3,

[06:04:53.225] [bmv2] [T] [thread 247229] bm_table_add_entry
[06:04:53.225] [bmv2] [D] [thread 247229] Entry 13 added to table 'MyIngress.ipv4_lpm'
[06:04:53.225] [bmv2] [D] [thread 247229] Dumping entry 13
Match key:
* hdr.ipv4.dstAddr              : LPM       0a000b21/32
* standard_metadata.ingress_port: EXACT     0005
Action entry: MyIngress.ipv4_forward - a000b21,3,

[06:04:53.225] [bmv2] [T] [thread 247229] bm_table_add_entry
[06:04:53.226] [bmv2] [D] [thread 247229] Entry 14 added to table 'MyIngress.ipv4_lpm'
[06:04:53.226] [bmv2] [D] [thread 247229] Dumping entry 14
Match key:
* hdr.ipv4.dstAddr              : LPM       0a000b21/32
* standard_metadata.ingress_port: EXACT     0006
Action entry: MyIngress.ipv4_forward - a000b21,3,

[06:04:53.226] [bmv2] [T] [thread 247229] bm_table_add_entry
[06:04:53.226] [bmv2] [D] [thread 247229] Entry 15 added to table 'MyIngress.ipv4_lpm'
[06:04:53.226] [bmv2] [D] [thread 247229] Dumping entry 15
Match key:
* hdr.ipv4.dstAddr              : LPM       0a000101/32
* standard_metadata.ingress_port: EXACT     0001
Action entry: MyIngress.ipv4_forward - a000101,4,

[06:04:53.227] [bmv2] [T] [thread 247229] bm_table_add_entry
[06:04:53.227] [bmv2] [D] [thread 247229] Entry 16 added to table 'MyIngress.ipv4_lpm'
[06:04:53.227] [bmv2] [D] [thread 247229] Dumping entry 16
Match key:
* hdr.ipv4.dstAddr              : LPM       0a000102/32
* standard_metadata.ingress_port: EXACT     0001
Action entry: MyIngress.ipv4_forward - a000102,5,

[06:04:53.228] [bmv2] [T] [thread 247229] bm_table_add_entry
[06:04:53.228] [bmv2] [D] [thread 247229] Entry 17 added to table 'MyIngress.ipv4_lpm'
[06:04:53.228] [bmv2] [D] [thread 247229] Dumping entry 17
Match key:
* hdr.ipv4.dstAddr              : LPM       0a000103/32
* standard_metadata.ingress_port: EXACT     0001
Action entry: MyIngress.ipv4_forward - a000103,6,

[06:04:53.229] [bmv2] [T] [thread 247229] bm_table_add_entry
[06:04:53.229] [bmv2] [D] [thread 247229] Entry 18 added to table 'MyIngress.ipv4_lpm'
[06:04:53.229] [bmv2] [D] [thread 247229] Dumping entry 18
Match key:
* hdr.ipv4.dstAddr              : LPM       0a000204/32
* standard_metadata.ingress_port: EXACT     0001
Action entry: MyIngress.ipv4_forward - a000204,4,

[06:04:53.230] [bmv2] [T] [thread 247229] bm_table_add_entry
[06:04:53.230] [bmv2] [D] [thread 247229] Entry 19 added to table 'MyIngress.ipv4_lpm'
[06:04:53.230] [bmv2] [D] [thread 247229] Dumping entry 19
Match key:
* hdr.ipv4.dstAddr              : LPM       0a000205/32
* standard_metadata.ingress_port: EXACT     0001
Action entry: MyIngress.ipv4_forward - a000205,5,

[06:04:53.230] [bmv2] [T] [thread 247229] bm_table_add_entry
[06:04:53.230] [bmv2] [D] [thread 247229] Entry 20 added to table 'MyIngress.ipv4_lpm'
[06:04:53.230] [bmv2] [D] [thread 247229] Dumping entry 20
Match key:
* hdr.ipv4.dstAddr              : LPM       0a000206/32
* standard_metadata.ingress_port: EXACT     0001
Action entry: MyIngress.ipv4_forward - a000206,6,

[06:04:53.231] [bmv2] [T] [thread 247229] bm_table_add_entry
[06:04:53.231] [bmv2] [D] [thread 247229] Entry 21 added to table 'MyIngress.ipv4_lpm'
[06:04:53.231] [bmv2] [D] [thread 247229] Dumping entry 21
Match key:
* hdr.ipv4.dstAddr              : LPM       0a000307/32
* standard_metadata.ingress_port: EXACT     0001
Action entry: MyIngress.ipv4_forward - a000307,4,

[06:04:53.232] [bmv2] [T] [thread 247229] bm_table_add_entry
[06:04:53.232] [bmv2] [D] [thread 247229] Entry 22 added to table 'MyIngress.ipv4_lpm'
[06:04:53.232] [bmv2] [D] [thread 247229] Dumping entry 22
Match key:
* hdr.ipv4.dstAddr              : LPM       0a000308/32
* standard_metadata.ingress_port: EXACT     0001
Action entry: MyIngress.ipv4_forward - a000308,5,

[06:04:53.232] [bmv2] [T] [thread 247229] bm_table_add_entry
[06:04:53.233] [bmv2] [D] [thread 247229] Entry 23 added to table 'MyIngress.ipv4_lpm'
[06:04:53.233] [bmv2] [D] [thread 247229] Dumping entry 23
Match key:
* hdr.ipv4.dstAddr              : LPM       0a000309/32
* standard_metadata.ingress_port: EXACT     0001
Action entry: MyIngress.ipv4_forward - a000309,6,

[06:04:53.233] [bmv2] [T] [thread 247229] bm_table_add_entry
[06:04:53.233] [bmv2] [D] [thread 247229] Entry 24 added to table 'MyIngress.ipv4_lpm'
[06:04:53.233] [bmv2] [D] [thread 247229] Dumping entry 24
Match key:
* hdr.ipv4.dstAddr              : LPM       0a00040a/32
* standard_metadata.ingress_port: EXACT     0001
Action entry: MyIngress.ipv4_forward - a00040a,4,

[06:04:53.234] [bmv2] [T] [thread 247229] bm_table_add_entry
[06:04:53.234] [bmv2] [D] [thread 247229] Entry 25 added to table 'MyIngress.ipv4_lpm'
[06:04:53.234] [bmv2] [D] [thread 247229] Dumping entry 25
Match key:
* hdr.ipv4.dstAddr              : LPM       0a00040b/32
* standard_metadata.ingress_port: EXACT     0001
Action entry: MyIngress.ipv4_forward - a00040b,5,

[06:04:53.235] [bmv2] [T] [thread 247229] bm_table_add_entry
[06:04:53.235] [bmv2] [D] [thread 247229] Entry 26 added to table 'MyIngress.ipv4_lpm'
[06:04:53.235] [bmv2] [D] [thread 247229] Dumping entry 26
Match key:
* hdr.ipv4.dstAddr              : LPM       0a00040c/32
* standard_metadata.ingress_port: EXACT     0001
Action entry: MyIngress.ipv4_forward - a00040c,6,

[06:04:53.235] [bmv2] [T] [thread 247229] bm_table_add_entry
[06:04:53.235] [bmv2] [D] [thread 247229] Entry 27 added to table 'MyIngress.ipv4_lpm'
[06:04:53.235] [bmv2] [D] [thread 247229] Dumping entry 27
Match key:
* hdr.ipv4.dstAddr              : LPM       0a00050d/32
* standard_metadata.ingress_port: EXACT     0001
Action entry: MyIngress.ipv4_forward - a00050d,4,

[06:04:53.236] [bmv2] [T] [thread 247229] bm_table_add_entry
[06:04:53.236] [bmv2] [D] [thread 247229] Entry 28 added to table 'MyIngress.ipv4_lpm'
[06:04:53.236] [bmv2] [D] [thread 247229] Dumping entry 28
Match key:
* hdr.ipv4.dstAddr              : LPM       0a00050e/32
* standard_metadata.ingress_port: EXACT     0001
Action entry: MyIngress.ipv4_forward - a00050e,5,

[06:04:53.237] [bmv2] [T] [thread 247229] bm_table_add_entry
[06:04:53.237] [bmv2] [D] [thread 247229] Entry 29 added to table 'MyIngress.ipv4_lpm'
[06:04:53.237] [bmv2] [D] [thread 247229] Dumping entry 29
Match key:
* hdr.ipv4.dstAddr              : LPM       0a00050f/32
* standard_metadata.ingress_port: EXACT     0001
Action entry: MyIngress.ipv4_forward - a00050f,6,

[06:04:53.237] [bmv2] [T] [thread 247229] bm_table_add_entry
[06:04:53.238] [bmv2] [D] [thread 247229] Entry 30 added to table 'MyIngress.ipv4_lpm'
[06:04:53.238] [bmv2] [D] [thread 247229] Dumping entry 30
Match key:
* hdr.ipv4.dstAddr              : LPM       0a000610/32
* standard_metadata.ingress_port: EXACT     0001
Action entry: MyIngress.ipv4_forward - a000610,4,

[06:04:53.238] [bmv2] [T] [thread 247229] bm_table_add_entry
[06:04:53.238] [bmv2] [D] [thread 247229] Entry 31 added to table 'MyIngress.ipv4_lpm'
[06:04:53.238] [bmv2] [D] [thread 247229] Dumping entry 31
Match key:
* hdr.ipv4.dstAddr              : LPM       0a000611/32
* standard_metadata.ingress_port: EXACT     0001
Action entry: MyIngress.ipv4_forward - a000611,5,

[06:04:53.239] [bmv2] [T] [thread 247229] bm_table_add_entry
[06:04:53.239] [bmv2] [D] [thread 247229] Entry 32 added to table 'MyIngress.ipv4_lpm'
[06:04:53.239] [bmv2] [D] [thread 247229] Dumping entry 32
Match key:
* hdr.ipv4.dstAddr              : LPM       0a000612/32
* standard_metadata.ingress_port: EXACT     0001
Action entry: MyIngress.ipv4_forward - a000612,6,

[06:04:53.240] [bmv2] [T] [thread 247229] bm_table_add_entry
[06:04:53.240] [bmv2] [D] [thread 247229] Entry 33 added to table 'MyIngress.ipv4_lpm'
[06:04:53.240] [bmv2] [D] [thread 247229] Dumping entry 33
Match key:
* hdr.ipv4.dstAddr              : LPM       0a000713/32
* standard_metadata.ingress_port: EXACT     0001
Action entry: MyIngress.ipv4_forward - a000713,4,

[06:04:53.240] [bmv2] [T] [thread 247229] bm_table_add_entry
[06:04:53.240] [bmv2] [D] [thread 247229] Entry 34 added to table 'MyIngress.ipv4_lpm'
[06:04:53.240] [bmv2] [D] [thread 247229] Dumping entry 34
Match key:
* hdr.ipv4.dstAddr              : LPM       0a000714/32
* standard_metadata.ingress_port: EXACT     0001
Action entry: MyIngress.ipv4_forward - a000714,5,

[06:04:53.241] [bmv2] [T] [thread 247229] bm_table_add_entry
[06:04:53.241] [bmv2] [D] [thread 247229] Entry 35 added to table 'MyIngress.ipv4_lpm'
[06:04:53.241] [bmv2] [D] [thread 247229] Dumping entry 35
Match key:
* hdr.ipv4.dstAddr              : LPM       0a000715/32
* standard_metadata.ingress_port: EXACT     0001
Action entry: MyIngress.ipv4_forward - a000715,6,

[06:04:53.242] [bmv2] [T] [thread 247229] bm_table_add_entry
[06:04:53.242] [bmv2] [D] [thread 247229] Entry 36 added to table 'MyIngress.ipv4_lpm'
[06:04:53.242] [bmv2] [D] [thread 247229] Dumping entry 36
Match key:
* hdr.ipv4.dstAddr              : LPM       0a000816/32
* standard_metadata.ingress_port: EXACT     0001
Action entry: MyIngress.ipv4_forward - a000816,4,

[06:04:53.243] [bmv2] [T] [thread 247229] bm_table_add_entry
[06:04:53.243] [bmv2] [D] [thread 247229] Entry 37 added to table 'MyIngress.ipv4_lpm'
[06:04:53.243] [bmv2] [D] [thread 247229] Dumping entry 37
Match key:
* hdr.ipv4.dstAddr              : LPM       0a000817/32
* standard_metadata.ingress_port: EXACT     0001
Action entry: MyIngress.ipv4_forward - a000817,5,

[06:04:53.244] [bmv2] [T] [thread 247229] bm_table_add_entry
[06:04:53.244] [bmv2] [D] [thread 247229] Entry 38 added to table 'MyIngress.ipv4_lpm'
[06:04:53.244] [bmv2] [D] [thread 247229] Dumping entry 38
Match key:
* hdr.ipv4.dstAddr              : LPM       0a000818/32
* standard_metadata.ingress_port: EXACT     0001
Action entry: MyIngress.ipv4_forward - a000818,6,

[06:04:53.245] [bmv2] [T] [thread 247229] bm_table_add_entry
[06:04:53.245] [bmv2] [D] [thread 247229] Entry 39 added to table 'MyIngress.ipv4_lpm'
[06:04:53.245] [bmv2] [D] [thread 247229] Dumping entry 39
Match key:
* hdr.ipv4.dstAddr              : LPM       0a000919/32
* standard_metadata.ingress_port: EXACT     0001
Action entry: MyIngress.ipv4_forward - a000919,4,

[06:04:53.246] [bmv2] [T] [thread 247229] bm_table_add_entry
[06:04:53.246] [bmv2] [D] [thread 247229] Entry 40 added to table 'MyIngress.ipv4_lpm'
[06:04:53.246] [bmv2] [D] [thread 247229] Dumping entry 40
Match key:
* hdr.ipv4.dstAddr              : LPM       0a00091a/32
* standard_metadata.ingress_port: EXACT     0001
Action entry: MyIngress.ipv4_forward - a00091a,5,

[06:04:53.246] [bmv2] [T] [thread 247229] bm_table_add_entry
[06:04:53.247] [bmv2] [D] [thread 247229] Entry 41 added to table 'MyIngress.ipv4_lpm'
[06:04:53.247] [bmv2] [D] [thread 247229] Dumping entry 41
Match key:
* hdr.ipv4.dstAddr              : LPM       0a00091b/32
* standard_metadata.ingress_port: EXACT     0001
Action entry: MyIngress.ipv4_forward - a00091b,6,

[06:04:53.247] [bmv2] [T] [thread 247229] bm_table_add_entry
[06:04:53.247] [bmv2] [D] [thread 247229] Entry 42 added to table 'MyIngress.ipv4_lpm'
[06:04:53.247] [bmv2] [D] [thread 247229] Dumping entry 42
Match key:
* hdr.ipv4.dstAddr              : LPM       0a000a1c/32
* standard_metadata.ingress_port: EXACT     0001
Action entry: MyIngress.ipv4_forward - a000a1c,4,

[06:04:53.248] [bmv2] [T] [thread 247229] bm_table_add_entry
[06:04:53.248] [bmv2] [D] [thread 247229] Entry 43 added to table 'MyIngress.ipv4_lpm'
[06:04:53.248] [bmv2] [D] [thread 247229] Dumping entry 43
Match key:
* hdr.ipv4.dstAddr              : LPM       0a000a1d/32
* standard_metadata.ingress_port: EXACT     0001
Action entry: MyIngress.ipv4_forward - a000a1d,5,

[06:04:53.249] [bmv2] [T] [thread 247229] bm_table_add_entry
[06:04:53.249] [bmv2] [D] [thread 247229] Entry 44 added to table 'MyIngress.ipv4_lpm'
[06:04:53.249] [bmv2] [D] [thread 247229] Dumping entry 44
Match key:
* hdr.ipv4.dstAddr              : LPM       0a000a1e/32
* standard_metadata.ingress_port: EXACT     0001
Action entry: MyIngress.ipv4_forward - a000a1e,6,

[06:04:53.249] [bmv2] [T] [thread 247229] bm_table_add_entry
[06:04:53.250] [bmv2] [D] [thread 247229] Entry 45 added to table 'MyIngress.ipv4_lpm'
[06:04:53.250] [bmv2] [D] [thread 247229] Dumping entry 45
Match key:
* hdr.ipv4.dstAddr              : LPM       0a000b1f/32
* standard_metadata.ingress_port: EXACT     0001
Action entry: MyIngress.ipv4_forward - a000b1f,1,

[06:04:53.250] [bmv2] [T] [thread 247229] bm_table_add_entry
[06:04:53.250] [bmv2] [E] [thread 247229] Error when trying to add entry to table 'MyIngress.ipv4_lpm': DUPLICATE_ENTRY
[06:04:53.251] [bmv2] [T] [thread 247229] bm_table_add_entry
[06:04:53.251] [bmv2] [E] [thread 247229] Error when trying to add entry to table 'MyIngress.ipv4_lpm': DUPLICATE_ENTRY
[06:04:53.252] [bmv2] [T] [thread 247229] bm_table_add_entry
[06:04:53.252] [bmv2] [D] [thread 247229] Entry 46 added to table 'MyIngress.ipv4_lpm'
[06:04:53.252] [bmv2] [D] [thread 247229] Dumping entry 46
Match key:
* hdr.ipv4.dstAddr              : LPM       0a000c22/32
* standard_metadata.ingress_port: EXACT     0001
Action entry: MyIngress.ipv4_forward - a000c22,4,

[06:04:53.252] [bmv2] [T] [thread 247229] bm_table_add_entry
[06:04:53.253] [bmv2] [D] [thread 247229] Entry 47 added to table 'MyIngress.ipv4_lpm'
[06:04:53.253] [bmv2] [D] [thread 247229] Dumping entry 47
Match key:
* hdr.ipv4.dstAddr              : LPM       0a000c23/32
* standard_metadata.ingress_port: EXACT     0001
Action entry: MyIngress.ipv4_forward - a000c23,5,

[06:04:53.253] [bmv2] [T] [thread 247229] bm_table_add_entry
[06:04:53.254] [bmv2] [D] [thread 247229] Entry 48 added to table 'MyIngress.ipv4_lpm'
[06:04:53.254] [bmv2] [D] [thread 247229] Dumping entry 48
Match key:
* hdr.ipv4.dstAddr              : LPM       0a000c24/32
* standard_metadata.ingress_port: EXACT     0001
Action entry: MyIngress.ipv4_forward - a000c24,6,

[06:04:53.255] [bmv2] [T] [thread 247229] bm_table_add_entry
[06:04:53.255] [bmv2] [D] [thread 247229] Entry 49 added to table 'MyIngress.ipv4_lpm'
[06:04:53.255] [bmv2] [D] [thread 247229] Dumping entry 49
Match key:
* hdr.ipv4.dstAddr              : LPM       0a000d25/32
* standard_metadata.ingress_port: EXACT     0001
Action entry: MyIngress.ipv4_forward - a000d25,4,

[06:04:53.255] [bmv2] [T] [thread 247229] bm_table_add_entry
[06:04:53.255] [bmv2] [D] [thread 247229] Entry 50 added to table 'MyIngress.ipv4_lpm'
[06:04:53.256] [bmv2] [D] [thread 247229] Dumping entry 50
Match key:
* hdr.ipv4.dstAddr              : LPM       0a000d26/32
* standard_metadata.ingress_port: EXACT     0001
Action entry: MyIngress.ipv4_forward - a000d26,5,

[06:04:53.256] [bmv2] [T] [thread 247229] bm_table_add_entry
[06:04:53.256] [bmv2] [D] [thread 247229] Entry 51 added to table 'MyIngress.ipv4_lpm'
[06:04:53.256] [bmv2] [D] [thread 247229] Dumping entry 51
Match key:
* hdr.ipv4.dstAddr              : LPM       0a000d27/32
* standard_metadata.ingress_port: EXACT     0001
Action entry: MyIngress.ipv4_forward - a000d27,6,

[06:04:53.257] [bmv2] [T] [thread 247229] bm_table_add_entry
[06:04:53.257] [bmv2] [D] [thread 247229] Entry 52 added to table 'MyIngress.ipv4_lpm'
[06:04:53.257] [bmv2] [D] [thread 247229] Dumping entry 52
Match key:
* hdr.ipv4.dstAddr              : LPM       0a000e28/32
* standard_metadata.ingress_port: EXACT     0001
Action entry: MyIngress.ipv4_forward - a000e28,4,

[06:04:53.258] [bmv2] [T] [thread 247229] bm_table_add_entry
[06:04:53.258] [bmv2] [D] [thread 247229] Entry 53 added to table 'MyIngress.ipv4_lpm'
[06:04:53.258] [bmv2] [D] [thread 247229] Dumping entry 53
Match key:
* hdr.ipv4.dstAddr              : LPM       0a000e29/32
* standard_metadata.ingress_port: EXACT     0001
Action entry: MyIngress.ipv4_forward - a000e29,5,

[06:04:53.259] [bmv2] [T] [thread 247229] bm_table_add_entry
[06:04:53.259] [bmv2] [D] [thread 247229] Entry 54 added to table 'MyIngress.ipv4_lpm'
[06:04:53.259] [bmv2] [D] [thread 247229] Dumping entry 54
Match key:
* hdr.ipv4.dstAddr              : LPM       0a000e2a/32
* standard_metadata.ingress_port: EXACT     0001
Action entry: MyIngress.ipv4_forward - a000e2a,6,

[06:04:53.259] [bmv2] [T] [thread 247229] bm_table_add_entry
[06:04:53.260] [bmv2] [D] [thread 247229] Entry 55 added to table 'MyIngress.ipv4_lpm'
[06:04:53.260] [bmv2] [D] [thread 247229] Dumping entry 55
Match key:
* hdr.ipv4.dstAddr              : LPM       0a000f2b/32
* standard_metadata.ingress_port: EXACT     0001
Action entry: MyIngress.ipv4_forward - a000f2b,4,

[06:04:53.260] [bmv2] [T] [thread 247229] bm_table_add_entry
[06:04:53.260] [bmv2] [D] [thread 247229] Entry 56 added to table 'MyIngress.ipv4_lpm'
[06:04:53.260] [bmv2] [D] [thread 247229] Dumping entry 56
Match key:
* hdr.ipv4.dstAddr              : LPM       0a000f2c/32
* standard_metadata.ingress_port: EXACT     0001
Action entry: MyIngress.ipv4_forward - a000f2c,5,

[06:04:53.261] [bmv2] [T] [thread 247229] bm_table_add_entry
[06:04:53.261] [bmv2] [D] [thread 247229] Entry 57 added to table 'MyIngress.ipv4_lpm'
[06:04:53.261] [bmv2] [D] [thread 247229] Dumping entry 57
Match key:
* hdr.ipv4.dstAddr              : LPM       0a000f2d/32
* standard_metadata.ingress_port: EXACT     0001
Action entry: MyIngress.ipv4_forward - a000f2d,6,

[06:04:53.262] [bmv2] [T] [thread 247229] bm_table_add_entry
[06:04:53.262] [bmv2] [D] [thread 247229] Entry 58 added to table 'MyIngress.ipv4_lpm'
[06:04:53.262] [bmv2] [D] [thread 247229] Dumping entry 58
Match key:
* hdr.ipv4.dstAddr              : LPM       0a00102e/32
* standard_metadata.ingress_port: EXACT     0001
Action entry: MyIngress.ipv4_forward - a00102e,4,

[06:04:53.263] [bmv2] [T] [thread 247229] bm_table_add_entry
[06:04:53.263] [bmv2] [D] [thread 247229] Entry 59 added to table 'MyIngress.ipv4_lpm'
[06:04:53.263] [bmv2] [D] [thread 247229] Dumping entry 59
Match key:
* hdr.ipv4.dstAddr              : LPM       0a00102f/32
* standard_metadata.ingress_port: EXACT     0001
Action entry: MyIngress.ipv4_forward - a00102f,5,

[06:04:53.263] [bmv2] [T] [thread 247229] bm_table_add_entry
[06:04:53.264] [bmv2] [D] [thread 247229] Entry 60 added to table 'MyIngress.ipv4_lpm'
[06:04:53.264] [bmv2] [D] [thread 247229] Dumping entry 60
Match key:
* hdr.ipv4.dstAddr              : LPM       0a001030/32
* standard_metadata.ingress_port: EXACT     0001
Action entry: MyIngress.ipv4_forward - a001030,6,

[06:04:53.264] [bmv2] [T] [thread 247229] bm_table_add_entry
[06:04:53.264] [bmv2] [D] [thread 247229] Entry 61 added to table 'MyIngress.ipv4_lpm'
[06:04:53.264] [bmv2] [D] [thread 247229] Dumping entry 61
Match key:
* hdr.ipv4.dstAddr              : LPM       0a001131/32
* standard_metadata.ingress_port: EXACT     0001
Action entry: MyIngress.ipv4_forward - a001131,4,

[06:04:53.265] [bmv2] [T] [thread 247229] bm_table_add_entry
[06:04:53.265] [bmv2] [D] [thread 247229] Entry 62 added to table 'MyIngress.ipv4_lpm'
[06:04:53.265] [bmv2] [D] [thread 247229] Dumping entry 62
Match key:
* hdr.ipv4.dstAddr              : LPM       0a001132/32
* standard_metadata.ingress_port: EXACT     0001
Action entry: MyIngress.ipv4_forward - a001132,5,

[06:04:53.266] [bmv2] [T] [thread 247229] bm_table_add_entry
[06:04:53.266] [bmv2] [D] [thread 247229] Entry 63 added to table 'MyIngress.ipv4_lpm'
[06:04:53.266] [bmv2] [D] [thread 247229] Dumping entry 63
Match key:
* hdr.ipv4.dstAddr              : LPM       0a001133/32
* standard_metadata.ingress_port: EXACT     0001
Action entry: MyIngress.ipv4_forward - a001133,6,

[06:04:53.266] [bmv2] [T] [thread 247229] bm_table_add_entry
[06:04:53.267] [bmv2] [D] [thread 247229] Entry 64 added to table 'MyIngress.ipv4_lpm'
[06:04:53.267] [bmv2] [D] [thread 247229] Dumping entry 64
Match key:
* hdr.ipv4.dstAddr              : LPM       0a001234/32
* standard_metadata.ingress_port: EXACT     0001
Action entry: MyIngress.ipv4_forward - a001234,4,

[06:04:53.267] [bmv2] [T] [thread 247229] bm_table_add_entry
[06:04:53.267] [bmv2] [D] [thread 247229] Entry 65 added to table 'MyIngress.ipv4_lpm'
[06:04:53.268] [bmv2] [D] [thread 247229] Dumping entry 65
Match key:
* hdr.ipv4.dstAddr              : LPM       0a001235/32
* standard_metadata.ingress_port: EXACT     0001
Action entry: MyIngress.ipv4_forward - a001235,5,

[06:04:53.268] [bmv2] [T] [thread 247229] bm_table_add_entry
[06:04:53.268] [bmv2] [D] [thread 247229] Entry 66 added to table 'MyIngress.ipv4_lpm'
[06:04:53.268] [bmv2] [D] [thread 247229] Dumping entry 66
Match key:
* hdr.ipv4.dstAddr              : LPM       0a001236/32
* standard_metadata.ingress_port: EXACT     0001
Action entry: MyIngress.ipv4_forward - a001236,6,

[06:04:53.269] [bmv2] [T] [thread 247229] bm_table_add_entry
[06:04:53.269] [bmv2] [D] [thread 247229] Entry 67 added to table 'MyIngress.ipv4_lpm'
[06:04:53.269] [bmv2] [D] [thread 247229] Dumping entry 67
Match key:
* hdr.ipv4.dstAddr              : LPM       0a000101/32
* standard_metadata.ingress_port: EXACT     0002
Action entry: MyIngress.ipv4_forward - a000101,4,

[06:04:53.270] [bmv2] [T] [thread 247229] bm_table_add_entry
[06:04:53.270] [bmv2] [D] [thread 247229] Entry 68 added to table 'MyIngress.ipv4_lpm'
[06:04:53.270] [bmv2] [D] [thread 247229] Dumping entry 68
Match key:
* hdr.ipv4.dstAddr              : LPM       0a000102/32
* standard_metadata.ingress_port: EXACT     0002
Action entry: MyIngress.ipv4_forward - a000102,5,

[06:04:53.271] [bmv2] [T] [thread 247229] bm_table_add_entry
[06:04:53.271] [bmv2] [D] [thread 247229] Entry 69 added to table 'MyIngress.ipv4_lpm'
[06:04:53.271] [bmv2] [D] [thread 247229] Dumping entry 69
Match key:
* hdr.ipv4.dstAddr              : LPM       0a000103/32
* standard_metadata.ingress_port: EXACT     0002
Action entry: MyIngress.ipv4_forward - a000103,6,

[06:04:53.272] [bmv2] [T] [thread 247229] bm_table_add_entry
[06:04:53.272] [bmv2] [D] [thread 247229] Entry 70 added to table 'MyIngress.ipv4_lpm'
[06:04:53.272] [bmv2] [D] [thread 247229] Dumping entry 70
Match key:
* hdr.ipv4.dstAddr              : LPM       0a000204/32
* standard_metadata.ingress_port: EXACT     0002
Action entry: MyIngress.ipv4_forward - a000204,4,

[06:04:53.273] [bmv2] [T] [thread 247229] bm_table_add_entry
[06:04:53.273] [bmv2] [D] [thread 247229] Entry 71 added to table 'MyIngress.ipv4_lpm'
[06:04:53.273] [bmv2] [D] [thread 247229] Dumping entry 71
Match key:
* hdr.ipv4.dstAddr              : LPM       0a000205/32
* standard_metadata.ingress_port: EXACT     0002
Action entry: MyIngress.ipv4_forward - a000205,5,

[06:04:53.274] [bmv2] [T] [thread 247229] bm_table_add_entry
[06:04:53.274] [bmv2] [D] [thread 247229] Entry 72 added to table 'MyIngress.ipv4_lpm'
[06:04:53.274] [bmv2] [D] [thread 247229] Dumping entry 72
Match key:
* hdr.ipv4.dstAddr              : LPM       0a000206/32
* standard_metadata.ingress_port: EXACT     0002
Action entry: MyIngress.ipv4_forward - a000206,6,

[06:04:53.275] [bmv2] [T] [thread 247229] bm_table_add_entry
[06:04:53.275] [bmv2] [D] [thread 247229] Entry 73 added to table 'MyIngress.ipv4_lpm'
[06:04:53.275] [bmv2] [D] [thread 247229] Dumping entry 73
Match key:
* hdr.ipv4.dstAddr              : LPM       0a000307/32
* standard_metadata.ingress_port: EXACT     0002
Action entry: MyIngress.ipv4_forward - a000307,4,

[06:04:53.276] [bmv2] [T] [thread 247229] bm_table_add_entry
[06:04:53.276] [bmv2] [D] [thread 247229] Entry 74 added to table 'MyIngress.ipv4_lpm'
[06:04:53.276] [bmv2] [D] [thread 247229] Dumping entry 74
Match key:
* hdr.ipv4.dstAddr              : LPM       0a000308/32
* standard_metadata.ingress_port: EXACT     0002
Action entry: MyIngress.ipv4_forward - a000308,5,

[06:04:53.277] [bmv2] [T] [thread 247229] bm_table_add_entry
[06:04:53.277] [bmv2] [D] [thread 247229] Entry 75 added to table 'MyIngress.ipv4_lpm'
[06:04:53.277] [bmv2] [D] [thread 247229] Dumping entry 75
Match key:
* hdr.ipv4.dstAddr              : LPM       0a000309/32
* standard_metadata.ingress_port: EXACT     0002
Action entry: MyIngress.ipv4_forward - a000309,6,

[06:04:53.277] [bmv2] [T] [thread 247229] bm_table_add_entry
[06:04:53.277] [bmv2] [D] [thread 247229] Entry 76 added to table 'MyIngress.ipv4_lpm'
[06:04:53.278] [bmv2] [D] [thread 247229] Dumping entry 76
Match key:
* hdr.ipv4.dstAddr              : LPM       0a00040a/32
* standard_metadata.ingress_port: EXACT     0002
Action entry: MyIngress.ipv4_forward - a00040a,4,

[06:04:53.278] [bmv2] [T] [thread 247229] bm_table_add_entry
[06:04:53.279] [bmv2] [D] [thread 247229] Entry 77 added to table 'MyIngress.ipv4_lpm'
[06:04:53.279] [bmv2] [D] [thread 247229] Dumping entry 77
Match key:
* hdr.ipv4.dstAddr              : LPM       0a00040b/32
* standard_metadata.ingress_port: EXACT     0002
Action entry: MyIngress.ipv4_forward - a00040b,5,

[06:04:53.279] [bmv2] [T] [thread 247229] bm_table_add_entry
[06:04:53.279] [bmv2] [D] [thread 247229] Entry 78 added to table 'MyIngress.ipv4_lpm'
[06:04:53.280] [bmv2] [D] [thread 247229] Dumping entry 78
Match key:
* hdr.ipv4.dstAddr              : LPM       0a00040c/32
* standard_metadata.ingress_port: EXACT     0002
Action entry: MyIngress.ipv4_forward - a00040c,6,

[06:04:53.280] [bmv2] [T] [thread 247229] bm_table_add_entry
[06:04:53.280] [bmv2] [D] [thread 247229] Entry 79 added to table 'MyIngress.ipv4_lpm'
[06:04:53.280] [bmv2] [D] [thread 247229] Dumping entry 79
Match key:
* hdr.ipv4.dstAddr              : LPM       0a00050d/32
* standard_metadata.ingress_port: EXACT     0002
Action entry: MyIngress.ipv4_forward - a00050d,4,

[06:04:53.281] [bmv2] [T] [thread 247229] bm_table_add_entry
[06:04:53.281] [bmv2] [D] [thread 247229] Entry 80 added to table 'MyIngress.ipv4_lpm'
[06:04:53.281] [bmv2] [D] [thread 247229] Dumping entry 80
Match key:
* hdr.ipv4.dstAddr              : LPM       0a00050e/32
* standard_metadata.ingress_port: EXACT     0002
Action entry: MyIngress.ipv4_forward - a00050e,5,

[06:04:53.282] [bmv2] [T] [thread 247229] bm_table_add_entry
[06:04:53.282] [bmv2] [D] [thread 247229] Entry 81 added to table 'MyIngress.ipv4_lpm'
[06:04:53.282] [bmv2] [D] [thread 247229] Dumping entry 81
Match key:
* hdr.ipv4.dstAddr              : LPM       0a00050f/32
* standard_metadata.ingress_port: EXACT     0002
Action entry: MyIngress.ipv4_forward - a00050f,6,

[06:04:53.282] [bmv2] [T] [thread 247229] bm_table_add_entry
[06:04:53.283] [bmv2] [D] [thread 247229] Entry 82 added to table 'MyIngress.ipv4_lpm'
[06:04:53.283] [bmv2] [D] [thread 247229] Dumping entry 82
Match key:
* hdr.ipv4.dstAddr              : LPM       0a000610/32
* standard_metadata.ingress_port: EXACT     0002
Action entry: MyIngress.ipv4_forward - a000610,4,

[06:04:53.283] [bmv2] [T] [thread 247229] bm_table_add_entry
[06:04:53.283] [bmv2] [D] [thread 247229] Entry 83 added to table 'MyIngress.ipv4_lpm'
[06:04:53.284] [bmv2] [D] [thread 247229] Dumping entry 83
Match key:
* hdr.ipv4.dstAddr              : LPM       0a000611/32
* standard_metadata.ingress_port: EXACT     0002
Action entry: MyIngress.ipv4_forward - a000611,5,

[06:04:53.284] [bmv2] [T] [thread 247229] bm_table_add_entry
[06:04:53.284] [bmv2] [D] [thread 247229] Entry 84 added to table 'MyIngress.ipv4_lpm'
[06:04:53.284] [bmv2] [D] [thread 247229] Dumping entry 84
Match key:
* hdr.ipv4.dstAddr              : LPM       0a000612/32
* standard_metadata.ingress_port: EXACT     0002
Action entry: MyIngress.ipv4_forward - a000612,6,

[06:04:53.285] [bmv2] [T] [thread 247229] bm_table_add_entry
[06:04:53.285] [bmv2] [D] [thread 247229] Entry 85 added to table 'MyIngress.ipv4_lpm'
[06:04:53.285] [bmv2] [D] [thread 247229] Dumping entry 85
Match key:
* hdr.ipv4.dstAddr              : LPM       0a000713/32
* standard_metadata.ingress_port: EXACT     0002
Action entry: MyIngress.ipv4_forward - a000713,4,

[06:04:53.285] [bmv2] [T] [thread 247229] bm_table_add_entry
[06:04:53.286] [bmv2] [D] [thread 247229] Entry 86 added to table 'MyIngress.ipv4_lpm'
[06:04:53.286] [bmv2] [D] [thread 247229] Dumping entry 86
Match key:
* hdr.ipv4.dstAddr              : LPM       0a000714/32
* standard_metadata.ingress_port: EXACT     0002
Action entry: MyIngress.ipv4_forward - a000714,5,

[06:04:53.286] [bmv2] [T] [thread 247229] bm_table_add_entry
[06:04:53.286] [bmv2] [D] [thread 247229] Entry 87 added to table 'MyIngress.ipv4_lpm'
[06:04:53.286] [bmv2] [D] [thread 247229] Dumping entry 87
Match key:
* hdr.ipv4.dstAddr              : LPM       0a000715/32
* standard_metadata.ingress_port: EXACT     0002
Action entry: MyIngress.ipv4_forward - a000715,6,

[06:04:53.287] [bmv2] [T] [thread 247229] bm_table_add_entry
[06:04:53.287] [bmv2] [D] [thread 247229] Entry 88 added to table 'MyIngress.ipv4_lpm'
[06:04:53.287] [bmv2] [D] [thread 247229] Dumping entry 88
Match key:
* hdr.ipv4.dstAddr              : LPM       0a000816/32
* standard_metadata.ingress_port: EXACT     0002
Action entry: MyIngress.ipv4_forward - a000816,4,

[06:04:53.288] [bmv2] [T] [thread 247229] bm_table_add_entry
[06:04:53.288] [bmv2] [D] [thread 247229] Entry 89 added to table 'MyIngress.ipv4_lpm'
[06:04:53.288] [bmv2] [D] [thread 247229] Dumping entry 89
Match key:
* hdr.ipv4.dstAddr              : LPM       0a000817/32
* standard_metadata.ingress_port: EXACT     0002
Action entry: MyIngress.ipv4_forward - a000817,5,

[06:04:53.288] [bmv2] [T] [thread 247229] bm_table_add_entry
[06:04:53.288] [bmv2] [D] [thread 247229] Entry 90 added to table 'MyIngress.ipv4_lpm'
[06:04:53.289] [bmv2] [D] [thread 247229] Dumping entry 90
Match key:
* hdr.ipv4.dstAddr              : LPM       0a000818/32
* standard_metadata.ingress_port: EXACT     0002
Action entry: MyIngress.ipv4_forward - a000818,6,

[06:04:53.289] [bmv2] [T] [thread 247229] bm_table_add_entry
[06:04:53.289] [bmv2] [D] [thread 247229] Entry 91 added to table 'MyIngress.ipv4_lpm'
[06:04:53.289] [bmv2] [D] [thread 247229] Dumping entry 91
Match key:
* hdr.ipv4.dstAddr              : LPM       0a000919/32
* standard_metadata.ingress_port: EXACT     0002
Action entry: MyIngress.ipv4_forward - a000919,4,

[06:04:53.290] [bmv2] [T] [thread 247229] bm_table_add_entry
[06:04:53.290] [bmv2] [D] [thread 247229] Entry 92 added to table 'MyIngress.ipv4_lpm'
[06:04:53.290] [bmv2] [D] [thread 247229] Dumping entry 92
Match key:
* hdr.ipv4.dstAddr              : LPM       0a00091a/32
* standard_metadata.ingress_port: EXACT     0002
Action entry: MyIngress.ipv4_forward - a00091a,5,

[06:04:53.291] [bmv2] [T] [thread 247229] bm_table_add_entry
[06:04:53.291] [bmv2] [D] [thread 247229] Entry 93 added to table 'MyIngress.ipv4_lpm'
[06:04:53.291] [bmv2] [D] [thread 247229] Dumping entry 93
Match key:
* hdr.ipv4.dstAddr              : LPM       0a00091b/32
* standard_metadata.ingress_port: EXACT     0002
Action entry: MyIngress.ipv4_forward - a00091b,6,

[06:04:53.291] [bmv2] [T] [thread 247229] bm_table_add_entry
[06:04:53.291] [bmv2] [D] [thread 247229] Entry 94 added to table 'MyIngress.ipv4_lpm'
[06:04:53.291] [bmv2] [D] [thread 247229] Dumping entry 94
Match key:
* hdr.ipv4.dstAddr              : LPM       0a000a1c/32
* standard_metadata.ingress_port: EXACT     0002
Action entry: MyIngress.ipv4_forward - a000a1c,4,

[06:04:53.292] [bmv2] [T] [thread 247229] bm_table_add_entry
[06:04:53.292] [bmv2] [D] [thread 247229] Entry 95 added to table 'MyIngress.ipv4_lpm'
[06:04:53.292] [bmv2] [D] [thread 247229] Dumping entry 95
Match key:
* hdr.ipv4.dstAddr              : LPM       0a000a1d/32
* standard_metadata.ingress_port: EXACT     0002
Action entry: MyIngress.ipv4_forward - a000a1d,5,

[06:04:53.293] [bmv2] [T] [thread 247229] bm_table_add_entry
[06:04:53.293] [bmv2] [D] [thread 247229] Entry 96 added to table 'MyIngress.ipv4_lpm'
[06:04:53.293] [bmv2] [D] [thread 247229] Dumping entry 96
Match key:
* hdr.ipv4.dstAddr              : LPM       0a000a1e/32
* standard_metadata.ingress_port: EXACT     0002
Action entry: MyIngress.ipv4_forward - a000a1e,6,

[06:04:53.293] [bmv2] [T] [thread 247229] bm_table_add_entry
[06:04:53.294] [bmv2] [E] [thread 247229] Error when trying to add entry to table 'MyIngress.ipv4_lpm': DUPLICATE_ENTRY
[06:04:53.294] [bmv2] [T] [thread 247229] bm_table_add_entry
[06:04:53.294] [bmv2] [D] [thread 247229] Entry 97 added to table 'MyIngress.ipv4_lpm'
[06:04:53.294] [bmv2] [D] [thread 247229] Dumping entry 97
Match key:
* hdr.ipv4.dstAddr              : LPM       0a000b20/32
* standard_metadata.ingress_port: EXACT     0002
Action entry: MyIngress.ipv4_forward - a000b20,2,

[06:04:53.295] [bmv2] [T] [thread 247229] bm_table_add_entry
[06:04:53.295] [bmv2] [E] [thread 247229] Error when trying to add entry to table 'MyIngress.ipv4_lpm': DUPLICATE_ENTRY
[06:04:53.296] [bmv2] [T] [thread 247229] bm_table_add_entry
[06:04:53.296] [bmv2] [D] [thread 247229] Entry 98 added to table 'MyIngress.ipv4_lpm'
[06:04:53.296] [bmv2] [D] [thread 247229] Dumping entry 98
Match key:
* hdr.ipv4.dstAddr              : LPM       0a000c22/32
* standard_metadata.ingress_port: EXACT     0002
Action entry: MyIngress.ipv4_forward - a000c22,4,

[06:04:53.296] [bmv2] [T] [thread 247229] bm_table_add_entry
[06:04:53.297] [bmv2] [D] [thread 247229] Entry 99 added to table 'MyIngress.ipv4_lpm'
[06:04:53.297] [bmv2] [D] [thread 247229] Dumping entry 99
Match key:
* hdr.ipv4.dstAddr              : LPM       0a000c23/32
* standard_metadata.ingress_port: EXACT     0002
Action entry: MyIngress.ipv4_forward - a000c23,5,

[06:04:53.297] [bmv2] [T] [thread 247229] bm_table_add_entry
[06:04:53.297] [bmv2] [D] [thread 247229] Entry 100 added to table 'MyIngress.ipv4_lpm'
[06:04:53.297] [bmv2] [D] [thread 247229] Dumping entry 100
Match key:
* hdr.ipv4.dstAddr              : LPM       0a000c24/32
* standard_metadata.ingress_port: EXACT     0002
Action entry: MyIngress.ipv4_forward - a000c24,6,

[06:04:53.298] [bmv2] [T] [thread 247229] bm_table_add_entry
[06:04:53.298] [bmv2] [D] [thread 247229] Entry 101 added to table 'MyIngress.ipv4_lpm'
[06:04:53.298] [bmv2] [D] [thread 247229] Dumping entry 101
Match key:
* hdr.ipv4.dstAddr              : LPM       0a000d25/32
* standard_metadata.ingress_port: EXACT     0002
Action entry: MyIngress.ipv4_forward - a000d25,4,

[06:04:53.299] [bmv2] [T] [thread 247229] bm_table_add_entry
[06:04:53.299] [bmv2] [D] [thread 247229] Entry 102 added to table 'MyIngress.ipv4_lpm'
[06:04:53.299] [bmv2] [D] [thread 247229] Dumping entry 102
Match key:
* hdr.ipv4.dstAddr              : LPM       0a000d26/32
* standard_metadata.ingress_port: EXACT     0002
Action entry: MyIngress.ipv4_forward - a000d26,5,

[06:04:53.299] [bmv2] [T] [thread 247229] bm_table_add_entry
[06:04:53.300] [bmv2] [D] [thread 247229] Entry 103 added to table 'MyIngress.ipv4_lpm'
[06:04:53.300] [bmv2] [D] [thread 247229] Dumping entry 103
Match key:
* hdr.ipv4.dstAddr              : LPM       0a000d27/32
* standard_metadata.ingress_port: EXACT     0002
Action entry: MyIngress.ipv4_forward - a000d27,6,

[06:04:53.300] [bmv2] [T] [thread 247229] bm_table_add_entry
[06:04:53.301] [bmv2] [D] [thread 247229] Entry 104 added to table 'MyIngress.ipv4_lpm'
[06:04:53.301] [bmv2] [D] [thread 247229] Dumping entry 104
Match key:
* hdr.ipv4.dstAddr              : LPM       0a000e28/32
* standard_metadata.ingress_port: EXACT     0002
Action entry: MyIngress.ipv4_forward - a000e28,4,

[06:04:53.301] [bmv2] [T] [thread 247229] bm_table_add_entry
[06:04:53.301] [bmv2] [D] [thread 247229] Entry 105 added to table 'MyIngress.ipv4_lpm'
[06:04:53.301] [bmv2] [D] [thread 247229] Dumping entry 105
Match key:
* hdr.ipv4.dstAddr              : LPM       0a000e29/32
* standard_metadata.ingress_port: EXACT     0002
Action entry: MyIngress.ipv4_forward - a000e29,5,

[06:04:53.302] [bmv2] [T] [thread 247229] bm_table_add_entry
[06:04:53.302] [bmv2] [D] [thread 247229] Entry 106 added to table 'MyIngress.ipv4_lpm'
[06:04:53.302] [bmv2] [D] [thread 247229] Dumping entry 106
Match key:
* hdr.ipv4.dstAddr              : LPM       0a000e2a/32
* standard_metadata.ingress_port: EXACT     0002
Action entry: MyIngress.ipv4_forward - a000e2a,6,

[06:04:53.302] [bmv2] [T] [thread 247229] bm_table_add_entry
[06:04:53.303] [bmv2] [D] [thread 247229] Entry 107 added to table 'MyIngress.ipv4_lpm'
[06:04:53.303] [bmv2] [D] [thread 247229] Dumping entry 107
Match key:
* hdr.ipv4.dstAddr              : LPM       0a000f2b/32
* standard_metadata.ingress_port: EXACT     0002
Action entry: MyIngress.ipv4_forward - a000f2b,4,

[06:04:53.303] [bmv2] [T] [thread 247229] bm_table_add_entry
[06:04:53.303] [bmv2] [D] [thread 247229] Entry 108 added to table 'MyIngress.ipv4_lpm'
[06:04:53.303] [bmv2] [D] [thread 247229] Dumping entry 108
Match key:
* hdr.ipv4.dstAddr              : LPM       0a000f2c/32
* standard_metadata.ingress_port: EXACT     0002
Action entry: MyIngress.ipv4_forward - a000f2c,5,

[06:04:53.304] [bmv2] [T] [thread 247229] bm_table_add_entry
[06:04:53.304] [bmv2] [D] [thread 247229] Entry 109 added to table 'MyIngress.ipv4_lpm'
[06:04:53.304] [bmv2] [D] [thread 247229] Dumping entry 109
Match key:
* hdr.ipv4.dstAddr              : LPM       0a000f2d/32
* standard_metadata.ingress_port: EXACT     0002
Action entry: MyIngress.ipv4_forward - a000f2d,6,

[06:04:53.305] [bmv2] [T] [thread 247229] bm_table_add_entry
[06:04:53.305] [bmv2] [D] [thread 247229] Entry 110 added to table 'MyIngress.ipv4_lpm'
[06:04:53.305] [bmv2] [D] [thread 247229] Dumping entry 110
Match key:
* hdr.ipv4.dstAddr              : LPM       0a00102e/32
* standard_metadata.ingress_port: EXACT     0002
Action entry: MyIngress.ipv4_forward - a00102e,4,

[06:04:53.306] [bmv2] [T] [thread 247229] bm_table_add_entry
[06:04:53.306] [bmv2] [D] [thread 247229] Entry 111 added to table 'MyIngress.ipv4_lpm'
[06:04:53.306] [bmv2] [D] [thread 247229] Dumping entry 111
Match key:
* hdr.ipv4.dstAddr              : LPM       0a00102f/32
* standard_metadata.ingress_port: EXACT     0002
Action entry: MyIngress.ipv4_forward - a00102f,5,

[06:04:53.306] [bmv2] [T] [thread 247229] bm_table_add_entry
[06:04:53.306] [bmv2] [D] [thread 247229] Entry 112 added to table 'MyIngress.ipv4_lpm'
[06:04:53.306] [bmv2] [D] [thread 247229] Dumping entry 112
Match key:
* hdr.ipv4.dstAddr              : LPM       0a001030/32
* standard_metadata.ingress_port: EXACT     0002
Action entry: MyIngress.ipv4_forward - a001030,6,

[06:04:53.307] [bmv2] [T] [thread 247229] bm_table_add_entry
[06:04:53.307] [bmv2] [D] [thread 247229] Entry 113 added to table 'MyIngress.ipv4_lpm'
[06:04:53.307] [bmv2] [D] [thread 247229] Dumping entry 113
Match key:
* hdr.ipv4.dstAddr              : LPM       0a001131/32
* standard_metadata.ingress_port: EXACT     0002
Action entry: MyIngress.ipv4_forward - a001131,4,

[06:04:53.308] [bmv2] [T] [thread 247229] bm_table_add_entry
[06:04:53.308] [bmv2] [D] [thread 247229] Entry 114 added to table 'MyIngress.ipv4_lpm'
[06:04:53.308] [bmv2] [D] [thread 247229] Dumping entry 114
Match key:
* hdr.ipv4.dstAddr              : LPM       0a001132/32
* standard_metadata.ingress_port: EXACT     0002
Action entry: MyIngress.ipv4_forward - a001132,5,

[06:04:53.308] [bmv2] [T] [thread 247229] bm_table_add_entry
[06:04:53.308] [bmv2] [D] [thread 247229] Entry 115 added to table 'MyIngress.ipv4_lpm'
[06:04:53.309] [bmv2] [D] [thread 247229] Dumping entry 115
Match key:
* hdr.ipv4.dstAddr              : LPM       0a001133/32
* standard_metadata.ingress_port: EXACT     0002
Action entry: MyIngress.ipv4_forward - a001133,6,

[06:04:53.309] [bmv2] [T] [thread 247229] bm_table_add_entry
[06:04:53.309] [bmv2] [D] [thread 247229] Entry 116 added to table 'MyIngress.ipv4_lpm'
[06:04:53.309] [bmv2] [D] [thread 247229] Dumping entry 116
Match key:
* hdr.ipv4.dstAddr              : LPM       0a001234/32
* standard_metadata.ingress_port: EXACT     0002
Action entry: MyIngress.ipv4_forward - a001234,4,

[06:04:53.310] [bmv2] [T] [thread 247229] bm_table_add_entry
[06:04:53.310] [bmv2] [D] [thread 247229] Entry 117 added to table 'MyIngress.ipv4_lpm'
[06:04:53.310] [bmv2] [D] [thread 247229] Dumping entry 117
Match key:
* hdr.ipv4.dstAddr              : LPM       0a001235/32
* standard_metadata.ingress_port: EXACT     0002
Action entry: MyIngress.ipv4_forward - a001235,5,

[06:04:53.311] [bmv2] [T] [thread 247229] bm_table_add_entry
[06:04:53.311] [bmv2] [D] [thread 247229] Entry 118 added to table 'MyIngress.ipv4_lpm'
[06:04:53.311] [bmv2] [D] [thread 247229] Dumping entry 118
Match key:
* hdr.ipv4.dstAddr              : LPM       0a001236/32
* standard_metadata.ingress_port: EXACT     0002
Action entry: MyIngress.ipv4_forward - a001236,6,

[06:04:53.311] [bmv2] [T] [thread 247229] bm_table_add_entry
[06:04:53.312] [bmv2] [D] [thread 247229] Entry 119 added to table 'MyIngress.ipv4_lpm'
[06:04:53.312] [bmv2] [D] [thread 247229] Dumping entry 119
Match key:
* hdr.ipv4.dstAddr              : LPM       0a000101/32
* standard_metadata.ingress_port: EXACT     0003
Action entry: MyIngress.ipv4_forward - a000101,4,

[06:04:53.312] [bmv2] [T] [thread 247229] bm_table_add_entry
[06:04:53.312] [bmv2] [D] [thread 247229] Entry 120 added to table 'MyIngress.ipv4_lpm'
[06:04:53.312] [bmv2] [D] [thread 247229] Dumping entry 120
Match key:
* hdr.ipv4.dstAddr              : LPM       0a000102/32
* standard_metadata.ingress_port: EXACT     0003
Action entry: MyIngress.ipv4_forward - a000102,5,

[06:04:53.313] [bmv2] [T] [thread 247229] bm_table_add_entry
[06:04:53.313] [bmv2] [D] [thread 247229] Entry 121 added to table 'MyIngress.ipv4_lpm'
[06:04:53.313] [bmv2] [D] [thread 247229] Dumping entry 121
Match key:
* hdr.ipv4.dstAddr              : LPM       0a000103/32
* standard_metadata.ingress_port: EXACT     0003
Action entry: MyIngress.ipv4_forward - a000103,6,

[06:04:53.314] [bmv2] [T] [thread 247229] bm_table_add_entry
[06:04:53.314] [bmv2] [D] [thread 247229] Entry 122 added to table 'MyIngress.ipv4_lpm'
[06:04:53.314] [bmv2] [D] [thread 247229] Dumping entry 122
Match key:
* hdr.ipv4.dstAddr              : LPM       0a000204/32
* standard_metadata.ingress_port: EXACT     0003
Action entry: MyIngress.ipv4_forward - a000204,4,

[06:04:53.314] [bmv2] [T] [thread 247229] bm_table_add_entry
[06:04:53.314] [bmv2] [D] [thread 247229] Entry 123 added to table 'MyIngress.ipv4_lpm'
[06:04:53.315] [bmv2] [D] [thread 247229] Dumping entry 123
Match key:
* hdr.ipv4.dstAddr              : LPM       0a000205/32
* standard_metadata.ingress_port: EXACT     0003
Action entry: MyIngress.ipv4_forward - a000205,5,

[06:04:53.315] [bmv2] [T] [thread 247229] bm_table_add_entry
[06:04:53.315] [bmv2] [D] [thread 247229] Entry 124 added to table 'MyIngress.ipv4_lpm'
[06:04:53.315] [bmv2] [D] [thread 247229] Dumping entry 124
Match key:
* hdr.ipv4.dstAddr              : LPM       0a000206/32
* standard_metadata.ingress_port: EXACT     0003
Action entry: MyIngress.ipv4_forward - a000206,6,

[06:04:53.316] [bmv2] [T] [thread 247229] bm_table_add_entry
[06:04:53.316] [bmv2] [D] [thread 247229] Entry 125 added to table 'MyIngress.ipv4_lpm'
[06:04:53.316] [bmv2] [D] [thread 247229] Dumping entry 125
Match key:
* hdr.ipv4.dstAddr              : LPM       0a000307/32
* standard_metadata.ingress_port: EXACT     0003
Action entry: MyIngress.ipv4_forward - a000307,4,

[06:04:53.317] [bmv2] [T] [thread 247229] bm_table_add_entry
[06:04:53.317] [bmv2] [D] [thread 247229] Entry 126 added to table 'MyIngress.ipv4_lpm'
[06:04:53.317] [bmv2] [D] [thread 247229] Dumping entry 126
Match key:
* hdr.ipv4.dstAddr              : LPM       0a000308/32
* standard_metadata.ingress_port: EXACT     0003
Action entry: MyIngress.ipv4_forward - a000308,5,

[06:04:53.317] [bmv2] [T] [thread 247229] bm_table_add_entry
[06:04:53.318] [bmv2] [D] [thread 247229] Entry 127 added to table 'MyIngress.ipv4_lpm'
[06:04:53.318] [bmv2] [D] [thread 247229] Dumping entry 127
Match key:
* hdr.ipv4.dstAddr              : LPM       0a000309/32
* standard_metadata.ingress_port: EXACT     0003
Action entry: MyIngress.ipv4_forward - a000309,6,

[06:04:53.318] [bmv2] [T] [thread 247229] bm_table_add_entry
[06:04:53.318] [bmv2] [D] [thread 247229] Entry 128 added to table 'MyIngress.ipv4_lpm'
[06:04:53.318] [bmv2] [D] [thread 247229] Dumping entry 128
Match key:
* hdr.ipv4.dstAddr              : LPM       0a00040a/32
* standard_metadata.ingress_port: EXACT     0003
Action entry: MyIngress.ipv4_forward - a00040a,4,

[06:04:53.319] [bmv2] [T] [thread 247229] bm_table_add_entry
[06:04:53.319] [bmv2] [D] [thread 247229] Entry 129 added to table 'MyIngress.ipv4_lpm'
[06:04:53.319] [bmv2] [D] [thread 247229] Dumping entry 129
Match key:
* hdr.ipv4.dstAddr              : LPM       0a00040b/32
* standard_metadata.ingress_port: EXACT     0003
Action entry: MyIngress.ipv4_forward - a00040b,5,

[06:04:53.320] [bmv2] [T] [thread 247229] bm_table_add_entry
[06:04:53.320] [bmv2] [D] [thread 247229] Entry 130 added to table 'MyIngress.ipv4_lpm'
[06:04:53.320] [bmv2] [D] [thread 247229] Dumping entry 130
Match key:
* hdr.ipv4.dstAddr              : LPM       0a00040c/32
* standard_metadata.ingress_port: EXACT     0003
Action entry: MyIngress.ipv4_forward - a00040c,6,

[06:04:53.320] [bmv2] [T] [thread 247229] bm_table_add_entry
[06:04:53.321] [bmv2] [D] [thread 247229] Entry 131 added to table 'MyIngress.ipv4_lpm'
[06:04:53.321] [bmv2] [D] [thread 247229] Dumping entry 131
Match key:
* hdr.ipv4.dstAddr              : LPM       0a00050d/32
* standard_metadata.ingress_port: EXACT     0003
Action entry: MyIngress.ipv4_forward - a00050d,4,

[06:04:53.321] [bmv2] [T] [thread 247229] bm_table_add_entry
[06:04:53.321] [bmv2] [D] [thread 247229] Entry 132 added to table 'MyIngress.ipv4_lpm'
[06:04:53.321] [bmv2] [D] [thread 247229] Dumping entry 132
Match key:
* hdr.ipv4.dstAddr              : LPM       0a00050e/32
* standard_metadata.ingress_port: EXACT     0003
Action entry: MyIngress.ipv4_forward - a00050e,5,

[06:04:53.322] [bmv2] [T] [thread 247229] bm_table_add_entry
[06:04:53.322] [bmv2] [D] [thread 247229] Entry 133 added to table 'MyIngress.ipv4_lpm'
[06:04:53.322] [bmv2] [D] [thread 247229] Dumping entry 133
Match key:
* hdr.ipv4.dstAddr              : LPM       0a00050f/32
* standard_metadata.ingress_port: EXACT     0003
Action entry: MyIngress.ipv4_forward - a00050f,6,

[06:04:53.323] [bmv2] [T] [thread 247229] bm_table_add_entry
[06:04:53.323] [bmv2] [D] [thread 247229] Entry 134 added to table 'MyIngress.ipv4_lpm'
[06:04:53.323] [bmv2] [D] [thread 247229] Dumping entry 134
Match key:
* hdr.ipv4.dstAddr              : LPM       0a000610/32
* standard_metadata.ingress_port: EXACT     0003
Action entry: MyIngress.ipv4_forward - a000610,4,

[06:04:53.323] [bmv2] [T] [thread 247229] bm_table_add_entry
[06:04:53.323] [bmv2] [D] [thread 247229] Entry 135 added to table 'MyIngress.ipv4_lpm'
[06:04:53.323] [bmv2] [D] [thread 247229] Dumping entry 135
Match key:
* hdr.ipv4.dstAddr              : LPM       0a000611/32
* standard_metadata.ingress_port: EXACT     0003
Action entry: MyIngress.ipv4_forward - a000611,5,

[06:04:53.324] [bmv2] [T] [thread 247229] bm_table_add_entry
[06:04:53.324] [bmv2] [D] [thread 247229] Entry 136 added to table 'MyIngress.ipv4_lpm'
[06:04:53.324] [bmv2] [D] [thread 247229] Dumping entry 136
Match key:
* hdr.ipv4.dstAddr              : LPM       0a000612/32
* standard_metadata.ingress_port: EXACT     0003
Action entry: MyIngress.ipv4_forward - a000612,6,

[06:04:53.325] [bmv2] [T] [thread 247229] bm_table_add_entry
[06:04:53.325] [bmv2] [D] [thread 247229] Entry 137 added to table 'MyIngress.ipv4_lpm'
[06:04:53.325] [bmv2] [D] [thread 247229] Dumping entry 137
Match key:
* hdr.ipv4.dstAddr              : LPM       0a000713/32
* standard_metadata.ingress_port: EXACT     0003
Action entry: MyIngress.ipv4_forward - a000713,4,

[06:04:53.326] [bmv2] [T] [thread 247229] bm_table_add_entry
[06:04:53.326] [bmv2] [D] [thread 247229] Entry 138 added to table 'MyIngress.ipv4_lpm'
[06:04:53.326] [bmv2] [D] [thread 247229] Dumping entry 138
Match key:
* hdr.ipv4.dstAddr              : LPM       0a000714/32
* standard_metadata.ingress_port: EXACT     0003
Action entry: MyIngress.ipv4_forward - a000714,5,

[06:04:53.326] [bmv2] [T] [thread 247229] bm_table_add_entry
[06:04:53.327] [bmv2] [D] [thread 247229] Entry 139 added to table 'MyIngress.ipv4_lpm'
[06:04:53.327] [bmv2] [D] [thread 247229] Dumping entry 139
Match key:
* hdr.ipv4.dstAddr              : LPM       0a000715/32
* standard_metadata.ingress_port: EXACT     0003
Action entry: MyIngress.ipv4_forward - a000715,6,

[06:04:53.327] [bmv2] [T] [thread 247229] bm_table_add_entry
[06:04:53.327] [bmv2] [D] [thread 247229] Entry 140 added to table 'MyIngress.ipv4_lpm'
[06:04:53.327] [bmv2] [D] [thread 247229] Dumping entry 140
Match key:
* hdr.ipv4.dstAddr              : LPM       0a000816/32
* standard_metadata.ingress_port: EXACT     0003
Action entry: MyIngress.ipv4_forward - a000816,4,

[06:04:53.328] [bmv2] [T] [thread 247229] bm_table_add_entry
[06:04:53.328] [bmv2] [D] [thread 247229] Entry 141 added to table 'MyIngress.ipv4_lpm'
[06:04:53.328] [bmv2] [D] [thread 247229] Dumping entry 141
Match key:
* hdr.ipv4.dstAddr              : LPM       0a000817/32
* standard_metadata.ingress_port: EXACT     0003
Action entry: MyIngress.ipv4_forward - a000817,5,

[06:04:53.329] [bmv2] [T] [thread 247229] bm_table_add_entry
[06:04:53.329] [bmv2] [D] [thread 247229] Entry 142 added to table 'MyIngress.ipv4_lpm'
[06:04:53.329] [bmv2] [D] [thread 247229] Dumping entry 142
Match key:
* hdr.ipv4.dstAddr              : LPM       0a000818/32
* standard_metadata.ingress_port: EXACT     0003
Action entry: MyIngress.ipv4_forward - a000818,6,

[06:04:53.330] [bmv2] [T] [thread 247229] bm_table_add_entry
[06:04:53.330] [bmv2] [D] [thread 247229] Entry 143 added to table 'MyIngress.ipv4_lpm'
[06:04:53.330] [bmv2] [D] [thread 247229] Dumping entry 143
Match key:
* hdr.ipv4.dstAddr              : LPM       0a000919/32
* standard_metadata.ingress_port: EXACT     0003
Action entry: MyIngress.ipv4_forward - a000919,4,

[06:04:53.330] [bmv2] [T] [thread 247229] bm_table_add_entry
[06:04:53.331] [bmv2] [D] [thread 247229] Entry 144 added to table 'MyIngress.ipv4_lpm'
[06:04:53.331] [bmv2] [D] [thread 247229] Dumping entry 144
Match key:
* hdr.ipv4.dstAddr              : LPM       0a00091a/32
* standard_metadata.ingress_port: EXACT     0003
Action entry: MyIngress.ipv4_forward - a00091a,5,

[06:04:53.331] [bmv2] [T] [thread 247229] bm_table_add_entry
[06:04:53.331] [bmv2] [D] [thread 247229] Entry 145 added to table 'MyIngress.ipv4_lpm'
[06:04:53.331] [bmv2] [D] [thread 247229] Dumping entry 145
Match key:
* hdr.ipv4.dstAddr              : LPM       0a00091b/32
* standard_metadata.ingress_port: EXACT     0003
Action entry: MyIngress.ipv4_forward - a00091b,6,

[06:04:53.332] [bmv2] [T] [thread 247229] bm_table_add_entry
[06:04:53.332] [bmv2] [D] [thread 247229] Entry 146 added to table 'MyIngress.ipv4_lpm'
[06:04:53.332] [bmv2] [D] [thread 247229] Dumping entry 146
Match key:
* hdr.ipv4.dstAddr              : LPM       0a000a1c/32
* standard_metadata.ingress_port: EXACT     0003
Action entry: MyIngress.ipv4_forward - a000a1c,4,

[06:04:53.333] [bmv2] [T] [thread 247229] bm_table_add_entry
[06:04:53.333] [bmv2] [D] [thread 247229] Entry 147 added to table 'MyIngress.ipv4_lpm'
[06:04:53.333] [bmv2] [D] [thread 247229] Dumping entry 147
Match key:
* hdr.ipv4.dstAddr              : LPM       0a000a1d/32
* standard_metadata.ingress_port: EXACT     0003
Action entry: MyIngress.ipv4_forward - a000a1d,5,

[06:04:53.333] [bmv2] [T] [thread 247229] bm_table_add_entry
[06:04:53.334] [bmv2] [D] [thread 247229] Entry 148 added to table 'MyIngress.ipv4_lpm'
[06:04:53.334] [bmv2] [D] [thread 247229] Dumping entry 148
Match key:
* hdr.ipv4.dstAddr              : LPM       0a000a1e/32
* standard_metadata.ingress_port: EXACT     0003
Action entry: MyIngress.ipv4_forward - a000a1e,6,

[06:04:53.334] [bmv2] [T] [thread 247229] bm_table_add_entry
[06:04:53.334] [bmv2] [E] [thread 247229] Error when trying to add entry to table 'MyIngress.ipv4_lpm': DUPLICATE_ENTRY
[06:04:53.335] [bmv2] [T] [thread 247229] bm_table_add_entry
[06:04:53.335] [bmv2] [E] [thread 247229] Error when trying to add entry to table 'MyIngress.ipv4_lpm': DUPLICATE_ENTRY
[06:04:53.336] [bmv2] [T] [thread 247229] bm_table_add_entry
[06:04:53.336] [bmv2] [D] [thread 247229] Entry 149 added to table 'MyIngress.ipv4_lpm'
[06:04:53.336] [bmv2] [D] [thread 247229] Dumping entry 149
Match key:
* hdr.ipv4.dstAddr              : LPM       0a000b21/32
* standard_metadata.ingress_port: EXACT     0003
Action entry: MyIngress.ipv4_forward - a000b21,3,

[06:04:53.337] [bmv2] [T] [thread 247229] bm_table_add_entry
[06:04:53.337] [bmv2] [D] [thread 247229] Entry 150 added to table 'MyIngress.ipv4_lpm'
[06:04:53.337] [bmv2] [D] [thread 247229] Dumping entry 150
Match key:
* hdr.ipv4.dstAddr              : LPM       0a000c22/32
* standard_metadata.ingress_port: EXACT     0003
Action entry: MyIngress.ipv4_forward - a000c22,4,

[06:04:53.337] [bmv2] [T] [thread 247229] bm_table_add_entry
[06:04:53.337] [bmv2] [D] [thread 247229] Entry 151 added to table 'MyIngress.ipv4_lpm'
[06:04:53.338] [bmv2] [D] [thread 247229] Dumping entry 151
Match key:
* hdr.ipv4.dstAddr              : LPM       0a000c23/32
* standard_metadata.ingress_port: EXACT     0003
Action entry: MyIngress.ipv4_forward - a000c23,5,

[06:04:53.338] [bmv2] [T] [thread 247229] bm_table_add_entry
[06:04:53.338] [bmv2] [D] [thread 247229] Entry 152 added to table 'MyIngress.ipv4_lpm'
[06:04:53.338] [bmv2] [D] [thread 247229] Dumping entry 152
Match key:
* hdr.ipv4.dstAddr              : LPM       0a000c24/32
* standard_metadata.ingress_port: EXACT     0003
Action entry: MyIngress.ipv4_forward - a000c24,6,

[06:04:53.339] [bmv2] [T] [thread 247229] bm_table_add_entry
[06:04:53.339] [bmv2] [D] [thread 247229] Entry 153 added to table 'MyIngress.ipv4_lpm'
[06:04:53.339] [bmv2] [D] [thread 247229] Dumping entry 153
Match key:
* hdr.ipv4.dstAddr              : LPM       0a000d25/32
* standard_metadata.ingress_port: EXACT     0003
Action entry: MyIngress.ipv4_forward - a000d25,4,

[06:04:53.339] [bmv2] [T] [thread 247229] bm_table_add_entry
[06:04:53.340] [bmv2] [D] [thread 247229] Entry 154 added to table 'MyIngress.ipv4_lpm'
[06:04:53.340] [bmv2] [D] [thread 247229] Dumping entry 154
Match key:
* hdr.ipv4.dstAddr              : LPM       0a000d26/32
* standard_metadata.ingress_port: EXACT     0003
Action entry: MyIngress.ipv4_forward - a000d26,5,

[06:04:53.340] [bmv2] [T] [thread 247229] bm_table_add_entry
[06:04:53.340] [bmv2] [D] [thread 247229] Entry 155 added to table 'MyIngress.ipv4_lpm'
[06:04:53.340] [bmv2] [D] [thread 247229] Dumping entry 155
Match key:
* hdr.ipv4.dstAddr              : LPM       0a000d27/32
* standard_metadata.ingress_port: EXACT     0003
Action entry: MyIngress.ipv4_forward - a000d27,6,

[06:04:53.341] [bmv2] [T] [thread 247229] bm_table_add_entry
[06:04:53.341] [bmv2] [D] [thread 247229] Entry 156 added to table 'MyIngress.ipv4_lpm'
[06:04:53.341] [bmv2] [D] [thread 247229] Dumping entry 156
Match key:
* hdr.ipv4.dstAddr              : LPM       0a000e28/32
* standard_metadata.ingress_port: EXACT     0003
Action entry: MyIngress.ipv4_forward - a000e28,4,

[06:04:53.342] [bmv2] [T] [thread 247229] bm_table_add_entry
[06:04:53.342] [bmv2] [D] [thread 247229] Entry 157 added to table 'MyIngress.ipv4_lpm'
[06:04:53.342] [bmv2] [D] [thread 247229] Dumping entry 157
Match key:
* hdr.ipv4.dstAddr              : LPM       0a000e29/32
* standard_metadata.ingress_port: EXACT     0003
Action entry: MyIngress.ipv4_forward - a000e29,5,

[06:04:53.342] [bmv2] [T] [thread 247229] bm_table_add_entry
[06:04:53.342] [bmv2] [D] [thread 247229] Entry 158 added to table 'MyIngress.ipv4_lpm'
[06:04:53.342] [bmv2] [D] [thread 247229] Dumping entry 158
Match key:
* hdr.ipv4.dstAddr              : LPM       0a000e2a/32
* standard_metadata.ingress_port: EXACT     0003
Action entry: MyIngress.ipv4_forward - a000e2a,6,

[06:04:53.343] [bmv2] [T] [thread 247229] bm_table_add_entry
[06:04:53.343] [bmv2] [D] [thread 247229] Entry 159 added to table 'MyIngress.ipv4_lpm'
[06:04:53.343] [bmv2] [D] [thread 247229] Dumping entry 159
Match key:
* hdr.ipv4.dstAddr              : LPM       0a000f2b/32
* standard_metadata.ingress_port: EXACT     0003
Action entry: MyIngress.ipv4_forward - a000f2b,4,

[06:04:53.344] [bmv2] [T] [thread 247229] bm_table_add_entry
[06:04:53.344] [bmv2] [D] [thread 247229] Entry 160 added to table 'MyIngress.ipv4_lpm'
[06:04:53.344] [bmv2] [D] [thread 247229] Dumping entry 160
Match key:
* hdr.ipv4.dstAddr              : LPM       0a000f2c/32
* standard_metadata.ingress_port: EXACT     0003
Action entry: MyIngress.ipv4_forward - a000f2c,5,

[06:04:53.344] [bmv2] [T] [thread 247229] bm_table_add_entry
[06:04:53.345] [bmv2] [D] [thread 247229] Entry 161 added to table 'MyIngress.ipv4_lpm'
[06:04:53.345] [bmv2] [D] [thread 247229] Dumping entry 161
Match key:
* hdr.ipv4.dstAddr              : LPM       0a000f2d/32
* standard_metadata.ingress_port: EXACT     0003
Action entry: MyIngress.ipv4_forward - a000f2d,6,

[06:04:53.345] [bmv2] [T] [thread 247229] bm_table_add_entry
[06:04:53.346] [bmv2] [D] [thread 247229] Entry 162 added to table 'MyIngress.ipv4_lpm'
[06:04:53.346] [bmv2] [D] [thread 247229] Dumping entry 162
Match key:
* hdr.ipv4.dstAddr              : LPM       0a00102e/32
* standard_metadata.ingress_port: EXACT     0003
Action entry: MyIngress.ipv4_forward - a00102e,4,

[06:04:53.346] [bmv2] [T] [thread 247229] bm_table_add_entry
[06:04:53.346] [bmv2] [D] [thread 247229] Entry 163 added to table 'MyIngress.ipv4_lpm'
[06:04:53.346] [bmv2] [D] [thread 247229] Dumping entry 163
Match key:
* hdr.ipv4.dstAddr              : LPM       0a00102f/32
* standard_metadata.ingress_port: EXACT     0003
Action entry: MyIngress.ipv4_forward - a00102f,5,

[06:04:53.347] [bmv2] [T] [thread 247229] bm_table_add_entry
[06:04:53.347] [bmv2] [D] [thread 247229] Entry 164 added to table 'MyIngress.ipv4_lpm'
[06:04:53.347] [bmv2] [D] [thread 247229] Dumping entry 164
Match key:
* hdr.ipv4.dstAddr              : LPM       0a001030/32
* standard_metadata.ingress_port: EXACT     0003
Action entry: MyIngress.ipv4_forward - a001030,6,

[06:04:53.348] [bmv2] [T] [thread 247229] bm_table_add_entry
[06:04:53.348] [bmv2] [D] [thread 247229] Entry 165 added to table 'MyIngress.ipv4_lpm'
[06:04:53.348] [bmv2] [D] [thread 247229] Dumping entry 165
Match key:
* hdr.ipv4.dstAddr              : LPM       0a001131/32
* standard_metadata.ingress_port: EXACT     0003
Action entry: MyIngress.ipv4_forward - a001131,4,

[06:04:53.348] [bmv2] [T] [thread 247229] bm_table_add_entry
[06:04:53.348] [bmv2] [D] [thread 247229] Entry 166 added to table 'MyIngress.ipv4_lpm'
[06:04:53.348] [bmv2] [D] [thread 247229] Dumping entry 166
Match key:
* hdr.ipv4.dstAddr              : LPM       0a001132/32
* standard_metadata.ingress_port: EXACT     0003
Action entry: MyIngress.ipv4_forward - a001132,5,

[06:04:53.349] [bmv2] [T] [thread 247229] bm_table_add_entry
[06:04:53.349] [bmv2] [D] [thread 247229] Entry 167 added to table 'MyIngress.ipv4_lpm'
[06:04:53.349] [bmv2] [D] [thread 247229] Dumping entry 167
Match key:
* hdr.ipv4.dstAddr              : LPM       0a001133/32
* standard_metadata.ingress_port: EXACT     0003
Action entry: MyIngress.ipv4_forward - a001133,6,

[06:04:53.350] [bmv2] [T] [thread 247229] bm_table_add_entry
[06:04:53.350] [bmv2] [D] [thread 247229] Entry 168 added to table 'MyIngress.ipv4_lpm'
[06:04:53.350] [bmv2] [D] [thread 247229] Dumping entry 168
Match key:
* hdr.ipv4.dstAddr              : LPM       0a001234/32
* standard_metadata.ingress_port: EXACT     0003
Action entry: MyIngress.ipv4_forward - a001234,4,

[06:04:53.351] [bmv2] [T] [thread 247229] bm_table_add_entry
[06:04:53.351] [bmv2] [D] [thread 247229] Entry 169 added to table 'MyIngress.ipv4_lpm'
[06:04:53.351] [bmv2] [D] [thread 247229] Dumping entry 169
Match key:
* hdr.ipv4.dstAddr              : LPM       0a001235/32
* standard_metadata.ingress_port: EXACT     0003
Action entry: MyIngress.ipv4_forward - a001235,5,

[06:04:53.351] [bmv2] [T] [thread 247229] bm_table_add_entry
[06:04:53.351] [bmv2] [D] [thread 247229] Entry 170 added to table 'MyIngress.ipv4_lpm'
[06:04:53.351] [bmv2] [D] [thread 247229] Dumping entry 170
Match key:
* hdr.ipv4.dstAddr              : LPM       0a001236/32
* standard_metadata.ingress_port: EXACT     0003
Action entry: MyIngress.ipv4_forward - a001236,6,

[06:04:53.352] [bmv2] [T] [thread 247229] bm_set_default_action
[06:04:53.352] [bmv2] [D] [thread 247229] Set default entry for table 'MyEgress.tbl_prime': MyEgress.prime_multiply - 1f,
[06:04:53.353] [bmv2] [T] [thread 247229] bm_set_default_action
[06:04:53.353] [bmv2] [D] [thread 247229] Set default entry for table 'MyEgress.swtrace': MyEgress.add_swtrace - b,
