Warning: you requested the nanomsg event logger, but bmv2 was compiled without -DBMELOG, and the event logger cannot be activated
Calling target program-options parser
[06:04:43.611] [bmv2] [D] [thread 245328] Set default default entry for table 'MyIngress.ipv4_lpm': MyIngress.drop - 
[06:04:43.612] [bmv2] [D] [thread 245328] Set default default entry for table 'MyIngress.tb_set_role': NoAction - 
[06:04:43.612] [bmv2] [D] [thread 245328] Set default default entry for table 'MyEgress.tbl_prime': NoAction - 
[06:04:43.612] [bmv2] [D] [thread 245328] Set default default entry for table 'MyEgress.swtrace': NoAction - 
Adding interface s39-eth1 as port 1
[06:04:43.614] [bmv2] [D] [thread 245328] Adding interface s39-eth1 as port 1
Adding interface s39-eth2 as port 2
[06:04:43.693] [bmv2] [D] [thread 245328] Adding interface s39-eth2 as port 2
Adding interface s39-eth3 as port 3
[06:04:43.748] [bmv2] [D] [thread 245328] Adding interface s39-eth3 as port 3
Adding interface s39-eth4 as port 4
[06:04:43.813] [bmv2] [D] [thread 245328] Adding interface s39-eth4 as port 4
Adding interface s39-eth5 as port 5
[06:04:43.881] [bmv2] [D] [thread 245328] Adding interface s39-eth5 as port 5
Adding interface s39-eth6 as port 6
[06:04:43.949] [bmv2] [D] [thread 245328] Adding interface s39-eth6 as port 6
Adding interface s39-cpu-eth0 as port 7
[06:04:44.021] [bmv2] [D] [thread 245328] Adding interface s39-cpu-eth0 as port 7
[06:04:44.085] [bmv2] [I] [thread 245328] Starting Thrift server on port 9128
[06:04:44.085] [bmv2] [I] [thread 245328] Thrift server was started
[06:04:49.177] [bmv2] [D] [thread 245334] [0.0] [cxt 0] Processing packet received on port 4
[06:04:49.177] [bmv2] [D] [thread 245334] [0.0] [cxt 0] Parser 'parser': start
[06:04:49.177] [bmv2] [D] [thread 245334] [0.0] [cxt 0] Parser 'parser' entering state 'start'
[06:04:49.178] [bmv2] [D] [thread 245334] [0.0] [cxt 0] Extracting header 'ethernet'
[06:04:49.178] [bmv2] [D] [thread 245334] [0.0] [cxt 0] Parser state 'start': key is 86dd
[06:04:49.178] [bmv2] [T] [thread 245334] [0.0] [cxt 0] Bytes parsed: 14
[06:04:49.178] [bmv2] [D] [thread 245334] [0.0] [cxt 0] Parser 'parser': end
[06:04:49.178] [bmv2] [D] [thread 245334] [0.0] [cxt 0] Pipeline 'ingress': start
[06:04:49.178] [bmv2] [T] [thread 245334] [0.0] [cxt 0] /home/p4/Desktop/html/p4src/switch.p4(291) Condition "hdr.ipv4.isValid()" (node_2) is false
[06:04:49.178] [bmv2] [T] [thread 245334] [0.0] [cxt 0] Applying table 'MyIngress.tb_set_role'
[06:04:49.178] [bmv2] [D] [thread 245334] [0.0] [cxt 0] Looking up key:
* standard_metadata.ingress_port: 0004

[06:04:49.178] [bmv2] [D] [thread 245334] [0.0] [cxt 0] Table 'MyIngress.tb_set_role': miss
[06:04:49.178] [bmv2] [D] [thread 245334] [0.0] [cxt 0] Action entry is NoAction - 
[06:04:49.178] [bmv2] [T] [thread 245334] [0.0] [cxt 0] Action NoAction
[06:04:49.178] [bmv2] [D] [thread 245334] [0.0] [cxt 0] Pipeline 'ingress': end
[06:04:49.178] [bmv2] [D] [thread 245334] [0.0] [cxt 0] Egress port is 0
[06:04:49.178] [bmv2] [D] [thread 245335] [0.0] [cxt 0] Pipeline 'egress': start
[06:04:49.178] [bmv2] [T] [thread 245335] [0.0] [cxt 0] /home/p4/Desktop/html/p4src/switch.p4(381) Condition "hdr.tag.isValid()" (node_7) is false
[06:04:49.178] [bmv2] [T] [thread 245335] [0.0] [cxt 0] /home/p4/Desktop/html/p4src/switch.p4(386) Condition "hdr.mri.isValid()" (node_9) is false
[06:04:49.178] [bmv2] [D] [thread 245335] [0.0] [cxt 0] Pipeline 'egress': end
[06:04:49.178] [bmv2] [D] [thread 245335] [0.0] [cxt 0] Deparser 'deparser': start
[06:04:49.178] [bmv2] [T] [thread 245335] [0.0] [cxt 0] Skipping checksum 'cksum' update because condition not met
[06:04:49.178] [bmv2] [D] [thread 245335] [0.0] [cxt 0] Deparsing header 'ethernet'
[06:04:49.178] [bmv2] [D] [thread 245335] [0.0] [cxt 0] Deparser 'deparser': end
[06:04:49.179] [bmv2] [D] [thread 245339] [0.0] [cxt 0] Transmitting packet of size 70 out of port 0
[06:04:59.427] [bmv2] [T] [thread 247331] bm_get_config
[06:04:59.429] [bmv2] [T] [thread 247331] bm_table_add_entry
[06:04:59.430] [bmv2] [D] [thread 247331] Entry 0 added to table 'MyIngress.ipv4_lpm'
[06:04:59.430] [bmv2] [D] [thread 247331] Dumping entry 0
Match key:
* hdr.ipv4.dstAddr              : LPM       0a000101/32
* standard_metadata.ingress_port: EXACT     0002
Action entry: MyIngress.ipv4_forward - a000101,1,

[06:04:59.431] [bmv2] [T] [thread 247331] bm_table_add_entry
[06:04:59.431] [bmv2] [D] [thread 247331] Entry 1 added to table 'MyIngress.ipv4_lpm'
[06:04:59.431] [bmv2] [D] [thread 247331] Dumping entry 1
Match key:
* hdr.ipv4.dstAddr              : LPM       0a000101/32
* standard_metadata.ingress_port: EXACT     0003
Action entry: MyIngress.ipv4_forward - a000101,1,

[06:04:59.432] [bmv2] [T] [thread 247331] bm_table_add_entry
[06:04:59.432] [bmv2] [D] [thread 247331] Entry 2 added to table 'MyIngress.ipv4_lpm'
[06:04:59.432] [bmv2] [D] [thread 247331] Dumping entry 2
Match key:
* hdr.ipv4.dstAddr              : LPM       0a000101/32
* standard_metadata.ingress_port: EXACT     0004
Action entry: MyIngress.ipv4_forward - a000101,1,

[06:04:59.433] [bmv2] [T] [thread 247331] bm_table_add_entry
[06:04:59.433] [bmv2] [D] [thread 247331] Entry 3 added to table 'MyIngress.ipv4_lpm'
[06:04:59.433] [bmv2] [D] [thread 247331] Dumping entry 3
Match key:
* hdr.ipv4.dstAddr              : LPM       0a000101/32
* standard_metadata.ingress_port: EXACT     0005
Action entry: MyIngress.ipv4_forward - a000101,1,

[06:04:59.434] [bmv2] [T] [thread 247331] bm_table_add_entry
[06:04:59.434] [bmv2] [D] [thread 247331] Entry 4 added to table 'MyIngress.ipv4_lpm'
[06:04:59.434] [bmv2] [D] [thread 247331] Dumping entry 4
Match key:
* hdr.ipv4.dstAddr              : LPM       0a000101/32
* standard_metadata.ingress_port: EXACT     0006
Action entry: MyIngress.ipv4_forward - a000101,1,

[06:04:59.435] [bmv2] [T] [thread 247331] bm_table_add_entry
[06:04:59.435] [bmv2] [D] [thread 247331] Entry 5 added to table 'MyIngress.ipv4_lpm'
[06:04:59.435] [bmv2] [D] [thread 247331] Dumping entry 5
Match key:
* hdr.ipv4.dstAddr              : LPM       0a000102/32
* standard_metadata.ingress_port: EXACT     0002
Action entry: MyIngress.ipv4_forward - a000102,1,

[06:04:59.435] [bmv2] [T] [thread 247331] bm_table_add_entry
[06:04:59.436] [bmv2] [D] [thread 247331] Entry 6 added to table 'MyIngress.ipv4_lpm'
[06:04:59.436] [bmv2] [D] [thread 247331] Dumping entry 6
Match key:
* hdr.ipv4.dstAddr              : LPM       0a000102/32
* standard_metadata.ingress_port: EXACT     0003
Action entry: MyIngress.ipv4_forward - a000102,1,

[06:04:59.436] [bmv2] [T] [thread 247331] bm_table_add_entry
[06:04:59.437] [bmv2] [D] [thread 247331] Entry 7 added to table 'MyIngress.ipv4_lpm'
[06:04:59.437] [bmv2] [D] [thread 247331] Dumping entry 7
Match key:
* hdr.ipv4.dstAddr              : LPM       0a000102/32
* standard_metadata.ingress_port: EXACT     0004
Action entry: MyIngress.ipv4_forward - a000102,1,

[06:04:59.437] [bmv2] [T] [thread 247331] bm_table_add_entry
[06:04:59.437] [bmv2] [D] [thread 247331] Entry 8 added to table 'MyIngress.ipv4_lpm'
[06:04:59.437] [bmv2] [D] [thread 247331] Dumping entry 8
Match key:
* hdr.ipv4.dstAddr              : LPM       0a000102/32
* standard_metadata.ingress_port: EXACT     0005
Action entry: MyIngress.ipv4_forward - a000102,1,

[06:04:59.438] [bmv2] [T] [thread 247331] bm_table_add_entry
[06:04:59.438] [bmv2] [D] [thread 247331] Entry 9 added to table 'MyIngress.ipv4_lpm'
[06:04:59.438] [bmv2] [D] [thread 247331] Dumping entry 9
Match key:
* hdr.ipv4.dstAddr              : LPM       0a000102/32
* standard_metadata.ingress_port: EXACT     0006
Action entry: MyIngress.ipv4_forward - a000102,1,

[06:04:59.439] [bmv2] [T] [thread 247331] bm_table_add_entry
[06:04:59.439] [bmv2] [D] [thread 247331] Entry 10 added to table 'MyIngress.ipv4_lpm'
[06:04:59.439] [bmv2] [D] [thread 247331] Dumping entry 10
Match key:
* hdr.ipv4.dstAddr              : LPM       0a000103/32
* standard_metadata.ingress_port: EXACT     0002
Action entry: MyIngress.ipv4_forward - a000103,1,

[06:04:59.439] [bmv2] [T] [thread 247331] bm_table_add_entry
[06:04:59.440] [bmv2] [D] [thread 247331] Entry 11 added to table 'MyIngress.ipv4_lpm'
[06:04:59.440] [bmv2] [D] [thread 247331] Dumping entry 11
Match key:
* hdr.ipv4.dstAddr              : LPM       0a000103/32
* standard_metadata.ingress_port: EXACT     0003
Action entry: MyIngress.ipv4_forward - a000103,1,

[06:04:59.440] [bmv2] [T] [thread 247331] bm_table_add_entry
[06:04:59.441] [bmv2] [D] [thread 247331] Entry 12 added to table 'MyIngress.ipv4_lpm'
[06:04:59.441] [bmv2] [D] [thread 247331] Dumping entry 12
Match key:
* hdr.ipv4.dstAddr              : LPM       0a000103/32
* standard_metadata.ingress_port: EXACT     0004
Action entry: MyIngress.ipv4_forward - a000103,1,

[06:04:59.441] [bmv2] [T] [thread 247331] bm_table_add_entry
[06:04:59.441] [bmv2] [D] [thread 247331] Entry 13 added to table 'MyIngress.ipv4_lpm'
[06:04:59.442] [bmv2] [D] [thread 247331] Dumping entry 13
Match key:
* hdr.ipv4.dstAddr              : LPM       0a000103/32
* standard_metadata.ingress_port: EXACT     0005
Action entry: MyIngress.ipv4_forward - a000103,1,

[06:04:59.442] [bmv2] [T] [thread 247331] bm_table_add_entry
[06:04:59.442] [bmv2] [D] [thread 247331] Entry 14 added to table 'MyIngress.ipv4_lpm'
[06:04:59.442] [bmv2] [D] [thread 247331] Dumping entry 14
Match key:
* hdr.ipv4.dstAddr              : LPM       0a000103/32
* standard_metadata.ingress_port: EXACT     0006
Action entry: MyIngress.ipv4_forward - a000103,1,

[06:04:59.443] [bmv2] [T] [thread 247331] bm_table_add_entry
[06:04:59.443] [bmv2] [D] [thread 247331] Entry 15 added to table 'MyIngress.ipv4_lpm'
[06:04:59.443] [bmv2] [D] [thread 247331] Dumping entry 15
Match key:
* hdr.ipv4.dstAddr              : LPM       0a000204/32
* standard_metadata.ingress_port: EXACT     0002
Action entry: MyIngress.ipv4_forward - a000204,1,

[06:04:59.444] [bmv2] [T] [thread 247331] bm_table_add_entry
[06:04:59.444] [bmv2] [D] [thread 247331] Entry 16 added to table 'MyIngress.ipv4_lpm'
[06:04:59.444] [bmv2] [D] [thread 247331] Dumping entry 16
Match key:
* hdr.ipv4.dstAddr              : LPM       0a000204/32
* standard_metadata.ingress_port: EXACT     0003
Action entry: MyIngress.ipv4_forward - a000204,1,

[06:04:59.445] [bmv2] [T] [thread 247331] bm_table_add_entry
[06:04:59.445] [bmv2] [D] [thread 247331] Entry 17 added to table 'MyIngress.ipv4_lpm'
[06:04:59.445] [bmv2] [D] [thread 247331] Dumping entry 17
Match key:
* hdr.ipv4.dstAddr              : LPM       0a000204/32
* standard_metadata.ingress_port: EXACT     0004
Action entry: MyIngress.ipv4_forward - a000204,1,

[06:04:59.446] [bmv2] [T] [thread 247331] bm_table_add_entry
[06:04:59.446] [bmv2] [D] [thread 247331] Entry 18 added to table 'MyIngress.ipv4_lpm'
[06:04:59.446] [bmv2] [D] [thread 247331] Dumping entry 18
Match key:
* hdr.ipv4.dstAddr              : LPM       0a000204/32
* standard_metadata.ingress_port: EXACT     0005
Action entry: MyIngress.ipv4_forward - a000204,1,

[06:04:59.446] [bmv2] [T] [thread 247331] bm_table_add_entry
[06:04:59.447] [bmv2] [D] [thread 247331] Entry 19 added to table 'MyIngress.ipv4_lpm'
[06:04:59.447] [bmv2] [D] [thread 247331] Dumping entry 19
Match key:
* hdr.ipv4.dstAddr              : LPM       0a000204/32
* standard_metadata.ingress_port: EXACT     0006
Action entry: MyIngress.ipv4_forward - a000204,1,

[06:04:59.447] [bmv2] [T] [thread 247331] bm_table_add_entry
[06:04:59.448] [bmv2] [D] [thread 247331] Entry 20 added to table 'MyIngress.ipv4_lpm'
[06:04:59.448] [bmv2] [D] [thread 247331] Dumping entry 20
Match key:
* hdr.ipv4.dstAddr              : LPM       0a000205/32
* standard_metadata.ingress_port: EXACT     0002
Action entry: MyIngress.ipv4_forward - a000205,1,

[06:04:59.448] [bmv2] [T] [thread 247331] bm_table_add_entry
[06:04:59.449] [bmv2] [D] [thread 247331] Entry 21 added to table 'MyIngress.ipv4_lpm'
[06:04:59.449] [bmv2] [D] [thread 247331] Dumping entry 21
Match key:
* hdr.ipv4.dstAddr              : LPM       0a000205/32
* standard_metadata.ingress_port: EXACT     0003
Action entry: MyIngress.ipv4_forward - a000205,1,

[06:04:59.449] [bmv2] [T] [thread 247331] bm_table_add_entry
[06:04:59.449] [bmv2] [D] [thread 247331] Entry 22 added to table 'MyIngress.ipv4_lpm'
[06:04:59.449] [bmv2] [D] [thread 247331] Dumping entry 22
Match key:
* hdr.ipv4.dstAddr              : LPM       0a000205/32
* standard_metadata.ingress_port: EXACT     0004
Action entry: MyIngress.ipv4_forward - a000205,1,

[06:04:59.450] [bmv2] [T] [thread 247331] bm_table_add_entry
[06:04:59.450] [bmv2] [D] [thread 247331] Entry 23 added to table 'MyIngress.ipv4_lpm'
[06:04:59.450] [bmv2] [D] [thread 247331] Dumping entry 23
Match key:
* hdr.ipv4.dstAddr              : LPM       0a000205/32
* standard_metadata.ingress_port: EXACT     0005
Action entry: MyIngress.ipv4_forward - a000205,1,

[06:04:59.451] [bmv2] [T] [thread 247331] bm_table_add_entry
[06:04:59.451] [bmv2] [D] [thread 247331] Entry 24 added to table 'MyIngress.ipv4_lpm'
[06:04:59.451] [bmv2] [D] [thread 247331] Dumping entry 24
Match key:
* hdr.ipv4.dstAddr              : LPM       0a000205/32
* standard_metadata.ingress_port: EXACT     0006
Action entry: MyIngress.ipv4_forward - a000205,1,

[06:04:59.451] [bmv2] [T] [thread 247331] bm_table_add_entry
[06:04:59.451] [bmv2] [D] [thread 247331] Entry 25 added to table 'MyIngress.ipv4_lpm'
[06:04:59.452] [bmv2] [D] [thread 247331] Dumping entry 25
Match key:
* hdr.ipv4.dstAddr              : LPM       0a000206/32
* standard_metadata.ingress_port: EXACT     0002
Action entry: MyIngress.ipv4_forward - a000206,1,

[06:04:59.452] [bmv2] [T] [thread 247331] bm_table_add_entry
[06:04:59.452] [bmv2] [D] [thread 247331] Entry 26 added to table 'MyIngress.ipv4_lpm'
[06:04:59.452] [bmv2] [D] [thread 247331] Dumping entry 26
Match key:
* hdr.ipv4.dstAddr              : LPM       0a000206/32
* standard_metadata.ingress_port: EXACT     0003
Action entry: MyIngress.ipv4_forward - a000206,1,

[06:04:59.453] [bmv2] [T] [thread 247331] bm_table_add_entry
[06:04:59.453] [bmv2] [D] [thread 247331] Entry 27 added to table 'MyIngress.ipv4_lpm'
[06:04:59.453] [bmv2] [D] [thread 247331] Dumping entry 27
Match key:
* hdr.ipv4.dstAddr              : LPM       0a000206/32
* standard_metadata.ingress_port: EXACT     0004
Action entry: MyIngress.ipv4_forward - a000206,1,

[06:04:59.454] [bmv2] [T] [thread 247331] bm_table_add_entry
[06:04:59.454] [bmv2] [D] [thread 247331] Entry 28 added to table 'MyIngress.ipv4_lpm'
[06:04:59.454] [bmv2] [D] [thread 247331] Dumping entry 28
Match key:
* hdr.ipv4.dstAddr              : LPM       0a000206/32
* standard_metadata.ingress_port: EXACT     0005
Action entry: MyIngress.ipv4_forward - a000206,1,

[06:04:59.454] [bmv2] [T] [thread 247331] bm_table_add_entry
[06:04:59.455] [bmv2] [D] [thread 247331] Entry 29 added to table 'MyIngress.ipv4_lpm'
[06:04:59.455] [bmv2] [D] [thread 247331] Dumping entry 29
Match key:
* hdr.ipv4.dstAddr              : LPM       0a000206/32
* standard_metadata.ingress_port: EXACT     0006
Action entry: MyIngress.ipv4_forward - a000206,1,

[06:04:59.455] [bmv2] [T] [thread 247331] bm_table_add_entry
[06:04:59.455] [bmv2] [D] [thread 247331] Entry 30 added to table 'MyIngress.ipv4_lpm'
[06:04:59.455] [bmv2] [D] [thread 247331] Dumping entry 30
Match key:
* hdr.ipv4.dstAddr              : LPM       0a000307/32
* standard_metadata.ingress_port: EXACT     0002
Action entry: MyIngress.ipv4_forward - a000307,1,

[06:04:59.456] [bmv2] [T] [thread 247331] bm_table_add_entry
[06:04:59.456] [bmv2] [D] [thread 247331] Entry 31 added to table 'MyIngress.ipv4_lpm'
[06:04:59.456] [bmv2] [D] [thread 247331] Dumping entry 31
Match key:
* hdr.ipv4.dstAddr              : LPM       0a000307/32
* standard_metadata.ingress_port: EXACT     0003
Action entry: MyIngress.ipv4_forward - a000307,1,

[06:04:59.457] [bmv2] [T] [thread 247331] bm_table_add_entry
[06:04:59.457] [bmv2] [D] [thread 247331] Entry 32 added to table 'MyIngress.ipv4_lpm'
[06:04:59.457] [bmv2] [D] [thread 247331] Dumping entry 32
Match key:
* hdr.ipv4.dstAddr              : LPM       0a000307/32
* standard_metadata.ingress_port: EXACT     0004
Action entry: MyIngress.ipv4_forward - a000307,1,

[06:04:59.457] [bmv2] [T] [thread 247331] bm_table_add_entry
[06:04:59.458] [bmv2] [D] [thread 247331] Entry 33 added to table 'MyIngress.ipv4_lpm'
[06:04:59.458] [bmv2] [D] [thread 247331] Dumping entry 33
Match key:
* hdr.ipv4.dstAddr              : LPM       0a000307/32
* standard_metadata.ingress_port: EXACT     0005
Action entry: MyIngress.ipv4_forward - a000307,1,

[06:04:59.458] [bmv2] [T] [thread 247331] bm_table_add_entry
[06:04:59.459] [bmv2] [D] [thread 247331] Entry 34 added to table 'MyIngress.ipv4_lpm'
[06:04:59.459] [bmv2] [D] [thread 247331] Dumping entry 34
Match key:
* hdr.ipv4.dstAddr              : LPM       0a000307/32
* standard_metadata.ingress_port: EXACT     0006
Action entry: MyIngress.ipv4_forward - a000307,1,

[06:04:59.459] [bmv2] [T] [thread 247331] bm_table_add_entry
[06:04:59.459] [bmv2] [D] [thread 247331] Entry 35 added to table 'MyIngress.ipv4_lpm'
[06:04:59.459] [bmv2] [D] [thread 247331] Dumping entry 35
Match key:
* hdr.ipv4.dstAddr              : LPM       0a000308/32
* standard_metadata.ingress_port: EXACT     0002
Action entry: MyIngress.ipv4_forward - a000308,1,

[06:04:59.460] [bmv2] [T] [thread 247331] bm_table_add_entry
[06:04:59.460] [bmv2] [D] [thread 247331] Entry 36 added to table 'MyIngress.ipv4_lpm'
[06:04:59.460] [bmv2] [D] [thread 247331] Dumping entry 36
Match key:
* hdr.ipv4.dstAddr              : LPM       0a000308/32
* standard_metadata.ingress_port: EXACT     0003
Action entry: MyIngress.ipv4_forward - a000308,1,

[06:04:59.461] [bmv2] [T] [thread 247331] bm_table_add_entry
[06:04:59.461] [bmv2] [D] [thread 247331] Entry 37 added to table 'MyIngress.ipv4_lpm'
[06:04:59.461] [bmv2] [D] [thread 247331] Dumping entry 37
Match key:
* hdr.ipv4.dstAddr              : LPM       0a000308/32
* standard_metadata.ingress_port: EXACT     0004
Action entry: MyIngress.ipv4_forward - a000308,1,

[06:04:59.461] [bmv2] [T] [thread 247331] bm_table_add_entry
[06:04:59.461] [bmv2] [D] [thread 247331] Entry 38 added to table 'MyIngress.ipv4_lpm'
[06:04:59.462] [bmv2] [D] [thread 247331] Dumping entry 38
Match key:
* hdr.ipv4.dstAddr              : LPM       0a000308/32
* standard_metadata.ingress_port: EXACT     0005
Action entry: MyIngress.ipv4_forward - a000308,1,

[06:04:59.462] [bmv2] [T] [thread 247331] bm_table_add_entry
[06:04:59.462] [bmv2] [D] [thread 247331] Entry 39 added to table 'MyIngress.ipv4_lpm'
[06:04:59.462] [bmv2] [D] [thread 247331] Dumping entry 39
Match key:
* hdr.ipv4.dstAddr              : LPM       0a000308/32
* standard_metadata.ingress_port: EXACT     0006
Action entry: MyIngress.ipv4_forward - a000308,1,

[06:04:59.463] [bmv2] [T] [thread 247331] bm_table_add_entry
[06:04:59.463] [bmv2] [D] [thread 247331] Entry 40 added to table 'MyIngress.ipv4_lpm'
[06:04:59.463] [bmv2] [D] [thread 247331] Dumping entry 40
Match key:
* hdr.ipv4.dstAddr              : LPM       0a000309/32
* standard_metadata.ingress_port: EXACT     0002
Action entry: MyIngress.ipv4_forward - a000309,1,

[06:04:59.463] [bmv2] [T] [thread 247331] bm_table_add_entry
[06:04:59.464] [bmv2] [D] [thread 247331] Entry 41 added to table 'MyIngress.ipv4_lpm'
[06:04:59.464] [bmv2] [D] [thread 247331] Dumping entry 41
Match key:
* hdr.ipv4.dstAddr              : LPM       0a000309/32
* standard_metadata.ingress_port: EXACT     0003
Action entry: MyIngress.ipv4_forward - a000309,1,

[06:04:59.464] [bmv2] [T] [thread 247331] bm_table_add_entry
[06:04:59.465] [bmv2] [D] [thread 247331] Entry 42 added to table 'MyIngress.ipv4_lpm'
[06:04:59.465] [bmv2] [D] [thread 247331] Dumping entry 42
Match key:
* hdr.ipv4.dstAddr              : LPM       0a000309/32
* standard_metadata.ingress_port: EXACT     0004
Action entry: MyIngress.ipv4_forward - a000309,1,

[06:04:59.465] [bmv2] [T] [thread 247331] bm_table_add_entry
[06:04:59.465] [bmv2] [D] [thread 247331] Entry 43 added to table 'MyIngress.ipv4_lpm'
[06:04:59.466] [bmv2] [D] [thread 247331] Dumping entry 43
Match key:
* hdr.ipv4.dstAddr              : LPM       0a000309/32
* standard_metadata.ingress_port: EXACT     0005
Action entry: MyIngress.ipv4_forward - a000309,1,

[06:04:59.466] [bmv2] [T] [thread 247331] bm_table_add_entry
[06:04:59.466] [bmv2] [D] [thread 247331] Entry 44 added to table 'MyIngress.ipv4_lpm'
[06:04:59.466] [bmv2] [D] [thread 247331] Dumping entry 44
Match key:
* hdr.ipv4.dstAddr              : LPM       0a000309/32
* standard_metadata.ingress_port: EXACT     0006
Action entry: MyIngress.ipv4_forward - a000309,1,

[06:04:59.467] [bmv2] [T] [thread 247331] bm_table_add_entry
[06:04:59.467] [bmv2] [D] [thread 247331] Entry 45 added to table 'MyIngress.ipv4_lpm'
[06:04:59.467] [bmv2] [D] [thread 247331] Dumping entry 45
Match key:
* hdr.ipv4.dstAddr              : LPM       0a00040a/32
* standard_metadata.ingress_port: EXACT     0001
Action entry: MyIngress.ipv4_forward - a00040a,2,

[06:04:59.468] [bmv2] [T] [thread 247331] bm_table_add_entry
[06:04:59.468] [bmv2] [D] [thread 247331] Entry 46 added to table 'MyIngress.ipv4_lpm'
[06:04:59.468] [bmv2] [D] [thread 247331] Dumping entry 46
Match key:
* hdr.ipv4.dstAddr              : LPM       0a00040a/32
* standard_metadata.ingress_port: EXACT     0003
Action entry: MyIngress.ipv4_forward - a00040a,2,

[06:04:59.469] [bmv2] [T] [thread 247331] bm_table_add_entry
[06:04:59.469] [bmv2] [D] [thread 247331] Entry 47 added to table 'MyIngress.ipv4_lpm'
[06:04:59.469] [bmv2] [D] [thread 247331] Dumping entry 47
Match key:
* hdr.ipv4.dstAddr              : LPM       0a00040a/32
* standard_metadata.ingress_port: EXACT     0004
Action entry: MyIngress.ipv4_forward - a00040a,2,

[06:04:59.469] [bmv2] [T] [thread 247331] bm_table_add_entry
[06:04:59.469] [bmv2] [D] [thread 247331] Entry 48 added to table 'MyIngress.ipv4_lpm'
[06:04:59.469] [bmv2] [D] [thread 247331] Dumping entry 48
Match key:
* hdr.ipv4.dstAddr              : LPM       0a00040a/32
* standard_metadata.ingress_port: EXACT     0005
Action entry: MyIngress.ipv4_forward - a00040a,2,

[06:04:59.470] [bmv2] [T] [thread 247331] bm_table_add_entry
[06:04:59.470] [bmv2] [D] [thread 247331] Entry 49 added to table 'MyIngress.ipv4_lpm'
[06:04:59.470] [bmv2] [D] [thread 247331] Dumping entry 49
Match key:
* hdr.ipv4.dstAddr              : LPM       0a00040a/32
* standard_metadata.ingress_port: EXACT     0006
Action entry: MyIngress.ipv4_forward - a00040a,2,

[06:04:59.471] [bmv2] [T] [thread 247331] bm_table_add_entry
[06:04:59.471] [bmv2] [D] [thread 247331] Entry 50 added to table 'MyIngress.ipv4_lpm'
[06:04:59.471] [bmv2] [D] [thread 247331] Dumping entry 50
Match key:
* hdr.ipv4.dstAddr              : LPM       0a00040b/32
* standard_metadata.ingress_port: EXACT     0001
Action entry: MyIngress.ipv4_forward - a00040b,2,

[06:04:59.472] [bmv2] [T] [thread 247331] bm_table_add_entry
[06:04:59.472] [bmv2] [D] [thread 247331] Entry 51 added to table 'MyIngress.ipv4_lpm'
[06:04:59.472] [bmv2] [D] [thread 247331] Dumping entry 51
Match key:
* hdr.ipv4.dstAddr              : LPM       0a00040b/32
* standard_metadata.ingress_port: EXACT     0003
Action entry: MyIngress.ipv4_forward - a00040b,2,

[06:04:59.473] [bmv2] [T] [thread 247331] bm_table_add_entry
[06:04:59.473] [bmv2] [D] [thread 247331] Entry 52 added to table 'MyIngress.ipv4_lpm'
[06:04:59.473] [bmv2] [D] [thread 247331] Dumping entry 52
Match key:
* hdr.ipv4.dstAddr              : LPM       0a00040b/32
* standard_metadata.ingress_port: EXACT     0004
Action entry: MyIngress.ipv4_forward - a00040b,2,

[06:04:59.474] [bmv2] [T] [thread 247331] bm_table_add_entry
[06:04:59.474] [bmv2] [D] [thread 247331] Entry 53 added to table 'MyIngress.ipv4_lpm'
[06:04:59.474] [bmv2] [D] [thread 247331] Dumping entry 53
Match key:
* hdr.ipv4.dstAddr              : LPM       0a00040b/32
* standard_metadata.ingress_port: EXACT     0005
Action entry: MyIngress.ipv4_forward - a00040b,2,

[06:04:59.474] [bmv2] [T] [thread 247331] bm_table_add_entry
[06:04:59.475] [bmv2] [D] [thread 247331] Entry 54 added to table 'MyIngress.ipv4_lpm'
[06:04:59.475] [bmv2] [D] [thread 247331] Dumping entry 54
Match key:
* hdr.ipv4.dstAddr              : LPM       0a00040b/32
* standard_metadata.ingress_port: EXACT     0006
Action entry: MyIngress.ipv4_forward - a00040b,2,

[06:04:59.475] [bmv2] [T] [thread 247331] bm_table_add_entry
[06:04:59.475] [bmv2] [D] [thread 247331] Entry 55 added to table 'MyIngress.ipv4_lpm'
[06:04:59.475] [bmv2] [D] [thread 247331] Dumping entry 55
Match key:
* hdr.ipv4.dstAddr              : LPM       0a00040c/32
* standard_metadata.ingress_port: EXACT     0001
Action entry: MyIngress.ipv4_forward - a00040c,2,

[06:04:59.476] [bmv2] [T] [thread 247331] bm_table_add_entry
[06:04:59.476] [bmv2] [D] [thread 247331] Entry 56 added to table 'MyIngress.ipv4_lpm'
[06:04:59.476] [bmv2] [D] [thread 247331] Dumping entry 56
Match key:
* hdr.ipv4.dstAddr              : LPM       0a00040c/32
* standard_metadata.ingress_port: EXACT     0003
Action entry: MyIngress.ipv4_forward - a00040c,2,

[06:04:59.477] [bmv2] [T] [thread 247331] bm_table_add_entry
[06:04:59.477] [bmv2] [D] [thread 247331] Entry 57 added to table 'MyIngress.ipv4_lpm'
[06:04:59.477] [bmv2] [D] [thread 247331] Dumping entry 57
Match key:
* hdr.ipv4.dstAddr              : LPM       0a00040c/32
* standard_metadata.ingress_port: EXACT     0004
Action entry: MyIngress.ipv4_forward - a00040c,2,

[06:04:59.477] [bmv2] [T] [thread 247331] bm_table_add_entry
[06:04:59.478] [bmv2] [D] [thread 247331] Entry 58 added to table 'MyIngress.ipv4_lpm'
[06:04:59.478] [bmv2] [D] [thread 247331] Dumping entry 58
Match key:
* hdr.ipv4.dstAddr              : LPM       0a00040c/32
* standard_metadata.ingress_port: EXACT     0005
Action entry: MyIngress.ipv4_forward - a00040c,2,

[06:04:59.478] [bmv2] [T] [thread 247331] bm_table_add_entry
[06:04:59.478] [bmv2] [D] [thread 247331] Entry 59 added to table 'MyIngress.ipv4_lpm'
[06:04:59.478] [bmv2] [D] [thread 247331] Dumping entry 59
Match key:
* hdr.ipv4.dstAddr              : LPM       0a00040c/32
* standard_metadata.ingress_port: EXACT     0006
Action entry: MyIngress.ipv4_forward - a00040c,2,

[06:04:59.479] [bmv2] [T] [thread 247331] bm_table_add_entry
[06:04:59.479] [bmv2] [D] [thread 247331] Entry 60 added to table 'MyIngress.ipv4_lpm'
[06:04:59.479] [bmv2] [D] [thread 247331] Dumping entry 60
Match key:
* hdr.ipv4.dstAddr              : LPM       0a00050d/32
* standard_metadata.ingress_port: EXACT     0001
Action entry: MyIngress.ipv4_forward - a00050d,2,

[06:04:59.480] [bmv2] [T] [thread 247331] bm_table_add_entry
[06:04:59.480] [bmv2] [D] [thread 247331] Entry 61 added to table 'MyIngress.ipv4_lpm'
[06:04:59.480] [bmv2] [D] [thread 247331] Dumping entry 61
Match key:
* hdr.ipv4.dstAddr              : LPM       0a00050d/32
* standard_metadata.ingress_port: EXACT     0003
Action entry: MyIngress.ipv4_forward - a00050d,2,

[06:04:59.480] [bmv2] [T] [thread 247331] bm_table_add_entry
[06:04:59.481] [bmv2] [D] [thread 247331] Entry 62 added to table 'MyIngress.ipv4_lpm'
[06:04:59.481] [bmv2] [D] [thread 247331] Dumping entry 62
Match key:
* hdr.ipv4.dstAddr              : LPM       0a00050d/32
* standard_metadata.ingress_port: EXACT     0004
Action entry: MyIngress.ipv4_forward - a00050d,2,

[06:04:59.481] [bmv2] [T] [thread 247331] bm_table_add_entry
[06:04:59.481] [bmv2] [D] [thread 247331] Entry 63 added to table 'MyIngress.ipv4_lpm'
[06:04:59.481] [bmv2] [D] [thread 247331] Dumping entry 63
Match key:
* hdr.ipv4.dstAddr              : LPM       0a00050d/32
* standard_metadata.ingress_port: EXACT     0005
Action entry: MyIngress.ipv4_forward - a00050d,2,

[06:04:59.482] [bmv2] [T] [thread 247331] bm_table_add_entry
[06:04:59.482] [bmv2] [D] [thread 247331] Entry 64 added to table 'MyIngress.ipv4_lpm'
[06:04:59.482] [bmv2] [D] [thread 247331] Dumping entry 64
Match key:
* hdr.ipv4.dstAddr              : LPM       0a00050d/32
* standard_metadata.ingress_port: EXACT     0006
Action entry: MyIngress.ipv4_forward - a00050d,2,

[06:04:59.483] [bmv2] [T] [thread 247331] bm_table_add_entry
[06:04:59.483] [bmv2] [D] [thread 247331] Entry 65 added to table 'MyIngress.ipv4_lpm'
[06:04:59.483] [bmv2] [D] [thread 247331] Dumping entry 65
Match key:
* hdr.ipv4.dstAddr              : LPM       0a00050e/32
* standard_metadata.ingress_port: EXACT     0001
Action entry: MyIngress.ipv4_forward - a00050e,2,

[06:04:59.484] [bmv2] [T] [thread 247331] bm_table_add_entry
[06:04:59.484] [bmv2] [D] [thread 247331] Entry 66 added to table 'MyIngress.ipv4_lpm'
[06:04:59.484] [bmv2] [D] [thread 247331] Dumping entry 66
Match key:
* hdr.ipv4.dstAddr              : LPM       0a00050e/32
* standard_metadata.ingress_port: EXACT     0003
Action entry: MyIngress.ipv4_forward - a00050e,2,

[06:04:59.485] [bmv2] [T] [thread 247331] bm_table_add_entry
[06:04:59.485] [bmv2] [D] [thread 247331] Entry 67 added to table 'MyIngress.ipv4_lpm'
[06:04:59.485] [bmv2] [D] [thread 247331] Dumping entry 67
Match key:
* hdr.ipv4.dstAddr              : LPM       0a00050e/32
* standard_metadata.ingress_port: EXACT     0004
Action entry: MyIngress.ipv4_forward - a00050e,2,

[06:04:59.485] [bmv2] [T] [thread 247331] bm_table_add_entry
[06:04:59.485] [bmv2] [D] [thread 247331] Entry 68 added to table 'MyIngress.ipv4_lpm'
[06:04:59.485] [bmv2] [D] [thread 247331] Dumping entry 68
Match key:
* hdr.ipv4.dstAddr              : LPM       0a00050e/32
* standard_metadata.ingress_port: EXACT     0005
Action entry: MyIngress.ipv4_forward - a00050e,2,

[06:04:59.486] [bmv2] [T] [thread 247331] bm_table_add_entry
[06:04:59.486] [bmv2] [D] [thread 247331] Entry 69 added to table 'MyIngress.ipv4_lpm'
[06:04:59.486] [bmv2] [D] [thread 247331] Dumping entry 69
Match key:
* hdr.ipv4.dstAddr              : LPM       0a00050e/32
* standard_metadata.ingress_port: EXACT     0006
Action entry: MyIngress.ipv4_forward - a00050e,2,

[06:04:59.487] [bmv2] [T] [thread 247331] bm_table_add_entry
[06:04:59.487] [bmv2] [D] [thread 247331] Entry 70 added to table 'MyIngress.ipv4_lpm'
[06:04:59.487] [bmv2] [D] [thread 247331] Dumping entry 70
Match key:
* hdr.ipv4.dstAddr              : LPM       0a00050f/32
* standard_metadata.ingress_port: EXACT     0001
Action entry: MyIngress.ipv4_forward - a00050f,2,

[06:04:59.488] [bmv2] [T] [thread 247331] bm_table_add_entry
[06:04:59.488] [bmv2] [D] [thread 247331] Entry 71 added to table 'MyIngress.ipv4_lpm'
[06:04:59.488] [bmv2] [D] [thread 247331] Dumping entry 71
Match key:
* hdr.ipv4.dstAddr              : LPM       0a00050f/32
* standard_metadata.ingress_port: EXACT     0003
Action entry: MyIngress.ipv4_forward - a00050f,2,

[06:04:59.489] [bmv2] [T] [thread 247331] bm_table_add_entry
[06:04:59.489] [bmv2] [D] [thread 247331] Entry 72 added to table 'MyIngress.ipv4_lpm'
[06:04:59.489] [bmv2] [D] [thread 247331] Dumping entry 72
Match key:
* hdr.ipv4.dstAddr              : LPM       0a00050f/32
* standard_metadata.ingress_port: EXACT     0004
Action entry: MyIngress.ipv4_forward - a00050f,2,

[06:04:59.490] [bmv2] [T] [thread 247331] bm_table_add_entry
[06:04:59.490] [bmv2] [D] [thread 247331] Entry 73 added to table 'MyIngress.ipv4_lpm'
[06:04:59.490] [bmv2] [D] [thread 247331] Dumping entry 73
Match key:
* hdr.ipv4.dstAddr              : LPM       0a00050f/32
* standard_metadata.ingress_port: EXACT     0005
Action entry: MyIngress.ipv4_forward - a00050f,2,

[06:04:59.491] [bmv2] [T] [thread 247331] bm_table_add_entry
[06:04:59.491] [bmv2] [D] [thread 247331] Entry 74 added to table 'MyIngress.ipv4_lpm'
[06:04:59.491] [bmv2] [D] [thread 247331] Dumping entry 74
Match key:
* hdr.ipv4.dstAddr              : LPM       0a00050f/32
* standard_metadata.ingress_port: EXACT     0006
Action entry: MyIngress.ipv4_forward - a00050f,2,

[06:04:59.491] [bmv2] [T] [thread 247331] bm_table_add_entry
[06:04:59.491] [bmv2] [D] [thread 247331] Entry 75 added to table 'MyIngress.ipv4_lpm'
[06:04:59.491] [bmv2] [D] [thread 247331] Dumping entry 75
Match key:
* hdr.ipv4.dstAddr              : LPM       0a000610/32
* standard_metadata.ingress_port: EXACT     0001
Action entry: MyIngress.ipv4_forward - a000610,2,

[06:04:59.492] [bmv2] [T] [thread 247331] bm_table_add_entry
[06:04:59.492] [bmv2] [D] [thread 247331] Entry 76 added to table 'MyIngress.ipv4_lpm'
[06:04:59.492] [bmv2] [D] [thread 247331] Dumping entry 76
Match key:
* hdr.ipv4.dstAddr              : LPM       0a000610/32
* standard_metadata.ingress_port: EXACT     0003
Action entry: MyIngress.ipv4_forward - a000610,2,

[06:04:59.493] [bmv2] [T] [thread 247331] bm_table_add_entry
[06:04:59.493] [bmv2] [D] [thread 247331] Entry 77 added to table 'MyIngress.ipv4_lpm'
[06:04:59.493] [bmv2] [D] [thread 247331] Dumping entry 77
Match key:
* hdr.ipv4.dstAddr              : LPM       0a000610/32
* standard_metadata.ingress_port: EXACT     0004
Action entry: MyIngress.ipv4_forward - a000610,2,

[06:04:59.494] [bmv2] [T] [thread 247331] bm_table_add_entry
[06:04:59.494] [bmv2] [D] [thread 247331] Entry 78 added to table 'MyIngress.ipv4_lpm'
[06:04:59.494] [bmv2] [D] [thread 247331] Dumping entry 78
Match key:
* hdr.ipv4.dstAddr              : LPM       0a000610/32
* standard_metadata.ingress_port: EXACT     0005
Action entry: MyIngress.ipv4_forward - a000610,2,

[06:04:59.495] [bmv2] [T] [thread 247331] bm_table_add_entry
[06:04:59.495] [bmv2] [D] [thread 247331] Entry 79 added to table 'MyIngress.ipv4_lpm'
[06:04:59.495] [bmv2] [D] [thread 247331] Dumping entry 79
Match key:
* hdr.ipv4.dstAddr              : LPM       0a000610/32
* standard_metadata.ingress_port: EXACT     0006
Action entry: MyIngress.ipv4_forward - a000610,2,

[06:04:59.495] [bmv2] [T] [thread 247331] bm_table_add_entry
[06:04:59.496] [bmv2] [D] [thread 247331] Entry 80 added to table 'MyIngress.ipv4_lpm'
[06:04:59.496] [bmv2] [D] [thread 247331] Dumping entry 80
Match key:
* hdr.ipv4.dstAddr              : LPM       0a000611/32
* standard_metadata.ingress_port: EXACT     0001
Action entry: MyIngress.ipv4_forward - a000611,2,

[06:04:59.496] [bmv2] [T] [thread 247331] bm_table_add_entry
[06:04:59.496] [bmv2] [D] [thread 247331] Entry 81 added to table 'MyIngress.ipv4_lpm'
[06:04:59.496] [bmv2] [D] [thread 247331] Dumping entry 81
Match key:
* hdr.ipv4.dstAddr              : LPM       0a000611/32
* standard_metadata.ingress_port: EXACT     0003
Action entry: MyIngress.ipv4_forward - a000611,2,

[06:04:59.497] [bmv2] [T] [thread 247331] bm_table_add_entry
[06:04:59.497] [bmv2] [D] [thread 247331] Entry 82 added to table 'MyIngress.ipv4_lpm'
[06:04:59.497] [bmv2] [D] [thread 247331] Dumping entry 82
Match key:
* hdr.ipv4.dstAddr              : LPM       0a000611/32
* standard_metadata.ingress_port: EXACT     0004
Action entry: MyIngress.ipv4_forward - a000611,2,

[06:04:59.498] [bmv2] [T] [thread 247331] bm_table_add_entry
[06:04:59.498] [bmv2] [D] [thread 247331] Entry 83 added to table 'MyIngress.ipv4_lpm'
[06:04:59.498] [bmv2] [D] [thread 247331] Dumping entry 83
Match key:
* hdr.ipv4.dstAddr              : LPM       0a000611/32
* standard_metadata.ingress_port: EXACT     0005
Action entry: MyIngress.ipv4_forward - a000611,2,

[06:04:59.499] [bmv2] [T] [thread 247331] bm_table_add_entry
[06:04:59.499] [bmv2] [D] [thread 247331] Entry 84 added to table 'MyIngress.ipv4_lpm'
[06:04:59.499] [bmv2] [D] [thread 247331] Dumping entry 84
Match key:
* hdr.ipv4.dstAddr              : LPM       0a000611/32
* standard_metadata.ingress_port: EXACT     0006
Action entry: MyIngress.ipv4_forward - a000611,2,

[06:04:59.499] [bmv2] [T] [thread 247331] bm_table_add_entry
[06:04:59.499] [bmv2] [D] [thread 247331] Entry 85 added to table 'MyIngress.ipv4_lpm'
[06:04:59.499] [bmv2] [D] [thread 247331] Dumping entry 85
Match key:
* hdr.ipv4.dstAddr              : LPM       0a000612/32
* standard_metadata.ingress_port: EXACT     0001
Action entry: MyIngress.ipv4_forward - a000612,2,

[06:04:59.500] [bmv2] [T] [thread 247331] bm_table_add_entry
[06:04:59.500] [bmv2] [D] [thread 247331] Entry 86 added to table 'MyIngress.ipv4_lpm'
[06:04:59.500] [bmv2] [D] [thread 247331] Dumping entry 86
Match key:
* hdr.ipv4.dstAddr              : LPM       0a000612/32
* standard_metadata.ingress_port: EXACT     0003
Action entry: MyIngress.ipv4_forward - a000612,2,

[06:04:59.501] [bmv2] [T] [thread 247331] bm_table_add_entry
[06:04:59.501] [bmv2] [D] [thread 247331] Entry 87 added to table 'MyIngress.ipv4_lpm'
[06:04:59.501] [bmv2] [D] [thread 247331] Dumping entry 87
Match key:
* hdr.ipv4.dstAddr              : LPM       0a000612/32
* standard_metadata.ingress_port: EXACT     0004
Action entry: MyIngress.ipv4_forward - a000612,2,

[06:04:59.502] [bmv2] [T] [thread 247331] bm_table_add_entry
[06:04:59.502] [bmv2] [D] [thread 247331] Entry 88 added to table 'MyIngress.ipv4_lpm'
[06:04:59.502] [bmv2] [D] [thread 247331] Dumping entry 88
Match key:
* hdr.ipv4.dstAddr              : LPM       0a000612/32
* standard_metadata.ingress_port: EXACT     0005
Action entry: MyIngress.ipv4_forward - a000612,2,

[06:04:59.503] [bmv2] [T] [thread 247331] bm_table_add_entry
[06:04:59.503] [bmv2] [D] [thread 247331] Entry 89 added to table 'MyIngress.ipv4_lpm'
[06:04:59.503] [bmv2] [D] [thread 247331] Dumping entry 89
Match key:
* hdr.ipv4.dstAddr              : LPM       0a000612/32
* standard_metadata.ingress_port: EXACT     0006
Action entry: MyIngress.ipv4_forward - a000612,2,

[06:04:59.504] [bmv2] [T] [thread 247331] bm_table_add_entry
[06:04:59.504] [bmv2] [D] [thread 247331] Entry 90 added to table 'MyIngress.ipv4_lpm'
[06:04:59.504] [bmv2] [D] [thread 247331] Dumping entry 90
Match key:
* hdr.ipv4.dstAddr              : LPM       0a000713/32
* standard_metadata.ingress_port: EXACT     0001
Action entry: MyIngress.ipv4_forward - a000713,3,

[06:04:59.505] [bmv2] [T] [thread 247331] bm_table_add_entry
[06:04:59.505] [bmv2] [D] [thread 247331] Entry 91 added to table 'MyIngress.ipv4_lpm'
[06:04:59.505] [bmv2] [D] [thread 247331] Dumping entry 91
Match key:
* hdr.ipv4.dstAddr              : LPM       0a000713/32
* standard_metadata.ingress_port: EXACT     0002
Action entry: MyIngress.ipv4_forward - a000713,3,

[06:04:59.505] [bmv2] [T] [thread 247331] bm_table_add_entry
[06:04:59.506] [bmv2] [D] [thread 247331] Entry 92 added to table 'MyIngress.ipv4_lpm'
[06:04:59.506] [bmv2] [D] [thread 247331] Dumping entry 92
Match key:
* hdr.ipv4.dstAddr              : LPM       0a000713/32
* standard_metadata.ingress_port: EXACT     0004
Action entry: MyIngress.ipv4_forward - a000713,3,

[06:04:59.506] [bmv2] [T] [thread 247331] bm_table_add_entry
[06:04:59.506] [bmv2] [D] [thread 247331] Entry 93 added to table 'MyIngress.ipv4_lpm'
[06:04:59.506] [bmv2] [D] [thread 247331] Dumping entry 93
Match key:
* hdr.ipv4.dstAddr              : LPM       0a000713/32
* standard_metadata.ingress_port: EXACT     0005
Action entry: MyIngress.ipv4_forward - a000713,3,

[06:04:59.507] [bmv2] [T] [thread 247331] bm_table_add_entry
[06:04:59.507] [bmv2] [D] [thread 247331] Entry 94 added to table 'MyIngress.ipv4_lpm'
[06:04:59.507] [bmv2] [D] [thread 247331] Dumping entry 94
Match key:
* hdr.ipv4.dstAddr              : LPM       0a000713/32
* standard_metadata.ingress_port: EXACT     0006
Action entry: MyIngress.ipv4_forward - a000713,3,

[06:04:59.508] [bmv2] [T] [thread 247331] bm_table_add_entry
[06:04:59.508] [bmv2] [D] [thread 247331] Entry 95 added to table 'MyIngress.ipv4_lpm'
[06:04:59.508] [bmv2] [D] [thread 247331] Dumping entry 95
Match key:
* hdr.ipv4.dstAddr              : LPM       0a000714/32
* standard_metadata.ingress_port: EXACT     0001
Action entry: MyIngress.ipv4_forward - a000714,3,

[06:04:59.509] [bmv2] [T] [thread 247331] bm_table_add_entry
[06:04:59.509] [bmv2] [D] [thread 247331] Entry 96 added to table 'MyIngress.ipv4_lpm'
[06:04:59.509] [bmv2] [D] [thread 247331] Dumping entry 96
Match key:
* hdr.ipv4.dstAddr              : LPM       0a000714/32
* standard_metadata.ingress_port: EXACT     0002
Action entry: MyIngress.ipv4_forward - a000714,3,

[06:04:59.510] [bmv2] [T] [thread 247331] bm_table_add_entry
[06:04:59.510] [bmv2] [D] [thread 247331] Entry 97 added to table 'MyIngress.ipv4_lpm'
[06:04:59.510] [bmv2] [D] [thread 247331] Dumping entry 97
Match key:
* hdr.ipv4.dstAddr              : LPM       0a000714/32
* standard_metadata.ingress_port: EXACT     0004
Action entry: MyIngress.ipv4_forward - a000714,3,

[06:04:59.511] [bmv2] [T] [thread 247331] bm_table_add_entry
[06:04:59.511] [bmv2] [D] [thread 247331] Entry 98 added to table 'MyIngress.ipv4_lpm'
[06:04:59.511] [bmv2] [D] [thread 247331] Dumping entry 98
Match key:
* hdr.ipv4.dstAddr              : LPM       0a000714/32
* standard_metadata.ingress_port: EXACT     0005
Action entry: MyIngress.ipv4_forward - a000714,3,

[06:04:59.512] [bmv2] [T] [thread 247331] bm_table_add_entry
[06:04:59.512] [bmv2] [D] [thread 247331] Entry 99 added to table 'MyIngress.ipv4_lpm'
[06:04:59.512] [bmv2] [D] [thread 247331] Dumping entry 99
Match key:
* hdr.ipv4.dstAddr              : LPM       0a000714/32
* standard_metadata.ingress_port: EXACT     0006
Action entry: MyIngress.ipv4_forward - a000714,3,

[06:04:59.513] [bmv2] [T] [thread 247331] bm_table_add_entry
[06:04:59.513] [bmv2] [D] [thread 247331] Entry 100 added to table 'MyIngress.ipv4_lpm'
[06:04:59.514] [bmv2] [D] [thread 247331] Dumping entry 100
Match key:
* hdr.ipv4.dstAddr              : LPM       0a000715/32
* standard_metadata.ingress_port: EXACT     0001
Action entry: MyIngress.ipv4_forward - a000715,3,

[06:04:59.514] [bmv2] [T] [thread 247331] bm_table_add_entry
[06:04:59.514] [bmv2] [D] [thread 247331] Entry 101 added to table 'MyIngress.ipv4_lpm'
[06:04:59.514] [bmv2] [D] [thread 247331] Dumping entry 101
Match key:
* hdr.ipv4.dstAddr              : LPM       0a000715/32
* standard_metadata.ingress_port: EXACT     0002
Action entry: MyIngress.ipv4_forward - a000715,3,

[06:04:59.515] [bmv2] [T] [thread 247331] bm_table_add_entry
[06:04:59.515] [bmv2] [D] [thread 247331] Entry 102 added to table 'MyIngress.ipv4_lpm'
[06:04:59.515] [bmv2] [D] [thread 247331] Dumping entry 102
Match key:
* hdr.ipv4.dstAddr              : LPM       0a000715/32
* standard_metadata.ingress_port: EXACT     0004
Action entry: MyIngress.ipv4_forward - a000715,3,

[06:04:59.516] [bmv2] [T] [thread 247331] bm_table_add_entry
[06:04:59.516] [bmv2] [D] [thread 247331] Entry 103 added to table 'MyIngress.ipv4_lpm'
[06:04:59.516] [bmv2] [D] [thread 247331] Dumping entry 103
Match key:
* hdr.ipv4.dstAddr              : LPM       0a000715/32
* standard_metadata.ingress_port: EXACT     0005
Action entry: MyIngress.ipv4_forward - a000715,3,

[06:04:59.517] [bmv2] [T] [thread 247331] bm_table_add_entry
[06:04:59.517] [bmv2] [D] [thread 247331] Entry 104 added to table 'MyIngress.ipv4_lpm'
[06:04:59.517] [bmv2] [D] [thread 247331] Dumping entry 104
Match key:
* hdr.ipv4.dstAddr              : LPM       0a000715/32
* standard_metadata.ingress_port: EXACT     0006
Action entry: MyIngress.ipv4_forward - a000715,3,

[06:04:59.518] [bmv2] [T] [thread 247331] bm_table_add_entry
[06:04:59.518] [bmv2] [D] [thread 247331] Entry 105 added to table 'MyIngress.ipv4_lpm'
[06:04:59.518] [bmv2] [D] [thread 247331] Dumping entry 105
Match key:
* hdr.ipv4.dstAddr              : LPM       0a000816/32
* standard_metadata.ingress_port: EXACT     0001
Action entry: MyIngress.ipv4_forward - a000816,3,

[06:04:59.518] [bmv2] [T] [thread 247331] bm_table_add_entry
[06:04:59.519] [bmv2] [D] [thread 247331] Entry 106 added to table 'MyIngress.ipv4_lpm'
[06:04:59.519] [bmv2] [D] [thread 247331] Dumping entry 106
Match key:
* hdr.ipv4.dstAddr              : LPM       0a000816/32
* standard_metadata.ingress_port: EXACT     0002
Action entry: MyIngress.ipv4_forward - a000816,3,

[06:04:59.519] [bmv2] [T] [thread 247331] bm_table_add_entry
[06:04:59.519] [bmv2] [D] [thread 247331] Entry 107 added to table 'MyIngress.ipv4_lpm'
[06:04:59.519] [bmv2] [D] [thread 247331] Dumping entry 107
Match key:
* hdr.ipv4.dstAddr              : LPM       0a000816/32
* standard_metadata.ingress_port: EXACT     0004
Action entry: MyIngress.ipv4_forward - a000816,3,

[06:04:59.520] [bmv2] [T] [thread 247331] bm_table_add_entry
[06:04:59.520] [bmv2] [D] [thread 247331] Entry 108 added to table 'MyIngress.ipv4_lpm'
[06:04:59.520] [bmv2] [D] [thread 247331] Dumping entry 108
Match key:
* hdr.ipv4.dstAddr              : LPM       0a000816/32
* standard_metadata.ingress_port: EXACT     0005
Action entry: MyIngress.ipv4_forward - a000816,3,

[06:04:59.521] [bmv2] [T] [thread 247331] bm_table_add_entry
[06:04:59.521] [bmv2] [D] [thread 247331] Entry 109 added to table 'MyIngress.ipv4_lpm'
[06:04:59.521] [bmv2] [D] [thread 247331] Dumping entry 109
Match key:
* hdr.ipv4.dstAddr              : LPM       0a000816/32
* standard_metadata.ingress_port: EXACT     0006
Action entry: MyIngress.ipv4_forward - a000816,3,

[06:04:59.521] [bmv2] [T] [thread 247331] bm_table_add_entry
[06:04:59.522] [bmv2] [D] [thread 247331] Entry 110 added to table 'MyIngress.ipv4_lpm'
[06:04:59.522] [bmv2] [D] [thread 247331] Dumping entry 110
Match key:
* hdr.ipv4.dstAddr              : LPM       0a000817/32
* standard_metadata.ingress_port: EXACT     0001
Action entry: MyIngress.ipv4_forward - a000817,3,

[06:04:59.522] [bmv2] [T] [thread 247331] bm_table_add_entry
[06:04:59.522] [bmv2] [D] [thread 247331] Entry 111 added to table 'MyIngress.ipv4_lpm'
[06:04:59.523] [bmv2] [D] [thread 247331] Dumping entry 111
Match key:
* hdr.ipv4.dstAddr              : LPM       0a000817/32
* standard_metadata.ingress_port: EXACT     0002
Action entry: MyIngress.ipv4_forward - a000817,3,

[06:04:59.523] [bmv2] [T] [thread 247331] bm_table_add_entry
[06:04:59.523] [bmv2] [D] [thread 247331] Entry 112 added to table 'MyIngress.ipv4_lpm'
[06:04:59.523] [bmv2] [D] [thread 247331] Dumping entry 112
Match key:
* hdr.ipv4.dstAddr              : LPM       0a000817/32
* standard_metadata.ingress_port: EXACT     0004
Action entry: MyIngress.ipv4_forward - a000817,3,

[06:04:59.524] [bmv2] [T] [thread 247331] bm_table_add_entry
[06:04:59.524] [bmv2] [D] [thread 247331] Entry 113 added to table 'MyIngress.ipv4_lpm'
[06:04:59.524] [bmv2] [D] [thread 247331] Dumping entry 113
Match key:
* hdr.ipv4.dstAddr              : LPM       0a000817/32
* standard_metadata.ingress_port: EXACT     0005
Action entry: MyIngress.ipv4_forward - a000817,3,

[06:04:59.525] [bmv2] [T] [thread 247331] bm_table_add_entry
[06:04:59.525] [bmv2] [D] [thread 247331] Entry 114 added to table 'MyIngress.ipv4_lpm'
[06:04:59.526] [bmv2] [D] [thread 247331] Dumping entry 114
Match key:
* hdr.ipv4.dstAddr              : LPM       0a000817/32
* standard_metadata.ingress_port: EXACT     0006
Action entry: MyIngress.ipv4_forward - a000817,3,

[06:04:59.526] [bmv2] [T] [thread 247331] bm_table_add_entry
[06:04:59.526] [bmv2] [D] [thread 247331] Entry 115 added to table 'MyIngress.ipv4_lpm'
[06:04:59.526] [bmv2] [D] [thread 247331] Dumping entry 115
Match key:
* hdr.ipv4.dstAddr              : LPM       0a000818/32
* standard_metadata.ingress_port: EXACT     0001
Action entry: MyIngress.ipv4_forward - a000818,3,

[06:04:59.527] [bmv2] [T] [thread 247331] bm_table_add_entry
[06:04:59.527] [bmv2] [D] [thread 247331] Entry 116 added to table 'MyIngress.ipv4_lpm'
[06:04:59.527] [bmv2] [D] [thread 247331] Dumping entry 116
Match key:
* hdr.ipv4.dstAddr              : LPM       0a000818/32
* standard_metadata.ingress_port: EXACT     0002
Action entry: MyIngress.ipv4_forward - a000818,3,

[06:04:59.528] [bmv2] [T] [thread 247331] bm_table_add_entry
[06:04:59.528] [bmv2] [D] [thread 247331] Entry 117 added to table 'MyIngress.ipv4_lpm'
[06:04:59.528] [bmv2] [D] [thread 247331] Dumping entry 117
Match key:
* hdr.ipv4.dstAddr              : LPM       0a000818/32
* standard_metadata.ingress_port: EXACT     0004
Action entry: MyIngress.ipv4_forward - a000818,3,

[06:04:59.529] [bmv2] [T] [thread 247331] bm_table_add_entry
[06:04:59.529] [bmv2] [D] [thread 247331] Entry 118 added to table 'MyIngress.ipv4_lpm'
[06:04:59.529] [bmv2] [D] [thread 247331] Dumping entry 118
Match key:
* hdr.ipv4.dstAddr              : LPM       0a000818/32
* standard_metadata.ingress_port: EXACT     0005
Action entry: MyIngress.ipv4_forward - a000818,3,

[06:04:59.530] [bmv2] [T] [thread 247331] bm_table_add_entry
[06:04:59.530] [bmv2] [D] [thread 247331] Entry 119 added to table 'MyIngress.ipv4_lpm'
[06:04:59.530] [bmv2] [D] [thread 247331] Dumping entry 119
Match key:
* hdr.ipv4.dstAddr              : LPM       0a000818/32
* standard_metadata.ingress_port: EXACT     0006
Action entry: MyIngress.ipv4_forward - a000818,3,

[06:04:59.530] [bmv2] [T] [thread 247331] bm_table_add_entry
[06:04:59.531] [bmv2] [D] [thread 247331] Entry 120 added to table 'MyIngress.ipv4_lpm'
[06:04:59.531] [bmv2] [D] [thread 247331] Dumping entry 120
Match key:
* hdr.ipv4.dstAddr              : LPM       0a000919/32
* standard_metadata.ingress_port: EXACT     0001
Action entry: MyIngress.ipv4_forward - a000919,3,

[06:04:59.531] [bmv2] [T] [thread 247331] bm_table_add_entry
[06:04:59.531] [bmv2] [D] [thread 247331] Entry 121 added to table 'MyIngress.ipv4_lpm'
[06:04:59.531] [bmv2] [D] [thread 247331] Dumping entry 121
Match key:
* hdr.ipv4.dstAddr              : LPM       0a000919/32
* standard_metadata.ingress_port: EXACT     0002
Action entry: MyIngress.ipv4_forward - a000919,3,

[06:04:59.532] [bmv2] [T] [thread 247331] bm_table_add_entry
[06:04:59.533] [bmv2] [D] [thread 247331] Entry 122 added to table 'MyIngress.ipv4_lpm'
[06:04:59.533] [bmv2] [D] [thread 247331] Dumping entry 122
Match key:
* hdr.ipv4.dstAddr              : LPM       0a000919/32
* standard_metadata.ingress_port: EXACT     0004
Action entry: MyIngress.ipv4_forward - a000919,3,

[06:04:59.533] [bmv2] [T] [thread 247331] bm_table_add_entry
[06:04:59.533] [bmv2] [D] [thread 247331] Entry 123 added to table 'MyIngress.ipv4_lpm'
[06:04:59.533] [bmv2] [D] [thread 247331] Dumping entry 123
Match key:
* hdr.ipv4.dstAddr              : LPM       0a000919/32
* standard_metadata.ingress_port: EXACT     0005
Action entry: MyIngress.ipv4_forward - a000919,3,

[06:04:59.534] [bmv2] [T] [thread 247331] bm_table_add_entry
[06:04:59.534] [bmv2] [D] [thread 247331] Entry 124 added to table 'MyIngress.ipv4_lpm'
[06:04:59.534] [bmv2] [D] [thread 247331] Dumping entry 124
Match key:
* hdr.ipv4.dstAddr              : LPM       0a000919/32
* standard_metadata.ingress_port: EXACT     0006
Action entry: MyIngress.ipv4_forward - a000919,3,

[06:04:59.535] [bmv2] [T] [thread 247331] bm_table_add_entry
[06:04:59.535] [bmv2] [D] [thread 247331] Entry 125 added to table 'MyIngress.ipv4_lpm'
[06:04:59.535] [bmv2] [D] [thread 247331] Dumping entry 125
Match key:
* hdr.ipv4.dstAddr              : LPM       0a00091a/32
* standard_metadata.ingress_port: EXACT     0001
Action entry: MyIngress.ipv4_forward - a00091a,3,

[06:04:59.535] [bmv2] [T] [thread 247331] bm_table_add_entry
[06:04:59.536] [bmv2] [D] [thread 247331] Entry 126 added to table 'MyIngress.ipv4_lpm'
[06:04:59.536] [bmv2] [D] [thread 247331] Dumping entry 126
Match key:
* hdr.ipv4.dstAddr              : LPM       0a00091a/32
* standard_metadata.ingress_port: EXACT     0002
Action entry: MyIngress.ipv4_forward - a00091a,3,

[06:04:59.536] [bmv2] [T] [thread 247331] bm_table_add_entry
[06:04:59.536] [bmv2] [D] [thread 247331] Entry 127 added to table 'MyIngress.ipv4_lpm'
[06:04:59.536] [bmv2] [D] [thread 247331] Dumping entry 127
Match key:
* hdr.ipv4.dstAddr              : LPM       0a00091a/32
* standard_metadata.ingress_port: EXACT     0004
Action entry: MyIngress.ipv4_forward - a00091a,3,

[06:04:59.537] [bmv2] [T] [thread 247331] bm_table_add_entry
[06:04:59.537] [bmv2] [D] [thread 247331] Entry 128 added to table 'MyIngress.ipv4_lpm'
[06:04:59.537] [bmv2] [D] [thread 247331] Dumping entry 128
Match key:
* hdr.ipv4.dstAddr              : LPM       0a00091a/32
* standard_metadata.ingress_port: EXACT     0005
Action entry: MyIngress.ipv4_forward - a00091a,3,

[06:04:59.538] [bmv2] [T] [thread 247331] bm_table_add_entry
[06:04:59.538] [bmv2] [D] [thread 247331] Entry 129 added to table 'MyIngress.ipv4_lpm'
[06:04:59.538] [bmv2] [D] [thread 247331] Dumping entry 129
Match key:
* hdr.ipv4.dstAddr              : LPM       0a00091a/32
* standard_metadata.ingress_port: EXACT     0006
Action entry: MyIngress.ipv4_forward - a00091a,3,

[06:04:59.539] [bmv2] [T] [thread 247331] bm_table_add_entry
[06:04:59.539] [bmv2] [D] [thread 247331] Entry 130 added to table 'MyIngress.ipv4_lpm'
[06:04:59.539] [bmv2] [D] [thread 247331] Dumping entry 130
Match key:
* hdr.ipv4.dstAddr              : LPM       0a00091b/32
* standard_metadata.ingress_port: EXACT     0001
Action entry: MyIngress.ipv4_forward - a00091b,3,

[06:04:59.539] [bmv2] [T] [thread 247331] bm_table_add_entry
[06:04:59.540] [bmv2] [D] [thread 247331] Entry 131 added to table 'MyIngress.ipv4_lpm'
[06:04:59.540] [bmv2] [D] [thread 247331] Dumping entry 131
Match key:
* hdr.ipv4.dstAddr              : LPM       0a00091b/32
* standard_metadata.ingress_port: EXACT     0002
Action entry: MyIngress.ipv4_forward - a00091b,3,

[06:04:59.540] [bmv2] [T] [thread 247331] bm_table_add_entry
[06:04:59.540] [bmv2] [D] [thread 247331] Entry 132 added to table 'MyIngress.ipv4_lpm'
[06:04:59.540] [bmv2] [D] [thread 247331] Dumping entry 132
Match key:
* hdr.ipv4.dstAddr              : LPM       0a00091b/32
* standard_metadata.ingress_port: EXACT     0004
Action entry: MyIngress.ipv4_forward - a00091b,3,

[06:04:59.541] [bmv2] [T] [thread 247331] bm_table_add_entry
[06:04:59.541] [bmv2] [D] [thread 247331] Entry 133 added to table 'MyIngress.ipv4_lpm'
[06:04:59.541] [bmv2] [D] [thread 247331] Dumping entry 133
Match key:
* hdr.ipv4.dstAddr              : LPM       0a00091b/32
* standard_metadata.ingress_port: EXACT     0005
Action entry: MyIngress.ipv4_forward - a00091b,3,

[06:04:59.542] [bmv2] [T] [thread 247331] bm_table_add_entry
[06:04:59.542] [bmv2] [D] [thread 247331] Entry 134 added to table 'MyIngress.ipv4_lpm'
[06:04:59.542] [bmv2] [D] [thread 247331] Dumping entry 134
Match key:
* hdr.ipv4.dstAddr              : LPM       0a00091b/32
* standard_metadata.ingress_port: EXACT     0006
Action entry: MyIngress.ipv4_forward - a00091b,3,

[06:04:59.543] [bmv2] [T] [thread 247331] bm_table_add_entry
[06:04:59.543] [bmv2] [D] [thread 247331] Entry 135 added to table 'MyIngress.ipv4_lpm'
[06:04:59.543] [bmv2] [D] [thread 247331] Dumping entry 135
Match key:
* hdr.ipv4.dstAddr              : LPM       0a000a1c/32
* standard_metadata.ingress_port: EXACT     0001
Action entry: MyIngress.ipv4_forward - a000a1c,4,

[06:04:59.544] [bmv2] [T] [thread 247331] bm_table_add_entry
[06:04:59.544] [bmv2] [D] [thread 247331] Entry 136 added to table 'MyIngress.ipv4_lpm'
[06:04:59.544] [bmv2] [D] [thread 247331] Dumping entry 136
Match key:
* hdr.ipv4.dstAddr              : LPM       0a000a1c/32
* standard_metadata.ingress_port: EXACT     0002
Action entry: MyIngress.ipv4_forward - a000a1c,4,

[06:04:59.545] [bmv2] [T] [thread 247331] bm_table_add_entry
[06:04:59.545] [bmv2] [D] [thread 247331] Entry 137 added to table 'MyIngress.ipv4_lpm'
[06:04:59.545] [bmv2] [D] [thread 247331] Dumping entry 137
Match key:
* hdr.ipv4.dstAddr              : LPM       0a000a1c/32
* standard_metadata.ingress_port: EXACT     0003
Action entry: MyIngress.ipv4_forward - a000a1c,4,

[06:04:59.545] [bmv2] [T] [thread 247331] bm_table_add_entry
[06:04:59.545] [bmv2] [D] [thread 247331] Entry 138 added to table 'MyIngress.ipv4_lpm'
[06:04:59.546] [bmv2] [D] [thread 247331] Dumping entry 138
Match key:
* hdr.ipv4.dstAddr              : LPM       0a000a1c/32
* standard_metadata.ingress_port: EXACT     0005
Action entry: MyIngress.ipv4_forward - a000a1c,4,

[06:04:59.546] [bmv2] [T] [thread 247331] bm_table_add_entry
[06:04:59.546] [bmv2] [D] [thread 247331] Entry 139 added to table 'MyIngress.ipv4_lpm'
[06:04:59.546] [bmv2] [D] [thread 247331] Dumping entry 139
Match key:
* hdr.ipv4.dstAddr              : LPM       0a000a1c/32
* standard_metadata.ingress_port: EXACT     0006
Action entry: MyIngress.ipv4_forward - a000a1c,4,

[06:04:59.547] [bmv2] [T] [thread 247331] bm_table_add_entry
[06:04:59.547] [bmv2] [D] [thread 247331] Entry 140 added to table 'MyIngress.ipv4_lpm'
[06:04:59.547] [bmv2] [D] [thread 247331] Dumping entry 140
Match key:
* hdr.ipv4.dstAddr              : LPM       0a000a1d/32
* standard_metadata.ingress_port: EXACT     0001
Action entry: MyIngress.ipv4_forward - a000a1d,4,

[06:04:59.548] [bmv2] [T] [thread 247331] bm_table_add_entry
[06:04:59.548] [bmv2] [D] [thread 247331] Entry 141 added to table 'MyIngress.ipv4_lpm'
[06:04:59.548] [bmv2] [D] [thread 247331] Dumping entry 141
Match key:
* hdr.ipv4.dstAddr              : LPM       0a000a1d/32
* standard_metadata.ingress_port: EXACT     0002
Action entry: MyIngress.ipv4_forward - a000a1d,4,

[06:04:59.549] [bmv2] [T] [thread 247331] bm_table_add_entry
[06:04:59.549] [bmv2] [D] [thread 247331] Entry 142 added to table 'MyIngress.ipv4_lpm'
[06:04:59.549] [bmv2] [D] [thread 247331] Dumping entry 142
Match key:
* hdr.ipv4.dstAddr              : LPM       0a000a1d/32
* standard_metadata.ingress_port: EXACT     0003
Action entry: MyIngress.ipv4_forward - a000a1d,4,

[06:04:59.550] [bmv2] [T] [thread 247331] bm_table_add_entry
[06:04:59.550] [bmv2] [D] [thread 247331] Entry 143 added to table 'MyIngress.ipv4_lpm'
[06:04:59.550] [bmv2] [D] [thread 247331] Dumping entry 143
Match key:
* hdr.ipv4.dstAddr              : LPM       0a000a1d/32
* standard_metadata.ingress_port: EXACT     0005
Action entry: MyIngress.ipv4_forward - a000a1d,4,

[06:04:59.550] [bmv2] [T] [thread 247331] bm_table_add_entry
[06:04:59.550] [bmv2] [D] [thread 247331] Entry 144 added to table 'MyIngress.ipv4_lpm'
[06:04:59.550] [bmv2] [D] [thread 247331] Dumping entry 144
Match key:
* hdr.ipv4.dstAddr              : LPM       0a000a1d/32
* standard_metadata.ingress_port: EXACT     0006
Action entry: MyIngress.ipv4_forward - a000a1d,4,

[06:04:59.551] [bmv2] [T] [thread 247331] bm_table_add_entry
[06:04:59.551] [bmv2] [D] [thread 247331] Entry 145 added to table 'MyIngress.ipv4_lpm'
[06:04:59.551] [bmv2] [D] [thread 247331] Dumping entry 145
Match key:
* hdr.ipv4.dstAddr              : LPM       0a000a1e/32
* standard_metadata.ingress_port: EXACT     0001
Action entry: MyIngress.ipv4_forward - a000a1e,4,

[06:04:59.552] [bmv2] [T] [thread 247331] bm_table_add_entry
[06:04:59.552] [bmv2] [D] [thread 247331] Entry 146 added to table 'MyIngress.ipv4_lpm'
[06:04:59.552] [bmv2] [D] [thread 247331] Dumping entry 146
Match key:
* hdr.ipv4.dstAddr              : LPM       0a000a1e/32
* standard_metadata.ingress_port: EXACT     0002
Action entry: MyIngress.ipv4_forward - a000a1e,4,

[06:04:59.553] [bmv2] [T] [thread 247331] bm_table_add_entry
[06:04:59.553] [bmv2] [D] [thread 247331] Entry 147 added to table 'MyIngress.ipv4_lpm'
[06:04:59.553] [bmv2] [D] [thread 247331] Dumping entry 147
Match key:
* hdr.ipv4.dstAddr              : LPM       0a000a1e/32
* standard_metadata.ingress_port: EXACT     0003
Action entry: MyIngress.ipv4_forward - a000a1e,4,

[06:04:59.553] [bmv2] [T] [thread 247331] bm_table_add_entry
[06:04:59.553] [bmv2] [D] [thread 247331] Entry 148 added to table 'MyIngress.ipv4_lpm'
[06:04:59.553] [bmv2] [D] [thread 247331] Dumping entry 148
Match key:
* hdr.ipv4.dstAddr              : LPM       0a000a1e/32
* standard_metadata.ingress_port: EXACT     0005
Action entry: MyIngress.ipv4_forward - a000a1e,4,

[06:04:59.554] [bmv2] [T] [thread 247331] bm_table_add_entry
[06:04:59.554] [bmv2] [D] [thread 247331] Entry 149 added to table 'MyIngress.ipv4_lpm'
[06:04:59.554] [bmv2] [D] [thread 247331] Dumping entry 149
Match key:
* hdr.ipv4.dstAddr              : LPM       0a000a1e/32
* standard_metadata.ingress_port: EXACT     0006
Action entry: MyIngress.ipv4_forward - a000a1e,4,

[06:04:59.555] [bmv2] [T] [thread 247331] bm_table_add_entry
[06:04:59.555] [bmv2] [D] [thread 247331] Entry 150 added to table 'MyIngress.ipv4_lpm'
[06:04:59.555] [bmv2] [D] [thread 247331] Dumping entry 150
Match key:
* hdr.ipv4.dstAddr              : LPM       0a000b1f/32
* standard_metadata.ingress_port: EXACT     0001
Action entry: MyIngress.ipv4_forward - a000b1f,4,

[06:04:59.555] [bmv2] [T] [thread 247331] bm_table_add_entry
[06:04:59.556] [bmv2] [D] [thread 247331] Entry 151 added to table 'MyIngress.ipv4_lpm'
[06:04:59.556] [bmv2] [D] [thread 247331] Dumping entry 151
Match key:
* hdr.ipv4.dstAddr              : LPM       0a000b1f/32
* standard_metadata.ingress_port: EXACT     0002
Action entry: MyIngress.ipv4_forward - a000b1f,4,

[06:04:59.556] [bmv2] [T] [thread 247331] bm_table_add_entry
[06:04:59.556] [bmv2] [D] [thread 247331] Entry 152 added to table 'MyIngress.ipv4_lpm'
[06:04:59.556] [bmv2] [D] [thread 247331] Dumping entry 152
Match key:
* hdr.ipv4.dstAddr              : LPM       0a000b1f/32
* standard_metadata.ingress_port: EXACT     0003
Action entry: MyIngress.ipv4_forward - a000b1f,4,

[06:04:59.557] [bmv2] [T] [thread 247331] bm_table_add_entry
[06:04:59.557] [bmv2] [D] [thread 247331] Entry 153 added to table 'MyIngress.ipv4_lpm'
[06:04:59.557] [bmv2] [D] [thread 247331] Dumping entry 153
Match key:
* hdr.ipv4.dstAddr              : LPM       0a000b1f/32
* standard_metadata.ingress_port: EXACT     0005
Action entry: MyIngress.ipv4_forward - a000b1f,4,

[06:04:59.558] [bmv2] [T] [thread 247331] bm_table_add_entry
[06:04:59.558] [bmv2] [D] [thread 247331] Entry 154 added to table 'MyIngress.ipv4_lpm'
[06:04:59.558] [bmv2] [D] [thread 247331] Dumping entry 154
Match key:
* hdr.ipv4.dstAddr              : LPM       0a000b1f/32
* standard_metadata.ingress_port: EXACT     0006
Action entry: MyIngress.ipv4_forward - a000b1f,4,

[06:04:59.559] [bmv2] [T] [thread 247331] bm_table_add_entry
[06:04:59.559] [bmv2] [D] [thread 247331] Entry 155 added to table 'MyIngress.ipv4_lpm'
[06:04:59.559] [bmv2] [D] [thread 247331] Dumping entry 155
Match key:
* hdr.ipv4.dstAddr              : LPM       0a000b20/32
* standard_metadata.ingress_port: EXACT     0001
Action entry: MyIngress.ipv4_forward - a000b20,4,

[06:04:59.559] [bmv2] [T] [thread 247331] bm_table_add_entry
[06:04:59.559] [bmv2] [D] [thread 247331] Entry 156 added to table 'MyIngress.ipv4_lpm'
[06:04:59.559] [bmv2] [D] [thread 247331] Dumping entry 156
Match key:
* hdr.ipv4.dstAddr              : LPM       0a000b20/32
* standard_metadata.ingress_port: EXACT     0002
Action entry: MyIngress.ipv4_forward - a000b20,4,

[06:04:59.560] [bmv2] [T] [thread 247331] bm_table_add_entry
[06:04:59.560] [bmv2] [D] [thread 247331] Entry 157 added to table 'MyIngress.ipv4_lpm'
[06:04:59.560] [bmv2] [D] [thread 247331] Dumping entry 157
Match key:
* hdr.ipv4.dstAddr              : LPM       0a000b20/32
* standard_metadata.ingress_port: EXACT     0003
Action entry: MyIngress.ipv4_forward - a000b20,4,

[06:04:59.561] [bmv2] [T] [thread 247331] bm_table_add_entry
[06:04:59.561] [bmv2] [D] [thread 247331] Entry 158 added to table 'MyIngress.ipv4_lpm'
[06:04:59.561] [bmv2] [D] [thread 247331] Dumping entry 158
Match key:
* hdr.ipv4.dstAddr              : LPM       0a000b20/32
* standard_metadata.ingress_port: EXACT     0005
Action entry: MyIngress.ipv4_forward - a000b20,4,

[06:04:59.561] [bmv2] [T] [thread 247331] bm_table_add_entry
[06:04:59.562] [bmv2] [D] [thread 247331] Entry 159 added to table 'MyIngress.ipv4_lpm'
[06:04:59.562] [bmv2] [D] [thread 247331] Dumping entry 159
Match key:
* hdr.ipv4.dstAddr              : LPM       0a000b20/32
* standard_metadata.ingress_port: EXACT     0006
Action entry: MyIngress.ipv4_forward - a000b20,4,

[06:04:59.562] [bmv2] [T] [thread 247331] bm_table_add_entry
[06:04:59.562] [bmv2] [D] [thread 247331] Entry 160 added to table 'MyIngress.ipv4_lpm'
[06:04:59.562] [bmv2] [D] [thread 247331] Dumping entry 160
Match key:
* hdr.ipv4.dstAddr              : LPM       0a000b21/32
* standard_metadata.ingress_port: EXACT     0001
Action entry: MyIngress.ipv4_forward - a000b21,4,

[06:04:59.563] [bmv2] [T] [thread 247331] bm_table_add_entry
[06:04:59.563] [bmv2] [D] [thread 247331] Entry 161 added to table 'MyIngress.ipv4_lpm'
[06:04:59.563] [bmv2] [D] [thread 247331] Dumping entry 161
Match key:
* hdr.ipv4.dstAddr              : LPM       0a000b21/32
* standard_metadata.ingress_port: EXACT     0002
Action entry: MyIngress.ipv4_forward - a000b21,4,

[06:04:59.564] [bmv2] [T] [thread 247331] bm_table_add_entry
[06:04:59.564] [bmv2] [D] [thread 247331] Entry 162 added to table 'MyIngress.ipv4_lpm'
[06:04:59.564] [bmv2] [D] [thread 247331] Dumping entry 162
Match key:
* hdr.ipv4.dstAddr              : LPM       0a000b21/32
* standard_metadata.ingress_port: EXACT     0003
Action entry: MyIngress.ipv4_forward - a000b21,4,

[06:04:59.564] [bmv2] [T] [thread 247331] bm_table_add_entry
[06:04:59.565] [bmv2] [D] [thread 247331] Entry 163 added to table 'MyIngress.ipv4_lpm'
[06:04:59.565] [bmv2] [D] [thread 247331] Dumping entry 163
Match key:
* hdr.ipv4.dstAddr              : LPM       0a000b21/32
* standard_metadata.ingress_port: EXACT     0005
Action entry: MyIngress.ipv4_forward - a000b21,4,

[06:04:59.565] [bmv2] [T] [thread 247331] bm_table_add_entry
[06:04:59.565] [bmv2] [D] [thread 247331] Entry 164 added to table 'MyIngress.ipv4_lpm'
[06:04:59.565] [bmv2] [D] [thread 247331] Dumping entry 164
Match key:
* hdr.ipv4.dstAddr              : LPM       0a000b21/32
* standard_metadata.ingress_port: EXACT     0006
Action entry: MyIngress.ipv4_forward - a000b21,4,

[06:04:59.566] [bmv2] [T] [thread 247331] bm_table_add_entry
[06:04:59.566] [bmv2] [D] [thread 247331] Entry 165 added to table 'MyIngress.ipv4_lpm'
[06:04:59.566] [bmv2] [D] [thread 247331] Dumping entry 165
Match key:
* hdr.ipv4.dstAddr              : LPM       0a000c22/32
* standard_metadata.ingress_port: EXACT     0001
Action entry: MyIngress.ipv4_forward - a000c22,4,

[06:04:59.567] [bmv2] [T] [thread 247331] bm_table_add_entry
[06:04:59.567] [bmv2] [D] [thread 247331] Entry 166 added to table 'MyIngress.ipv4_lpm'
[06:04:59.567] [bmv2] [D] [thread 247331] Dumping entry 166
Match key:
* hdr.ipv4.dstAddr              : LPM       0a000c22/32
* standard_metadata.ingress_port: EXACT     0002
Action entry: MyIngress.ipv4_forward - a000c22,4,

[06:04:59.567] [bmv2] [T] [thread 247331] bm_table_add_entry
[06:04:59.568] [bmv2] [D] [thread 247331] Entry 167 added to table 'MyIngress.ipv4_lpm'
[06:04:59.568] [bmv2] [D] [thread 247331] Dumping entry 167
Match key:
* hdr.ipv4.dstAddr              : LPM       0a000c22/32
* standard_metadata.ingress_port: EXACT     0003
Action entry: MyIngress.ipv4_forward - a000c22,4,

[06:04:59.568] [bmv2] [T] [thread 247331] bm_table_add_entry
[06:04:59.568] [bmv2] [D] [thread 247331] Entry 168 added to table 'MyIngress.ipv4_lpm'
[06:04:59.568] [bmv2] [D] [thread 247331] Dumping entry 168
Match key:
* hdr.ipv4.dstAddr              : LPM       0a000c22/32
* standard_metadata.ingress_port: EXACT     0005
Action entry: MyIngress.ipv4_forward - a000c22,4,

[06:04:59.569] [bmv2] [T] [thread 247331] bm_table_add_entry
[06:04:59.569] [bmv2] [D] [thread 247331] Entry 169 added to table 'MyIngress.ipv4_lpm'
[06:04:59.569] [bmv2] [D] [thread 247331] Dumping entry 169
Match key:
* hdr.ipv4.dstAddr              : LPM       0a000c22/32
* standard_metadata.ingress_port: EXACT     0006
Action entry: MyIngress.ipv4_forward - a000c22,4,

[06:04:59.570] [bmv2] [T] [thread 247331] bm_table_add_entry
[06:04:59.570] [bmv2] [D] [thread 247331] Entry 170 added to table 'MyIngress.ipv4_lpm'
[06:04:59.570] [bmv2] [D] [thread 247331] Dumping entry 170
Match key:
* hdr.ipv4.dstAddr              : LPM       0a000c23/32
* standard_metadata.ingress_port: EXACT     0001
Action entry: MyIngress.ipv4_forward - a000c23,4,

[06:04:59.571] [bmv2] [T] [thread 247331] bm_table_add_entry
[06:04:59.571] [bmv2] [D] [thread 247331] Entry 171 added to table 'MyIngress.ipv4_lpm'
[06:04:59.571] [bmv2] [D] [thread 247331] Dumping entry 171
Match key:
* hdr.ipv4.dstAddr              : LPM       0a000c23/32
* standard_metadata.ingress_port: EXACT     0002
Action entry: MyIngress.ipv4_forward - a000c23,4,

[06:04:59.572] [bmv2] [T] [thread 247331] bm_table_add_entry
[06:04:59.572] [bmv2] [D] [thread 247331] Entry 172 added to table 'MyIngress.ipv4_lpm'
[06:04:59.572] [bmv2] [D] [thread 247331] Dumping entry 172
Match key:
* hdr.ipv4.dstAddr              : LPM       0a000c23/32
* standard_metadata.ingress_port: EXACT     0003
Action entry: MyIngress.ipv4_forward - a000c23,4,

[06:04:59.572] [bmv2] [T] [thread 247331] bm_table_add_entry
[06:04:59.573] [bmv2] [D] [thread 247331] Entry 173 added to table 'MyIngress.ipv4_lpm'
[06:04:59.573] [bmv2] [D] [thread 247331] Dumping entry 173
Match key:
* hdr.ipv4.dstAddr              : LPM       0a000c23/32
* standard_metadata.ingress_port: EXACT     0005
Action entry: MyIngress.ipv4_forward - a000c23,4,

[06:04:59.573] [bmv2] [T] [thread 247331] bm_table_add_entry
[06:04:59.574] [bmv2] [D] [thread 247331] Entry 174 added to table 'MyIngress.ipv4_lpm'
[06:04:59.574] [bmv2] [D] [thread 247331] Dumping entry 174
Match key:
* hdr.ipv4.dstAddr              : LPM       0a000c23/32
* standard_metadata.ingress_port: EXACT     0006
Action entry: MyIngress.ipv4_forward - a000c23,4,

[06:04:59.574] [bmv2] [T] [thread 247331] bm_table_add_entry
[06:04:59.574] [bmv2] [D] [thread 247331] Entry 175 added to table 'MyIngress.ipv4_lpm'
[06:04:59.574] [bmv2] [D] [thread 247331] Dumping entry 175
Match key:
* hdr.ipv4.dstAddr              : LPM       0a000c24/32
* standard_metadata.ingress_port: EXACT     0001
Action entry: MyIngress.ipv4_forward - a000c24,4,

[06:04:59.575] [bmv2] [T] [thread 247331] bm_table_add_entry
[06:04:59.575] [bmv2] [D] [thread 247331] Entry 176 added to table 'MyIngress.ipv4_lpm'
[06:04:59.575] [bmv2] [D] [thread 247331] Dumping entry 176
Match key:
* hdr.ipv4.dstAddr              : LPM       0a000c24/32
* standard_metadata.ingress_port: EXACT     0002
Action entry: MyIngress.ipv4_forward - a000c24,4,

[06:04:59.576] [bmv2] [T] [thread 247331] bm_table_add_entry
[06:04:59.576] [bmv2] [D] [thread 247331] Entry 177 added to table 'MyIngress.ipv4_lpm'
[06:04:59.576] [bmv2] [D] [thread 247331] Dumping entry 177
Match key:
* hdr.ipv4.dstAddr              : LPM       0a000c24/32
* standard_metadata.ingress_port: EXACT     0003
Action entry: MyIngress.ipv4_forward - a000c24,4,

[06:04:59.576] [bmv2] [T] [thread 247331] bm_table_add_entry
[06:04:59.577] [bmv2] [D] [thread 247331] Entry 178 added to table 'MyIngress.ipv4_lpm'
[06:04:59.577] [bmv2] [D] [thread 247331] Dumping entry 178
Match key:
* hdr.ipv4.dstAddr              : LPM       0a000c24/32
* standard_metadata.ingress_port: EXACT     0005
Action entry: MyIngress.ipv4_forward - a000c24,4,

[06:04:59.578] [bmv2] [T] [thread 247331] bm_table_add_entry
[06:04:59.578] [bmv2] [D] [thread 247331] Entry 179 added to table 'MyIngress.ipv4_lpm'
[06:04:59.578] [bmv2] [D] [thread 247331] Dumping entry 179
Match key:
* hdr.ipv4.dstAddr              : LPM       0a000c24/32
* standard_metadata.ingress_port: EXACT     0006
Action entry: MyIngress.ipv4_forward - a000c24,4,

[06:04:59.578] [bmv2] [T] [thread 247331] bm_table_add_entry
[06:04:59.579] [bmv2] [D] [thread 247331] Entry 180 added to table 'MyIngress.ipv4_lpm'
[06:04:59.579] [bmv2] [D] [thread 247331] Dumping entry 180
Match key:
* hdr.ipv4.dstAddr              : LPM       0a000d25/32
* standard_metadata.ingress_port: EXACT     0001
Action entry: MyIngress.ipv4_forward - a000d25,5,

[06:04:59.579] [bmv2] [T] [thread 247331] bm_table_add_entry
[06:04:59.580] [bmv2] [D] [thread 247331] Entry 181 added to table 'MyIngress.ipv4_lpm'
[06:04:59.580] [bmv2] [D] [thread 247331] Dumping entry 181
Match key:
* hdr.ipv4.dstAddr              : LPM       0a000d25/32
* standard_metadata.ingress_port: EXACT     0002
Action entry: MyIngress.ipv4_forward - a000d25,5,

[06:04:59.580] [bmv2] [T] [thread 247331] bm_table_add_entry
[06:04:59.581] [bmv2] [D] [thread 247331] Entry 182 added to table 'MyIngress.ipv4_lpm'
[06:04:59.581] [bmv2] [D] [thread 247331] Dumping entry 182
Match key:
* hdr.ipv4.dstAddr              : LPM       0a000d25/32
* standard_metadata.ingress_port: EXACT     0003
Action entry: MyIngress.ipv4_forward - a000d25,5,

[06:04:59.582] [bmv2] [T] [thread 247331] bm_table_add_entry
[06:04:59.583] [bmv2] [D] [thread 247331] Entry 183 added to table 'MyIngress.ipv4_lpm'
[06:04:59.583] [bmv2] [D] [thread 247331] Dumping entry 183
Match key:
* hdr.ipv4.dstAddr              : LPM       0a000d25/32
* standard_metadata.ingress_port: EXACT     0004
Action entry: MyIngress.ipv4_forward - a000d25,5,

[06:04:59.583] [bmv2] [T] [thread 247331] bm_table_add_entry
[06:04:59.584] [bmv2] [D] [thread 247331] Entry 184 added to table 'MyIngress.ipv4_lpm'
[06:04:59.584] [bmv2] [D] [thread 247331] Dumping entry 184
Match key:
* hdr.ipv4.dstAddr              : LPM       0a000d25/32
* standard_metadata.ingress_port: EXACT     0006
Action entry: MyIngress.ipv4_forward - a000d25,5,

[06:04:59.584] [bmv2] [T] [thread 247331] bm_table_add_entry
[06:04:59.584] [bmv2] [D] [thread 247331] Entry 185 added to table 'MyIngress.ipv4_lpm'
[06:04:59.585] [bmv2] [D] [thread 247331] Dumping entry 185
Match key:
* hdr.ipv4.dstAddr              : LPM       0a000d26/32
* standard_metadata.ingress_port: EXACT     0001
Action entry: MyIngress.ipv4_forward - a000d26,5,

[06:04:59.585] [bmv2] [T] [thread 247331] bm_table_add_entry
[06:04:59.585] [bmv2] [D] [thread 247331] Entry 186 added to table 'MyIngress.ipv4_lpm'
[06:04:59.585] [bmv2] [D] [thread 247331] Dumping entry 186
Match key:
* hdr.ipv4.dstAddr              : LPM       0a000d26/32
* standard_metadata.ingress_port: EXACT     0002
Action entry: MyIngress.ipv4_forward - a000d26,5,

[06:04:59.586] [bmv2] [T] [thread 247331] bm_table_add_entry
[06:04:59.586] [bmv2] [D] [thread 247331] Entry 187 added to table 'MyIngress.ipv4_lpm'
[06:04:59.586] [bmv2] [D] [thread 247331] Dumping entry 187
Match key:
* hdr.ipv4.dstAddr              : LPM       0a000d26/32
* standard_metadata.ingress_port: EXACT     0003
Action entry: MyIngress.ipv4_forward - a000d26,5,

[06:04:59.587] [bmv2] [T] [thread 247331] bm_table_add_entry
[06:04:59.587] [bmv2] [D] [thread 247331] Entry 188 added to table 'MyIngress.ipv4_lpm'
[06:04:59.587] [bmv2] [D] [thread 247331] Dumping entry 188
Match key:
* hdr.ipv4.dstAddr              : LPM       0a000d26/32
* standard_metadata.ingress_port: EXACT     0004
Action entry: MyIngress.ipv4_forward - a000d26,5,

[06:04:59.588] [bmv2] [T] [thread 247331] bm_table_add_entry
[06:04:59.588] [bmv2] [D] [thread 247331] Entry 189 added to table 'MyIngress.ipv4_lpm'
[06:04:59.588] [bmv2] [D] [thread 247331] Dumping entry 189
Match key:
* hdr.ipv4.dstAddr              : LPM       0a000d26/32
* standard_metadata.ingress_port: EXACT     0006
Action entry: MyIngress.ipv4_forward - a000d26,5,

[06:04:59.589] [bmv2] [T] [thread 247331] bm_table_add_entry
[06:04:59.589] [bmv2] [D] [thread 247331] Entry 190 added to table 'MyIngress.ipv4_lpm'
[06:04:59.589] [bmv2] [D] [thread 247331] Dumping entry 190
Match key:
* hdr.ipv4.dstAddr              : LPM       0a000d27/32
* standard_metadata.ingress_port: EXACT     0001
Action entry: MyIngress.ipv4_forward - a000d27,5,

[06:04:59.590] [bmv2] [T] [thread 247331] bm_table_add_entry
[06:04:59.590] [bmv2] [D] [thread 247331] Entry 191 added to table 'MyIngress.ipv4_lpm'
[06:04:59.590] [bmv2] [D] [thread 247331] Dumping entry 191
Match key:
* hdr.ipv4.dstAddr              : LPM       0a000d27/32
* standard_metadata.ingress_port: EXACT     0002
Action entry: MyIngress.ipv4_forward - a000d27,5,

[06:04:59.590] [bmv2] [T] [thread 247331] bm_table_add_entry
[06:04:59.591] [bmv2] [D] [thread 247331] Entry 192 added to table 'MyIngress.ipv4_lpm'
[06:04:59.591] [bmv2] [D] [thread 247331] Dumping entry 192
Match key:
* hdr.ipv4.dstAddr              : LPM       0a000d27/32
* standard_metadata.ingress_port: EXACT     0003
Action entry: MyIngress.ipv4_forward - a000d27,5,

[06:04:59.591] [bmv2] [T] [thread 247331] bm_table_add_entry
[06:04:59.591] [bmv2] [D] [thread 247331] Entry 193 added to table 'MyIngress.ipv4_lpm'
[06:04:59.591] [bmv2] [D] [thread 247331] Dumping entry 193
Match key:
* hdr.ipv4.dstAddr              : LPM       0a000d27/32
* standard_metadata.ingress_port: EXACT     0004
Action entry: MyIngress.ipv4_forward - a000d27,5,

[06:04:59.592] [bmv2] [T] [thread 247331] bm_table_add_entry
[06:04:59.592] [bmv2] [D] [thread 247331] Entry 194 added to table 'MyIngress.ipv4_lpm'
[06:04:59.592] [bmv2] [D] [thread 247331] Dumping entry 194
Match key:
* hdr.ipv4.dstAddr              : LPM       0a000d27/32
* standard_metadata.ingress_port: EXACT     0006
Action entry: MyIngress.ipv4_forward - a000d27,5,

[06:04:59.593] [bmv2] [T] [thread 247331] bm_table_add_entry
[06:04:59.593] [bmv2] [D] [thread 247331] Entry 195 added to table 'MyIngress.ipv4_lpm'
[06:04:59.593] [bmv2] [D] [thread 247331] Dumping entry 195
Match key:
* hdr.ipv4.dstAddr              : LPM       0a000e28/32
* standard_metadata.ingress_port: EXACT     0001
Action entry: MyIngress.ipv4_forward - a000e28,5,

[06:04:59.594] [bmv2] [T] [thread 247331] bm_table_add_entry
[06:04:59.594] [bmv2] [D] [thread 247331] Entry 196 added to table 'MyIngress.ipv4_lpm'
[06:04:59.594] [bmv2] [D] [thread 247331] Dumping entry 196
Match key:
* hdr.ipv4.dstAddr              : LPM       0a000e28/32
* standard_metadata.ingress_port: EXACT     0002
Action entry: MyIngress.ipv4_forward - a000e28,5,

[06:04:59.595] [bmv2] [T] [thread 247331] bm_table_add_entry
[06:04:59.595] [bmv2] [D] [thread 247331] Entry 197 added to table 'MyIngress.ipv4_lpm'
[06:04:59.595] [bmv2] [D] [thread 247331] Dumping entry 197
Match key:
* hdr.ipv4.dstAddr              : LPM       0a000e28/32
* standard_metadata.ingress_port: EXACT     0003
Action entry: MyIngress.ipv4_forward - a000e28,5,

[06:04:59.595] [bmv2] [T] [thread 247331] bm_table_add_entry
[06:04:59.596] [bmv2] [D] [thread 247331] Entry 198 added to table 'MyIngress.ipv4_lpm'
[06:04:59.596] [bmv2] [D] [thread 247331] Dumping entry 198
Match key:
* hdr.ipv4.dstAddr              : LPM       0a000e28/32
* standard_metadata.ingress_port: EXACT     0004
Action entry: MyIngress.ipv4_forward - a000e28,5,

[06:04:59.596] [bmv2] [T] [thread 247331] bm_table_add_entry
[06:04:59.596] [bmv2] [D] [thread 247331] Entry 199 added to table 'MyIngress.ipv4_lpm'
[06:04:59.597] [bmv2] [D] [thread 247331] Dumping entry 199
Match key:
* hdr.ipv4.dstAddr              : LPM       0a000e28/32
* standard_metadata.ingress_port: EXACT     0006
Action entry: MyIngress.ipv4_forward - a000e28,5,

[06:04:59.597] [bmv2] [T] [thread 247331] bm_table_add_entry
[06:04:59.597] [bmv2] [D] [thread 247331] Entry 200 added to table 'MyIngress.ipv4_lpm'
[06:04:59.597] [bmv2] [D] [thread 247331] Dumping entry 200
Match key:
* hdr.ipv4.dstAddr              : LPM       0a000e29/32
* standard_metadata.ingress_port: EXACT     0001
Action entry: MyIngress.ipv4_forward - a000e29,5,

[06:04:59.598] [bmv2] [T] [thread 247331] bm_table_add_entry
[06:04:59.598] [bmv2] [D] [thread 247331] Entry 201 added to table 'MyIngress.ipv4_lpm'
[06:04:59.598] [bmv2] [D] [thread 247331] Dumping entry 201
Match key:
* hdr.ipv4.dstAddr              : LPM       0a000e29/32
* standard_metadata.ingress_port: EXACT     0002
Action entry: MyIngress.ipv4_forward - a000e29,5,

[06:04:59.599] [bmv2] [T] [thread 247331] bm_table_add_entry
[06:04:59.599] [bmv2] [D] [thread 247331] Entry 202 added to table 'MyIngress.ipv4_lpm'
[06:04:59.599] [bmv2] [D] [thread 247331] Dumping entry 202
Match key:
* hdr.ipv4.dstAddr              : LPM       0a000e29/32
* standard_metadata.ingress_port: EXACT     0003
Action entry: MyIngress.ipv4_forward - a000e29,5,

[06:04:59.599] [bmv2] [T] [thread 247331] bm_table_add_entry
[06:04:59.600] [bmv2] [D] [thread 247331] Entry 203 added to table 'MyIngress.ipv4_lpm'
[06:04:59.600] [bmv2] [D] [thread 247331] Dumping entry 203
Match key:
* hdr.ipv4.dstAddr              : LPM       0a000e29/32
* standard_metadata.ingress_port: EXACT     0004
Action entry: MyIngress.ipv4_forward - a000e29,5,

[06:04:59.600] [bmv2] [T] [thread 247331] bm_table_add_entry
[06:04:59.601] [bmv2] [D] [thread 247331] Entry 204 added to table 'MyIngress.ipv4_lpm'
[06:04:59.601] [bmv2] [D] [thread 247331] Dumping entry 204
Match key:
* hdr.ipv4.dstAddr              : LPM       0a000e29/32
* standard_metadata.ingress_port: EXACT     0006
Action entry: MyIngress.ipv4_forward - a000e29,5,

[06:04:59.601] [bmv2] [T] [thread 247331] bm_table_add_entry
[06:04:59.601] [bmv2] [D] [thread 247331] Entry 205 added to table 'MyIngress.ipv4_lpm'
[06:04:59.601] [bmv2] [D] [thread 247331] Dumping entry 205
Match key:
* hdr.ipv4.dstAddr              : LPM       0a000e2a/32
* standard_metadata.ingress_port: EXACT     0001
Action entry: MyIngress.ipv4_forward - a000e2a,5,

[06:04:59.602] [bmv2] [T] [thread 247331] bm_table_add_entry
[06:04:59.602] [bmv2] [D] [thread 247331] Entry 206 added to table 'MyIngress.ipv4_lpm'
[06:04:59.602] [bmv2] [D] [thread 247331] Dumping entry 206
Match key:
* hdr.ipv4.dstAddr              : LPM       0a000e2a/32
* standard_metadata.ingress_port: EXACT     0002
Action entry: MyIngress.ipv4_forward - a000e2a,5,

[06:04:59.603] [bmv2] [T] [thread 247331] bm_table_add_entry
[06:04:59.603] [bmv2] [D] [thread 247331] Entry 207 added to table 'MyIngress.ipv4_lpm'
[06:04:59.603] [bmv2] [D] [thread 247331] Dumping entry 207
Match key:
* hdr.ipv4.dstAddr              : LPM       0a000e2a/32
* standard_metadata.ingress_port: EXACT     0003
Action entry: MyIngress.ipv4_forward - a000e2a,5,

[06:04:59.604] [bmv2] [T] [thread 247331] bm_table_add_entry
[06:04:59.604] [bmv2] [D] [thread 247331] Entry 208 added to table 'MyIngress.ipv4_lpm'
[06:04:59.604] [bmv2] [D] [thread 247331] Dumping entry 208
Match key:
* hdr.ipv4.dstAddr              : LPM       0a000e2a/32
* standard_metadata.ingress_port: EXACT     0004
Action entry: MyIngress.ipv4_forward - a000e2a,5,

[06:04:59.604] [bmv2] [T] [thread 247331] bm_table_add_entry
[06:04:59.605] [bmv2] [D] [thread 247331] Entry 209 added to table 'MyIngress.ipv4_lpm'
[06:04:59.605] [bmv2] [D] [thread 247331] Dumping entry 209
Match key:
* hdr.ipv4.dstAddr              : LPM       0a000e2a/32
* standard_metadata.ingress_port: EXACT     0006
Action entry: MyIngress.ipv4_forward - a000e2a,5,

[06:04:59.605] [bmv2] [T] [thread 247331] bm_table_add_entry
[06:04:59.605] [bmv2] [D] [thread 247331] Entry 210 added to table 'MyIngress.ipv4_lpm'
[06:04:59.605] [bmv2] [D] [thread 247331] Dumping entry 210
Match key:
* hdr.ipv4.dstAddr              : LPM       0a000f2b/32
* standard_metadata.ingress_port: EXACT     0001
Action entry: MyIngress.ipv4_forward - a000f2b,5,

[06:04:59.606] [bmv2] [T] [thread 247331] bm_table_add_entry
[06:04:59.606] [bmv2] [D] [thread 247331] Entry 211 added to table 'MyIngress.ipv4_lpm'
[06:04:59.606] [bmv2] [D] [thread 247331] Dumping entry 211
Match key:
* hdr.ipv4.dstAddr              : LPM       0a000f2b/32
* standard_metadata.ingress_port: EXACT     0002
Action entry: MyIngress.ipv4_forward - a000f2b,5,

[06:04:59.607] [bmv2] [T] [thread 247331] bm_table_add_entry
[06:04:59.607] [bmv2] [D] [thread 247331] Entry 212 added to table 'MyIngress.ipv4_lpm'
[06:04:59.607] [bmv2] [D] [thread 247331] Dumping entry 212
Match key:
* hdr.ipv4.dstAddr              : LPM       0a000f2b/32
* standard_metadata.ingress_port: EXACT     0003
Action entry: MyIngress.ipv4_forward - a000f2b,5,

[06:04:59.608] [bmv2] [T] [thread 247331] bm_table_add_entry
[06:04:59.608] [bmv2] [D] [thread 247331] Entry 213 added to table 'MyIngress.ipv4_lpm'
[06:04:59.608] [bmv2] [D] [thread 247331] Dumping entry 213
Match key:
* hdr.ipv4.dstAddr              : LPM       0a000f2b/32
* standard_metadata.ingress_port: EXACT     0004
Action entry: MyIngress.ipv4_forward - a000f2b,5,

[06:04:59.609] [bmv2] [T] [thread 247331] bm_table_add_entry
[06:04:59.609] [bmv2] [D] [thread 247331] Entry 214 added to table 'MyIngress.ipv4_lpm'
[06:04:59.609] [bmv2] [D] [thread 247331] Dumping entry 214
Match key:
* hdr.ipv4.dstAddr              : LPM       0a000f2b/32
* standard_metadata.ingress_port: EXACT     0006
Action entry: MyIngress.ipv4_forward - a000f2b,5,

[06:04:59.609] [bmv2] [T] [thread 247331] bm_table_add_entry
[06:04:59.610] [bmv2] [D] [thread 247331] Entry 215 added to table 'MyIngress.ipv4_lpm'
[06:04:59.610] [bmv2] [D] [thread 247331] Dumping entry 215
Match key:
* hdr.ipv4.dstAddr              : LPM       0a000f2c/32
* standard_metadata.ingress_port: EXACT     0001
Action entry: MyIngress.ipv4_forward - a000f2c,5,

[06:04:59.610] [bmv2] [T] [thread 247331] bm_table_add_entry
[06:04:59.611] [bmv2] [D] [thread 247331] Entry 216 added to table 'MyIngress.ipv4_lpm'
[06:04:59.611] [bmv2] [D] [thread 247331] Dumping entry 216
Match key:
* hdr.ipv4.dstAddr              : LPM       0a000f2c/32
* standard_metadata.ingress_port: EXACT     0002
Action entry: MyIngress.ipv4_forward - a000f2c,5,

[06:04:59.612] [bmv2] [T] [thread 247331] bm_table_add_entry
[06:04:59.612] [bmv2] [D] [thread 247331] Entry 217 added to table 'MyIngress.ipv4_lpm'
[06:04:59.612] [bmv2] [D] [thread 247331] Dumping entry 217
Match key:
* hdr.ipv4.dstAddr              : LPM       0a000f2c/32
* standard_metadata.ingress_port: EXACT     0003
Action entry: MyIngress.ipv4_forward - a000f2c,5,

[06:04:59.613] [bmv2] [T] [thread 247331] bm_table_add_entry
[06:04:59.613] [bmv2] [D] [thread 247331] Entry 218 added to table 'MyIngress.ipv4_lpm'
[06:04:59.613] [bmv2] [D] [thread 247331] Dumping entry 218
Match key:
* hdr.ipv4.dstAddr              : LPM       0a000f2c/32
* standard_metadata.ingress_port: EXACT     0004
Action entry: MyIngress.ipv4_forward - a000f2c,5,

[06:04:59.614] [bmv2] [T] [thread 247331] bm_table_add_entry
[06:04:59.614] [bmv2] [D] [thread 247331] Entry 219 added to table 'MyIngress.ipv4_lpm'
[06:04:59.614] [bmv2] [D] [thread 247331] Dumping entry 219
Match key:
* hdr.ipv4.dstAddr              : LPM       0a000f2c/32
* standard_metadata.ingress_port: EXACT     0006
Action entry: MyIngress.ipv4_forward - a000f2c,5,

[06:04:59.615] [bmv2] [T] [thread 247331] bm_table_add_entry
[06:04:59.615] [bmv2] [D] [thread 247331] Entry 220 added to table 'MyIngress.ipv4_lpm'
[06:04:59.615] [bmv2] [D] [thread 247331] Dumping entry 220
Match key:
* hdr.ipv4.dstAddr              : LPM       0a000f2d/32
* standard_metadata.ingress_port: EXACT     0001
Action entry: MyIngress.ipv4_forward - a000f2d,5,

[06:04:59.616] [bmv2] [T] [thread 247331] bm_table_add_entry
[06:04:59.616] [bmv2] [D] [thread 247331] Entry 221 added to table 'MyIngress.ipv4_lpm'
[06:04:59.616] [bmv2] [D] [thread 247331] Dumping entry 221
Match key:
* hdr.ipv4.dstAddr              : LPM       0a000f2d/32
* standard_metadata.ingress_port: EXACT     0002
Action entry: MyIngress.ipv4_forward - a000f2d,5,

[06:04:59.617] [bmv2] [T] [thread 247331] bm_table_add_entry
[06:04:59.617] [bmv2] [D] [thread 247331] Entry 222 added to table 'MyIngress.ipv4_lpm'
[06:04:59.617] [bmv2] [D] [thread 247331] Dumping entry 222
Match key:
* hdr.ipv4.dstAddr              : LPM       0a000f2d/32
* standard_metadata.ingress_port: EXACT     0003
Action entry: MyIngress.ipv4_forward - a000f2d,5,

[06:04:59.617] [bmv2] [T] [thread 247331] bm_table_add_entry
[06:04:59.618] [bmv2] [D] [thread 247331] Entry 223 added to table 'MyIngress.ipv4_lpm'
[06:04:59.618] [bmv2] [D] [thread 247331] Dumping entry 223
Match key:
* hdr.ipv4.dstAddr              : LPM       0a000f2d/32
* standard_metadata.ingress_port: EXACT     0004
Action entry: MyIngress.ipv4_forward - a000f2d,5,

[06:04:59.618] [bmv2] [T] [thread 247331] bm_table_add_entry
[06:04:59.618] [bmv2] [D] [thread 247331] Entry 224 added to table 'MyIngress.ipv4_lpm'
[06:04:59.618] [bmv2] [D] [thread 247331] Dumping entry 224
Match key:
* hdr.ipv4.dstAddr              : LPM       0a000f2d/32
* standard_metadata.ingress_port: EXACT     0006
Action entry: MyIngress.ipv4_forward - a000f2d,5,

[06:04:59.619] [bmv2] [T] [thread 247331] bm_table_add_entry
[06:04:59.619] [bmv2] [D] [thread 247331] Entry 225 added to table 'MyIngress.ipv4_lpm'
[06:04:59.619] [bmv2] [D] [thread 247331] Dumping entry 225
Match key:
* hdr.ipv4.dstAddr              : LPM       0a00102e/32
* standard_metadata.ingress_port: EXACT     0001
Action entry: MyIngress.ipv4_forward - a00102e,6,

[06:04:59.620] [bmv2] [T] [thread 247331] bm_table_add_entry
[06:04:59.620] [bmv2] [D] [thread 247331] Entry 226 added to table 'MyIngress.ipv4_lpm'
[06:04:59.620] [bmv2] [D] [thread 247331] Dumping entry 226
Match key:
* hdr.ipv4.dstAddr              : LPM       0a00102e/32
* standard_metadata.ingress_port: EXACT     0002
Action entry: MyIngress.ipv4_forward - a00102e,6,

[06:04:59.620] [bmv2] [T] [thread 247331] bm_table_add_entry
[06:04:59.620] [bmv2] [D] [thread 247331] Entry 227 added to table 'MyIngress.ipv4_lpm'
[06:04:59.620] [bmv2] [D] [thread 247331] Dumping entry 227
Match key:
* hdr.ipv4.dstAddr              : LPM       0a00102e/32
* standard_metadata.ingress_port: EXACT     0003
Action entry: MyIngress.ipv4_forward - a00102e,6,

[06:04:59.621] [bmv2] [T] [thread 247331] bm_table_add_entry
[06:04:59.621] [bmv2] [D] [thread 247331] Entry 228 added to table 'MyIngress.ipv4_lpm'
[06:04:59.621] [bmv2] [D] [thread 247331] Dumping entry 228
Match key:
* hdr.ipv4.dstAddr              : LPM       0a00102e/32
* standard_metadata.ingress_port: EXACT     0004
Action entry: MyIngress.ipv4_forward - a00102e,6,

[06:04:59.622] [bmv2] [T] [thread 247331] bm_table_add_entry
[06:04:59.622] [bmv2] [D] [thread 247331] Entry 229 added to table 'MyIngress.ipv4_lpm'
[06:04:59.622] [bmv2] [D] [thread 247331] Dumping entry 229
Match key:
* hdr.ipv4.dstAddr              : LPM       0a00102e/32
* standard_metadata.ingress_port: EXACT     0005
Action entry: MyIngress.ipv4_forward - a00102e,6,

[06:04:59.623] [bmv2] [T] [thread 247331] bm_table_add_entry
[06:04:59.623] [bmv2] [D] [thread 247331] Entry 230 added to table 'MyIngress.ipv4_lpm'
[06:04:59.623] [bmv2] [D] [thread 247331] Dumping entry 230
Match key:
* hdr.ipv4.dstAddr              : LPM       0a00102f/32
* standard_metadata.ingress_port: EXACT     0001
Action entry: MyIngress.ipv4_forward - a00102f,6,

[06:04:59.623] [bmv2] [T] [thread 247331] bm_table_add_entry
[06:04:59.624] [bmv2] [D] [thread 247331] Entry 231 added to table 'MyIngress.ipv4_lpm'
[06:04:59.624] [bmv2] [D] [thread 247331] Dumping entry 231
Match key:
* hdr.ipv4.dstAddr              : LPM       0a00102f/32
* standard_metadata.ingress_port: EXACT     0002
Action entry: MyIngress.ipv4_forward - a00102f,6,

[06:04:59.624] [bmv2] [T] [thread 247331] bm_table_add_entry
[06:04:59.624] [bmv2] [D] [thread 247331] Entry 232 added to table 'MyIngress.ipv4_lpm'
[06:04:59.624] [bmv2] [D] [thread 247331] Dumping entry 232
Match key:
* hdr.ipv4.dstAddr              : LPM       0a00102f/32
* standard_metadata.ingress_port: EXACT     0003
Action entry: MyIngress.ipv4_forward - a00102f,6,

[06:04:59.625] [bmv2] [T] [thread 247331] bm_table_add_entry
[06:04:59.625] [bmv2] [D] [thread 247331] Entry 233 added to table 'MyIngress.ipv4_lpm'
[06:04:59.625] [bmv2] [D] [thread 247331] Dumping entry 233
Match key:
* hdr.ipv4.dstAddr              : LPM       0a00102f/32
* standard_metadata.ingress_port: EXACT     0004
Action entry: MyIngress.ipv4_forward - a00102f,6,

[06:04:59.626] [bmv2] [T] [thread 247331] bm_table_add_entry
[06:04:59.626] [bmv2] [D] [thread 247331] Entry 234 added to table 'MyIngress.ipv4_lpm'
[06:04:59.626] [bmv2] [D] [thread 247331] Dumping entry 234
Match key:
* hdr.ipv4.dstAddr              : LPM       0a00102f/32
* standard_metadata.ingress_port: EXACT     0005
Action entry: MyIngress.ipv4_forward - a00102f,6,

[06:04:59.626] [bmv2] [T] [thread 247331] bm_table_add_entry
[06:04:59.627] [bmv2] [D] [thread 247331] Entry 235 added to table 'MyIngress.ipv4_lpm'
[06:04:59.627] [bmv2] [D] [thread 247331] Dumping entry 235
Match key:
* hdr.ipv4.dstAddr              : LPM       0a001030/32
* standard_metadata.ingress_port: EXACT     0001
Action entry: MyIngress.ipv4_forward - a001030,6,

[06:04:59.627] [bmv2] [T] [thread 247331] bm_table_add_entry
[06:04:59.627] [bmv2] [D] [thread 247331] Entry 236 added to table 'MyIngress.ipv4_lpm'
[06:04:59.627] [bmv2] [D] [thread 247331] Dumping entry 236
Match key:
* hdr.ipv4.dstAddr              : LPM       0a001030/32
* standard_metadata.ingress_port: EXACT     0002
Action entry: MyIngress.ipv4_forward - a001030,6,

[06:04:59.628] [bmv2] [T] [thread 247331] bm_table_add_entry
[06:04:59.628] [bmv2] [D] [thread 247331] Entry 237 added to table 'MyIngress.ipv4_lpm'
[06:04:59.628] [bmv2] [D] [thread 247331] Dumping entry 237
Match key:
* hdr.ipv4.dstAddr              : LPM       0a001030/32
* standard_metadata.ingress_port: EXACT     0003
Action entry: MyIngress.ipv4_forward - a001030,6,

[06:04:59.629] [bmv2] [T] [thread 247331] bm_table_add_entry
[06:04:59.629] [bmv2] [D] [thread 247331] Entry 238 added to table 'MyIngress.ipv4_lpm'
[06:04:59.629] [bmv2] [D] [thread 247331] Dumping entry 238
Match key:
* hdr.ipv4.dstAddr              : LPM       0a001030/32
* standard_metadata.ingress_port: EXACT     0004
Action entry: MyIngress.ipv4_forward - a001030,6,

[06:04:59.630] [bmv2] [T] [thread 247331] bm_table_add_entry
[06:04:59.630] [bmv2] [D] [thread 247331] Entry 239 added to table 'MyIngress.ipv4_lpm'
[06:04:59.630] [bmv2] [D] [thread 247331] Dumping entry 239
Match key:
* hdr.ipv4.dstAddr              : LPM       0a001030/32
* standard_metadata.ingress_port: EXACT     0005
Action entry: MyIngress.ipv4_forward - a001030,6,

[06:04:59.631] [bmv2] [T] [thread 247331] bm_table_add_entry
[06:04:59.631] [bmv2] [D] [thread 247331] Entry 240 added to table 'MyIngress.ipv4_lpm'
[06:04:59.631] [bmv2] [D] [thread 247331] Dumping entry 240
Match key:
* hdr.ipv4.dstAddr              : LPM       0a001131/32
* standard_metadata.ingress_port: EXACT     0001
Action entry: MyIngress.ipv4_forward - a001131,6,

[06:04:59.631] [bmv2] [T] [thread 247331] bm_table_add_entry
[06:04:59.631] [bmv2] [D] [thread 247331] Entry 241 added to table 'MyIngress.ipv4_lpm'
[06:04:59.632] [bmv2] [D] [thread 247331] Dumping entry 241
Match key:
* hdr.ipv4.dstAddr              : LPM       0a001131/32
* standard_metadata.ingress_port: EXACT     0002
Action entry: MyIngress.ipv4_forward - a001131,6,

[06:04:59.632] [bmv2] [T] [thread 247331] bm_table_add_entry
[06:04:59.632] [bmv2] [D] [thread 247331] Entry 242 added to table 'MyIngress.ipv4_lpm'
[06:04:59.632] [bmv2] [D] [thread 247331] Dumping entry 242
Match key:
* hdr.ipv4.dstAddr              : LPM       0a001131/32
* standard_metadata.ingress_port: EXACT     0003
Action entry: MyIngress.ipv4_forward - a001131,6,

[06:04:59.633] [bmv2] [T] [thread 247331] bm_table_add_entry
[06:04:59.633] [bmv2] [D] [thread 247331] Entry 243 added to table 'MyIngress.ipv4_lpm'
[06:04:59.633] [bmv2] [D] [thread 247331] Dumping entry 243
Match key:
* hdr.ipv4.dstAddr              : LPM       0a001131/32
* standard_metadata.ingress_port: EXACT     0004
Action entry: MyIngress.ipv4_forward - a001131,6,

[06:04:59.634] [bmv2] [T] [thread 247331] bm_table_add_entry
[06:04:59.634] [bmv2] [D] [thread 247331] Entry 244 added to table 'MyIngress.ipv4_lpm'
[06:04:59.634] [bmv2] [D] [thread 247331] Dumping entry 244
Match key:
* hdr.ipv4.dstAddr              : LPM       0a001131/32
* standard_metadata.ingress_port: EXACT     0005
Action entry: MyIngress.ipv4_forward - a001131,6,

[06:04:59.634] [bmv2] [T] [thread 247331] bm_table_add_entry
[06:04:59.635] [bmv2] [D] [thread 247331] Entry 245 added to table 'MyIngress.ipv4_lpm'
[06:04:59.635] [bmv2] [D] [thread 247331] Dumping entry 245
Match key:
* hdr.ipv4.dstAddr              : LPM       0a001132/32
* standard_metadata.ingress_port: EXACT     0001
Action entry: MyIngress.ipv4_forward - a001132,6,

[06:04:59.636] [bmv2] [T] [thread 247331] bm_table_add_entry
[06:04:59.636] [bmv2] [D] [thread 247331] Entry 246 added to table 'MyIngress.ipv4_lpm'
[06:04:59.636] [bmv2] [D] [thread 247331] Dumping entry 246
Match key:
* hdr.ipv4.dstAddr              : LPM       0a001132/32
* standard_metadata.ingress_port: EXACT     0002
Action entry: MyIngress.ipv4_forward - a001132,6,

[06:04:59.636] [bmv2] [T] [thread 247331] bm_table_add_entry
[06:04:59.637] [bmv2] [D] [thread 247331] Entry 247 added to table 'MyIngress.ipv4_lpm'
[06:04:59.637] [bmv2] [D] [thread 247331] Dumping entry 247
Match key:
* hdr.ipv4.dstAddr              : LPM       0a001132/32
* standard_metadata.ingress_port: EXACT     0003
Action entry: MyIngress.ipv4_forward - a001132,6,

[06:04:59.637] [bmv2] [T] [thread 247331] bm_table_add_entry
[06:04:59.638] [bmv2] [D] [thread 247331] Entry 248 added to table 'MyIngress.ipv4_lpm'
[06:04:59.638] [bmv2] [D] [thread 247331] Dumping entry 248
Match key:
* hdr.ipv4.dstAddr              : LPM       0a001132/32
* standard_metadata.ingress_port: EXACT     0004
Action entry: MyIngress.ipv4_forward - a001132,6,

[06:04:59.638] [bmv2] [T] [thread 247331] bm_table_add_entry
[06:04:59.639] [bmv2] [D] [thread 247331] Entry 249 added to table 'MyIngress.ipv4_lpm'
[06:04:59.639] [bmv2] [D] [thread 247331] Dumping entry 249
Match key:
* hdr.ipv4.dstAddr              : LPM       0a001132/32
* standard_metadata.ingress_port: EXACT     0005
Action entry: MyIngress.ipv4_forward - a001132,6,

[06:04:59.639] [bmv2] [T] [thread 247331] bm_table_add_entry
[06:04:59.640] [bmv2] [D] [thread 247331] Entry 250 added to table 'MyIngress.ipv4_lpm'
[06:04:59.640] [bmv2] [D] [thread 247331] Dumping entry 250
Match key:
* hdr.ipv4.dstAddr              : LPM       0a001133/32
* standard_metadata.ingress_port: EXACT     0001
Action entry: MyIngress.ipv4_forward - a001133,6,

[06:04:59.640] [bmv2] [T] [thread 247331] bm_table_add_entry
[06:04:59.640] [bmv2] [D] [thread 247331] Entry 251 added to table 'MyIngress.ipv4_lpm'
[06:04:59.640] [bmv2] [D] [thread 247331] Dumping entry 251
Match key:
* hdr.ipv4.dstAddr              : LPM       0a001133/32
* standard_metadata.ingress_port: EXACT     0002
Action entry: MyIngress.ipv4_forward - a001133,6,

[06:04:59.641] [bmv2] [T] [thread 247331] bm_table_add_entry
[06:04:59.641] [bmv2] [D] [thread 247331] Entry 252 added to table 'MyIngress.ipv4_lpm'
[06:04:59.641] [bmv2] [D] [thread 247331] Dumping entry 252
Match key:
* hdr.ipv4.dstAddr              : LPM       0a001133/32
* standard_metadata.ingress_port: EXACT     0003
Action entry: MyIngress.ipv4_forward - a001133,6,

[06:04:59.642] [bmv2] [T] [thread 247331] bm_table_add_entry
[06:04:59.642] [bmv2] [D] [thread 247331] Entry 253 added to table 'MyIngress.ipv4_lpm'
[06:04:59.642] [bmv2] [D] [thread 247331] Dumping entry 253
Match key:
* hdr.ipv4.dstAddr              : LPM       0a001133/32
* standard_metadata.ingress_port: EXACT     0004
Action entry: MyIngress.ipv4_forward - a001133,6,

[06:04:59.643] [bmv2] [T] [thread 247331] bm_table_add_entry
[06:04:59.643] [bmv2] [D] [thread 247331] Entry 254 added to table 'MyIngress.ipv4_lpm'
[06:04:59.643] [bmv2] [D] [thread 247331] Dumping entry 254
Match key:
* hdr.ipv4.dstAddr              : LPM       0a001133/32
* standard_metadata.ingress_port: EXACT     0005
Action entry: MyIngress.ipv4_forward - a001133,6,

[06:04:59.643] [bmv2] [T] [thread 247331] bm_table_add_entry
[06:04:59.644] [bmv2] [D] [thread 247331] Entry 255 added to table 'MyIngress.ipv4_lpm'
[06:04:59.644] [bmv2] [D] [thread 247331] Dumping entry 255
Match key:
* hdr.ipv4.dstAddr              : LPM       0a001234/32
* standard_metadata.ingress_port: EXACT     0001
Action entry: MyIngress.ipv4_forward - a001234,6,

[06:04:59.644] [bmv2] [T] [thread 247331] bm_table_add_entry
[06:04:59.644] [bmv2] [D] [thread 247331] Entry 256 added to table 'MyIngress.ipv4_lpm'
[06:04:59.644] [bmv2] [D] [thread 247331] Dumping entry 256
Match key:
* hdr.ipv4.dstAddr              : LPM       0a001234/32
* standard_metadata.ingress_port: EXACT     0002
Action entry: MyIngress.ipv4_forward - a001234,6,

[06:04:59.645] [bmv2] [T] [thread 247331] bm_table_add_entry
[06:04:59.645] [bmv2] [D] [thread 247331] Entry 257 added to table 'MyIngress.ipv4_lpm'
[06:04:59.645] [bmv2] [D] [thread 247331] Dumping entry 257
Match key:
* hdr.ipv4.dstAddr              : LPM       0a001234/32
* standard_metadata.ingress_port: EXACT     0003
Action entry: MyIngress.ipv4_forward - a001234,6,

[06:04:59.646] [bmv2] [T] [thread 247331] bm_table_add_entry
[06:04:59.646] [bmv2] [D] [thread 247331] Entry 258 added to table 'MyIngress.ipv4_lpm'
[06:04:59.646] [bmv2] [D] [thread 247331] Dumping entry 258
Match key:
* hdr.ipv4.dstAddr              : LPM       0a001234/32
* standard_metadata.ingress_port: EXACT     0004
Action entry: MyIngress.ipv4_forward - a001234,6,

[06:04:59.646] [bmv2] [T] [thread 247331] bm_table_add_entry
[06:04:59.646] [bmv2] [D] [thread 247331] Entry 259 added to table 'MyIngress.ipv4_lpm'
[06:04:59.646] [bmv2] [D] [thread 247331] Dumping entry 259
Match key:
* hdr.ipv4.dstAddr              : LPM       0a001234/32
* standard_metadata.ingress_port: EXACT     0005
Action entry: MyIngress.ipv4_forward - a001234,6,

[06:04:59.647] [bmv2] [T] [thread 247331] bm_table_add_entry
[06:04:59.647] [bmv2] [D] [thread 247331] Entry 260 added to table 'MyIngress.ipv4_lpm'
[06:04:59.647] [bmv2] [D] [thread 247331] Dumping entry 260
Match key:
* hdr.ipv4.dstAddr              : LPM       0a001235/32
* standard_metadata.ingress_port: EXACT     0001
Action entry: MyIngress.ipv4_forward - a001235,6,

[06:04:59.648] [bmv2] [T] [thread 247331] bm_table_add_entry
[06:04:59.648] [bmv2] [D] [thread 247331] Entry 261 added to table 'MyIngress.ipv4_lpm'
[06:04:59.648] [bmv2] [D] [thread 247331] Dumping entry 261
Match key:
* hdr.ipv4.dstAddr              : LPM       0a001235/32
* standard_metadata.ingress_port: EXACT     0002
Action entry: MyIngress.ipv4_forward - a001235,6,

[06:04:59.649] [bmv2] [T] [thread 247331] bm_table_add_entry
[06:04:59.649] [bmv2] [D] [thread 247331] Entry 262 added to table 'MyIngress.ipv4_lpm'
[06:04:59.649] [bmv2] [D] [thread 247331] Dumping entry 262
Match key:
* hdr.ipv4.dstAddr              : LPM       0a001235/32
* standard_metadata.ingress_port: EXACT     0003
Action entry: MyIngress.ipv4_forward - a001235,6,

[06:04:59.649] [bmv2] [T] [thread 247331] bm_table_add_entry
[06:04:59.649] [bmv2] [D] [thread 247331] Entry 263 added to table 'MyIngress.ipv4_lpm'
[06:04:59.649] [bmv2] [D] [thread 247331] Dumping entry 263
Match key:
* hdr.ipv4.dstAddr              : LPM       0a001235/32
* standard_metadata.ingress_port: EXACT     0004
Action entry: MyIngress.ipv4_forward - a001235,6,

[06:04:59.650] [bmv2] [T] [thread 247331] bm_table_add_entry
[06:04:59.650] [bmv2] [D] [thread 247331] Entry 264 added to table 'MyIngress.ipv4_lpm'
[06:04:59.650] [bmv2] [D] [thread 247331] Dumping entry 264
Match key:
* hdr.ipv4.dstAddr              : LPM       0a001235/32
* standard_metadata.ingress_port: EXACT     0005
Action entry: MyIngress.ipv4_forward - a001235,6,

[06:04:59.651] [bmv2] [T] [thread 247331] bm_table_add_entry
[06:04:59.651] [bmv2] [D] [thread 247331] Entry 265 added to table 'MyIngress.ipv4_lpm'
[06:04:59.651] [bmv2] [D] [thread 247331] Dumping entry 265
Match key:
* hdr.ipv4.dstAddr              : LPM       0a001236/32
* standard_metadata.ingress_port: EXACT     0001
Action entry: MyIngress.ipv4_forward - a001236,6,

[06:04:59.652] [bmv2] [T] [thread 247331] bm_table_add_entry
[06:04:59.652] [bmv2] [D] [thread 247331] Entry 266 added to table 'MyIngress.ipv4_lpm'
[06:04:59.652] [bmv2] [D] [thread 247331] Dumping entry 266
Match key:
* hdr.ipv4.dstAddr              : LPM       0a001236/32
* standard_metadata.ingress_port: EXACT     0002
Action entry: MyIngress.ipv4_forward - a001236,6,

[06:04:59.652] [bmv2] [T] [thread 247331] bm_table_add_entry
[06:04:59.652] [bmv2] [D] [thread 247331] Entry 267 added to table 'MyIngress.ipv4_lpm'
[06:04:59.653] [bmv2] [D] [thread 247331] Dumping entry 267
Match key:
* hdr.ipv4.dstAddr              : LPM       0a001236/32
* standard_metadata.ingress_port: EXACT     0003
Action entry: MyIngress.ipv4_forward - a001236,6,

[06:04:59.653] [bmv2] [T] [thread 247331] bm_table_add_entry
[06:04:59.653] [bmv2] [D] [thread 247331] Entry 268 added to table 'MyIngress.ipv4_lpm'
[06:04:59.653] [bmv2] [D] [thread 247331] Dumping entry 268
Match key:
* hdr.ipv4.dstAddr              : LPM       0a001236/32
* standard_metadata.ingress_port: EXACT     0004
Action entry: MyIngress.ipv4_forward - a001236,6,

[06:04:59.654] [bmv2] [T] [thread 247331] bm_table_add_entry
[06:04:59.654] [bmv2] [D] [thread 247331] Entry 269 added to table 'MyIngress.ipv4_lpm'
[06:04:59.654] [bmv2] [D] [thread 247331] Dumping entry 269
Match key:
* hdr.ipv4.dstAddr              : LPM       0a001236/32
* standard_metadata.ingress_port: EXACT     0005
Action entry: MyIngress.ipv4_forward - a001236,6,

[06:04:59.654] [bmv2] [T] [thread 247331] bm_set_default_action
[06:04:59.655] [bmv2] [D] [thread 247331] Set default entry for table 'MyEgress.tbl_prime': MyEgress.prime_multiply - a7,
[06:04:59.655] [bmv2] [T] [thread 247331] bm_set_default_action
[06:04:59.655] [bmv2] [D] [thread 247331] Set default entry for table 'MyEgress.swtrace': MyEgress.add_swtrace - 27,
