Warning: you requested the nanomsg event logger, but bmv2 was compiled without -DBMELOG, and the event logger cannot be activated
Calling target program-options parser
[06:04:45.981] [bmv2] [D] [thread 245401] Set default default entry for table 'MyIngress.ipv4_lpm': MyIngress.drop - 
[06:04:45.981] [bmv2] [D] [thread 245401] Set default default entry for table 'MyIngress.tb_set_role': NoAction - 
[06:04:45.982] [bmv2] [D] [thread 245401] Set default default entry for table 'MyEgress.tbl_prime': NoAction - 
[06:04:45.982] [bmv2] [D] [thread 245401] Set default default entry for table 'MyEgress.swtrace': NoAction - 
Adding interface s44-eth1 as port 1
[06:04:45.983] [bmv2] [D] [thread 245401] Adding interface s44-eth1 as port 1
Adding interface s44-eth2 as port 2
[06:04:46.033] [bmv2] [D] [thread 245401] Adding interface s44-eth2 as port 2
Adding interface s44-eth3 as port 3
[06:04:46.081] [bmv2] [D] [thread 245401] Adding interface s44-eth3 as port 3
Adding interface s44-eth4 as port 4
[06:04:46.133] [bmv2] [D] [thread 245401] Adding interface s44-eth4 as port 4
Adding interface s44-eth5 as port 5
[06:04:46.185] [bmv2] [D] [thread 245401] Adding interface s44-eth5 as port 5
Adding interface s44-eth6 as port 6
[06:04:46.253] [bmv2] [D] [thread 245401] Adding interface s44-eth6 as port 6
Adding interface s44-cpu-eth0 as port 7
[06:04:46.316] [bmv2] [D] [thread 245401] Adding interface s44-cpu-eth0 as port 7
[06:04:46.385] [bmv2] [I] [thread 245401] Starting Thrift server on port 9133
[06:04:46.385] [bmv2] [I] [thread 245401] Thrift server was started
[06:05:00.833] [bmv2] [T] [thread 247353] bm_get_config
[06:05:00.835] [bmv2] [T] [thread 247353] bm_table_add_entry
[06:05:00.835] [bmv2] [D] [thread 247353] Entry 0 added to table 'MyIngress.ipv4_lpm'
[06:05:00.835] [bmv2] [D] [thread 247353] Dumping entry 0
Match key:
* hdr.ipv4.dstAddr              : LPM       0a000101/32
* standard_metadata.ingress_port: EXACT     0002
Action entry: MyIngress.ipv4_forward - a000101,1,

[06:05:00.836] [bmv2] [T] [thread 247353] bm_table_add_entry
[06:05:00.836] [bmv2] [D] [thread 247353] Entry 1 added to table 'MyIngress.ipv4_lpm'
[06:05:00.836] [bmv2] [D] [thread 247353] Dumping entry 1
Match key:
* hdr.ipv4.dstAddr              : LPM       0a000101/32
* standard_metadata.ingress_port: EXACT     0003
Action entry: MyIngress.ipv4_forward - a000101,1,

[06:05:00.837] [bmv2] [T] [thread 247353] bm_table_add_entry
[06:05:00.837] [bmv2] [D] [thread 247353] Entry 2 added to table 'MyIngress.ipv4_lpm'
[06:05:00.837] [bmv2] [D] [thread 247353] Dumping entry 2
Match key:
* hdr.ipv4.dstAddr              : LPM       0a000101/32
* standard_metadata.ingress_port: EXACT     0004
Action entry: MyIngress.ipv4_forward - a000101,1,

[06:05:00.837] [bmv2] [T] [thread 247353] bm_table_add_entry
[06:05:00.838] [bmv2] [D] [thread 247353] Entry 3 added to table 'MyIngress.ipv4_lpm'
[06:05:00.838] [bmv2] [D] [thread 247353] Dumping entry 3
Match key:
* hdr.ipv4.dstAddr              : LPM       0a000101/32
* standard_metadata.ingress_port: EXACT     0005
Action entry: MyIngress.ipv4_forward - a000101,1,

[06:05:00.838] [bmv2] [T] [thread 247353] bm_table_add_entry
[06:05:00.839] [bmv2] [D] [thread 247353] Entry 4 added to table 'MyIngress.ipv4_lpm'
[06:05:00.839] [bmv2] [D] [thread 247353] Dumping entry 4
Match key:
* hdr.ipv4.dstAddr              : LPM       0a000101/32
* standard_metadata.ingress_port: EXACT     0006
Action entry: MyIngress.ipv4_forward - a000101,1,

[06:05:00.839] [bmv2] [T] [thread 247353] bm_table_add_entry
[06:05:00.839] [bmv2] [D] [thread 247353] Entry 5 added to table 'MyIngress.ipv4_lpm'
[06:05:00.839] [bmv2] [D] [thread 247353] Dumping entry 5
Match key:
* hdr.ipv4.dstAddr              : LPM       0a000102/32
* standard_metadata.ingress_port: EXACT     0002
Action entry: MyIngress.ipv4_forward - a000102,1,

[06:05:00.840] [bmv2] [T] [thread 247353] bm_table_add_entry
[06:05:00.840] [bmv2] [D] [thread 247353] Entry 6 added to table 'MyIngress.ipv4_lpm'
[06:05:00.840] [bmv2] [D] [thread 247353] Dumping entry 6
Match key:
* hdr.ipv4.dstAddr              : LPM       0a000102/32
* standard_metadata.ingress_port: EXACT     0003
Action entry: MyIngress.ipv4_forward - a000102,1,

[06:05:00.841] [bmv2] [T] [thread 247353] bm_table_add_entry
[06:05:00.841] [bmv2] [D] [thread 247353] Entry 7 added to table 'MyIngress.ipv4_lpm'
[06:05:00.841] [bmv2] [D] [thread 247353] Dumping entry 7
Match key:
* hdr.ipv4.dstAddr              : LPM       0a000102/32
* standard_metadata.ingress_port: EXACT     0004
Action entry: MyIngress.ipv4_forward - a000102,1,

[06:05:00.842] [bmv2] [T] [thread 247353] bm_table_add_entry
[06:05:00.842] [bmv2] [D] [thread 247353] Entry 8 added to table 'MyIngress.ipv4_lpm'
[06:05:00.842] [bmv2] [D] [thread 247353] Dumping entry 8
Match key:
* hdr.ipv4.dstAddr              : LPM       0a000102/32
* standard_metadata.ingress_port: EXACT     0005
Action entry: MyIngress.ipv4_forward - a000102,1,

[06:05:00.842] [bmv2] [T] [thread 247353] bm_table_add_entry
[06:05:00.842] [bmv2] [D] [thread 247353] Entry 9 added to table 'MyIngress.ipv4_lpm'
[06:05:00.842] [bmv2] [D] [thread 247353] Dumping entry 9
Match key:
* hdr.ipv4.dstAddr              : LPM       0a000102/32
* standard_metadata.ingress_port: EXACT     0006
Action entry: MyIngress.ipv4_forward - a000102,1,

[06:05:00.844] [bmv2] [T] [thread 247353] bm_table_add_entry
[06:05:00.844] [bmv2] [D] [thread 247353] Entry 10 added to table 'MyIngress.ipv4_lpm'
[06:05:00.844] [bmv2] [D] [thread 247353] Dumping entry 10
Match key:
* hdr.ipv4.dstAddr              : LPM       0a000103/32
* standard_metadata.ingress_port: EXACT     0002
Action entry: MyIngress.ipv4_forward - a000103,1,

[06:05:00.845] [bmv2] [T] [thread 247353] bm_table_add_entry
[06:05:00.845] [bmv2] [D] [thread 247353] Entry 11 added to table 'MyIngress.ipv4_lpm'
[06:05:00.845] [bmv2] [D] [thread 247353] Dumping entry 11
Match key:
* hdr.ipv4.dstAddr              : LPM       0a000103/32
* standard_metadata.ingress_port: EXACT     0003
Action entry: MyIngress.ipv4_forward - a000103,1,

[06:05:00.846] [bmv2] [T] [thread 247353] bm_table_add_entry
[06:05:00.846] [bmv2] [D] [thread 247353] Entry 12 added to table 'MyIngress.ipv4_lpm'
[06:05:00.846] [bmv2] [D] [thread 247353] Dumping entry 12
Match key:
* hdr.ipv4.dstAddr              : LPM       0a000103/32
* standard_metadata.ingress_port: EXACT     0004
Action entry: MyIngress.ipv4_forward - a000103,1,

[06:05:00.846] [bmv2] [T] [thread 247353] bm_table_add_entry
[06:05:00.847] [bmv2] [D] [thread 247353] Entry 13 added to table 'MyIngress.ipv4_lpm'
[06:05:00.847] [bmv2] [D] [thread 247353] Dumping entry 13
Match key:
* hdr.ipv4.dstAddr              : LPM       0a000103/32
* standard_metadata.ingress_port: EXACT     0005
Action entry: MyIngress.ipv4_forward - a000103,1,

[06:05:00.847] [bmv2] [T] [thread 247353] bm_table_add_entry
[06:05:00.847] [bmv2] [D] [thread 247353] Entry 14 added to table 'MyIngress.ipv4_lpm'
[06:05:00.847] [bmv2] [D] [thread 247353] Dumping entry 14
Match key:
* hdr.ipv4.dstAddr              : LPM       0a000103/32
* standard_metadata.ingress_port: EXACT     0006
Action entry: MyIngress.ipv4_forward - a000103,1,

[06:05:00.848] [bmv2] [T] [thread 247353] bm_table_add_entry
[06:05:00.848] [bmv2] [D] [thread 247353] Entry 15 added to table 'MyIngress.ipv4_lpm'
[06:05:00.848] [bmv2] [D] [thread 247353] Dumping entry 15
Match key:
* hdr.ipv4.dstAddr              : LPM       0a000204/32
* standard_metadata.ingress_port: EXACT     0002
Action entry: MyIngress.ipv4_forward - a000204,1,

[06:05:00.849] [bmv2] [T] [thread 247353] bm_table_add_entry
[06:05:00.849] [bmv2] [D] [thread 247353] Entry 16 added to table 'MyIngress.ipv4_lpm'
[06:05:00.849] [bmv2] [D] [thread 247353] Dumping entry 16
Match key:
* hdr.ipv4.dstAddr              : LPM       0a000204/32
* standard_metadata.ingress_port: EXACT     0003
Action entry: MyIngress.ipv4_forward - a000204,1,

[06:05:00.849] [bmv2] [T] [thread 247353] bm_table_add_entry
[06:05:00.850] [bmv2] [D] [thread 247353] Entry 17 added to table 'MyIngress.ipv4_lpm'
[06:05:00.850] [bmv2] [D] [thread 247353] Dumping entry 17
Match key:
* hdr.ipv4.dstAddr              : LPM       0a000204/32
* standard_metadata.ingress_port: EXACT     0004
Action entry: MyIngress.ipv4_forward - a000204,1,

[06:05:00.850] [bmv2] [T] [thread 247353] bm_table_add_entry
[06:05:00.850] [bmv2] [D] [thread 247353] Entry 18 added to table 'MyIngress.ipv4_lpm'
[06:05:00.850] [bmv2] [D] [thread 247353] Dumping entry 18
Match key:
* hdr.ipv4.dstAddr              : LPM       0a000204/32
* standard_metadata.ingress_port: EXACT     0005
Action entry: MyIngress.ipv4_forward - a000204,1,

[06:05:00.851] [bmv2] [T] [thread 247353] bm_table_add_entry
[06:05:00.851] [bmv2] [D] [thread 247353] Entry 19 added to table 'MyIngress.ipv4_lpm'
[06:05:00.851] [bmv2] [D] [thread 247353] Dumping entry 19
Match key:
* hdr.ipv4.dstAddr              : LPM       0a000204/32
* standard_metadata.ingress_port: EXACT     0006
Action entry: MyIngress.ipv4_forward - a000204,1,

[06:05:00.852] [bmv2] [T] [thread 247353] bm_table_add_entry
[06:05:00.852] [bmv2] [D] [thread 247353] Entry 20 added to table 'MyIngress.ipv4_lpm'
[06:05:00.852] [bmv2] [D] [thread 247353] Dumping entry 20
Match key:
* hdr.ipv4.dstAddr              : LPM       0a000205/32
* standard_metadata.ingress_port: EXACT     0002
Action entry: MyIngress.ipv4_forward - a000205,1,

[06:05:00.853] [bmv2] [T] [thread 247353] bm_table_add_entry
[06:05:00.853] [bmv2] [D] [thread 247353] Entry 21 added to table 'MyIngress.ipv4_lpm'
[06:05:00.853] [bmv2] [D] [thread 247353] Dumping entry 21
Match key:
* hdr.ipv4.dstAddr              : LPM       0a000205/32
* standard_metadata.ingress_port: EXACT     0003
Action entry: MyIngress.ipv4_forward - a000205,1,

[06:05:00.853] [bmv2] [T] [thread 247353] bm_table_add_entry
[06:05:00.854] [bmv2] [D] [thread 247353] Entry 22 added to table 'MyIngress.ipv4_lpm'
[06:05:00.854] [bmv2] [D] [thread 247353] Dumping entry 22
Match key:
* hdr.ipv4.dstAddr              : LPM       0a000205/32
* standard_metadata.ingress_port: EXACT     0004
Action entry: MyIngress.ipv4_forward - a000205,1,

[06:05:00.854] [bmv2] [T] [thread 247353] bm_table_add_entry
[06:05:00.854] [bmv2] [D] [thread 247353] Entry 23 added to table 'MyIngress.ipv4_lpm'
[06:05:00.854] [bmv2] [D] [thread 247353] Dumping entry 23
Match key:
* hdr.ipv4.dstAddr              : LPM       0a000205/32
* standard_metadata.ingress_port: EXACT     0005
Action entry: MyIngress.ipv4_forward - a000205,1,

[06:05:00.855] [bmv2] [T] [thread 247353] bm_table_add_entry
[06:05:00.855] [bmv2] [D] [thread 247353] Entry 24 added to table 'MyIngress.ipv4_lpm'
[06:05:00.855] [bmv2] [D] [thread 247353] Dumping entry 24
Match key:
* hdr.ipv4.dstAddr              : LPM       0a000205/32
* standard_metadata.ingress_port: EXACT     0006
Action entry: MyIngress.ipv4_forward - a000205,1,

[06:05:00.856] [bmv2] [T] [thread 247353] bm_table_add_entry
[06:05:00.856] [bmv2] [D] [thread 247353] Entry 25 added to table 'MyIngress.ipv4_lpm'
[06:05:00.856] [bmv2] [D] [thread 247353] Dumping entry 25
Match key:
* hdr.ipv4.dstAddr              : LPM       0a000206/32
* standard_metadata.ingress_port: EXACT     0002
Action entry: MyIngress.ipv4_forward - a000206,1,

[06:05:00.856] [bmv2] [T] [thread 247353] bm_table_add_entry
[06:05:00.857] [bmv2] [D] [thread 247353] Entry 26 added to table 'MyIngress.ipv4_lpm'
[06:05:00.857] [bmv2] [D] [thread 247353] Dumping entry 26
Match key:
* hdr.ipv4.dstAddr              : LPM       0a000206/32
* standard_metadata.ingress_port: EXACT     0003
Action entry: MyIngress.ipv4_forward - a000206,1,

[06:05:00.857] [bmv2] [T] [thread 247353] bm_table_add_entry
[06:05:00.857] [bmv2] [D] [thread 247353] Entry 27 added to table 'MyIngress.ipv4_lpm'
[06:05:00.857] [bmv2] [D] [thread 247353] Dumping entry 27
Match key:
* hdr.ipv4.dstAddr              : LPM       0a000206/32
* standard_metadata.ingress_port: EXACT     0004
Action entry: MyIngress.ipv4_forward - a000206,1,

[06:05:00.858] [bmv2] [T] [thread 247353] bm_table_add_entry
[06:05:00.858] [bmv2] [D] [thread 247353] Entry 28 added to table 'MyIngress.ipv4_lpm'
[06:05:00.858] [bmv2] [D] [thread 247353] Dumping entry 28
Match key:
* hdr.ipv4.dstAddr              : LPM       0a000206/32
* standard_metadata.ingress_port: EXACT     0005
Action entry: MyIngress.ipv4_forward - a000206,1,

[06:05:00.859] [bmv2] [T] [thread 247353] bm_table_add_entry
[06:05:00.859] [bmv2] [D] [thread 247353] Entry 29 added to table 'MyIngress.ipv4_lpm'
[06:05:00.859] [bmv2] [D] [thread 247353] Dumping entry 29
Match key:
* hdr.ipv4.dstAddr              : LPM       0a000206/32
* standard_metadata.ingress_port: EXACT     0006
Action entry: MyIngress.ipv4_forward - a000206,1,

[06:05:00.859] [bmv2] [T] [thread 247353] bm_table_add_entry
[06:05:00.860] [bmv2] [D] [thread 247353] Entry 30 added to table 'MyIngress.ipv4_lpm'
[06:05:00.860] [bmv2] [D] [thread 247353] Dumping entry 30
Match key:
* hdr.ipv4.dstAddr              : LPM       0a000307/32
* standard_metadata.ingress_port: EXACT     0002
Action entry: MyIngress.ipv4_forward - a000307,1,

[06:05:00.860] [bmv2] [T] [thread 247353] bm_table_add_entry
[06:05:00.860] [bmv2] [D] [thread 247353] Entry 31 added to table 'MyIngress.ipv4_lpm'
[06:05:00.860] [bmv2] [D] [thread 247353] Dumping entry 31
Match key:
* hdr.ipv4.dstAddr              : LPM       0a000307/32
* standard_metadata.ingress_port: EXACT     0003
Action entry: MyIngress.ipv4_forward - a000307,1,

[06:05:00.861] [bmv2] [T] [thread 247353] bm_table_add_entry
[06:05:00.861] [bmv2] [D] [thread 247353] Entry 32 added to table 'MyIngress.ipv4_lpm'
[06:05:00.861] [bmv2] [D] [thread 247353] Dumping entry 32
Match key:
* hdr.ipv4.dstAddr              : LPM       0a000307/32
* standard_metadata.ingress_port: EXACT     0004
Action entry: MyIngress.ipv4_forward - a000307,1,

[06:05:00.862] [bmv2] [T] [thread 247353] bm_table_add_entry
[06:05:00.862] [bmv2] [D] [thread 247353] Entry 33 added to table 'MyIngress.ipv4_lpm'
[06:05:00.862] [bmv2] [D] [thread 247353] Dumping entry 33
Match key:
* hdr.ipv4.dstAddr              : LPM       0a000307/32
* standard_metadata.ingress_port: EXACT     0005
Action entry: MyIngress.ipv4_forward - a000307,1,

[06:05:00.862] [bmv2] [T] [thread 247353] bm_table_add_entry
[06:05:00.863] [bmv2] [D] [thread 247353] Entry 34 added to table 'MyIngress.ipv4_lpm'
[06:05:00.863] [bmv2] [D] [thread 247353] Dumping entry 34
Match key:
* hdr.ipv4.dstAddr              : LPM       0a000307/32
* standard_metadata.ingress_port: EXACT     0006
Action entry: MyIngress.ipv4_forward - a000307,1,

[06:05:00.863] [bmv2] [T] [thread 247353] bm_table_add_entry
[06:05:00.863] [bmv2] [D] [thread 247353] Entry 35 added to table 'MyIngress.ipv4_lpm'
[06:05:00.863] [bmv2] [D] [thread 247353] Dumping entry 35
Match key:
* hdr.ipv4.dstAddr              : LPM       0a000308/32
* standard_metadata.ingress_port: EXACT     0002
Action entry: MyIngress.ipv4_forward - a000308,1,

[06:05:00.864] [bmv2] [T] [thread 247353] bm_table_add_entry
[06:05:00.864] [bmv2] [D] [thread 247353] Entry 36 added to table 'MyIngress.ipv4_lpm'
[06:05:00.864] [bmv2] [D] [thread 247353] Dumping entry 36
Match key:
* hdr.ipv4.dstAddr              : LPM       0a000308/32
* standard_metadata.ingress_port: EXACT     0003
Action entry: MyIngress.ipv4_forward - a000308,1,

[06:05:00.865] [bmv2] [T] [thread 247353] bm_table_add_entry
[06:05:00.865] [bmv2] [D] [thread 247353] Entry 37 added to table 'MyIngress.ipv4_lpm'
[06:05:00.865] [bmv2] [D] [thread 247353] Dumping entry 37
Match key:
* hdr.ipv4.dstAddr              : LPM       0a000308/32
* standard_metadata.ingress_port: EXACT     0004
Action entry: MyIngress.ipv4_forward - a000308,1,

[06:05:00.865] [bmv2] [T] [thread 247353] bm_table_add_entry
[06:05:00.866] [bmv2] [D] [thread 247353] Entry 38 added to table 'MyIngress.ipv4_lpm'
[06:05:00.866] [bmv2] [D] [thread 247353] Dumping entry 38
Match key:
* hdr.ipv4.dstAddr              : LPM       0a000308/32
* standard_metadata.ingress_port: EXACT     0005
Action entry: MyIngress.ipv4_forward - a000308,1,

[06:05:00.866] [bmv2] [T] [thread 247353] bm_table_add_entry
[06:05:00.866] [bmv2] [D] [thread 247353] Entry 39 added to table 'MyIngress.ipv4_lpm'
[06:05:00.866] [bmv2] [D] [thread 247353] Dumping entry 39
Match key:
* hdr.ipv4.dstAddr              : LPM       0a000308/32
* standard_metadata.ingress_port: EXACT     0006
Action entry: MyIngress.ipv4_forward - a000308,1,

[06:05:00.867] [bmv2] [T] [thread 247353] bm_table_add_entry
[06:05:00.867] [bmv2] [D] [thread 247353] Entry 40 added to table 'MyIngress.ipv4_lpm'
[06:05:00.867] [bmv2] [D] [thread 247353] Dumping entry 40
Match key:
* hdr.ipv4.dstAddr              : LPM       0a000309/32
* standard_metadata.ingress_port: EXACT     0002
Action entry: MyIngress.ipv4_forward - a000309,1,

[06:05:00.868] [bmv2] [T] [thread 247353] bm_table_add_entry
[06:05:00.868] [bmv2] [D] [thread 247353] Entry 41 added to table 'MyIngress.ipv4_lpm'
[06:05:00.868] [bmv2] [D] [thread 247353] Dumping entry 41
Match key:
* hdr.ipv4.dstAddr              : LPM       0a000309/32
* standard_metadata.ingress_port: EXACT     0003
Action entry: MyIngress.ipv4_forward - a000309,1,

[06:05:00.869] [bmv2] [T] [thread 247353] bm_table_add_entry
[06:05:00.869] [bmv2] [D] [thread 247353] Entry 42 added to table 'MyIngress.ipv4_lpm'
[06:05:00.869] [bmv2] [D] [thread 247353] Dumping entry 42
Match key:
* hdr.ipv4.dstAddr              : LPM       0a000309/32
* standard_metadata.ingress_port: EXACT     0004
Action entry: MyIngress.ipv4_forward - a000309,1,

[06:05:00.869] [bmv2] [T] [thread 247353] bm_table_add_entry
[06:05:00.870] [bmv2] [D] [thread 247353] Entry 43 added to table 'MyIngress.ipv4_lpm'
[06:05:00.870] [bmv2] [D] [thread 247353] Dumping entry 43
Match key:
* hdr.ipv4.dstAddr              : LPM       0a000309/32
* standard_metadata.ingress_port: EXACT     0005
Action entry: MyIngress.ipv4_forward - a000309,1,

[06:05:00.870] [bmv2] [T] [thread 247353] bm_table_add_entry
[06:05:00.870] [bmv2] [D] [thread 247353] Entry 44 added to table 'MyIngress.ipv4_lpm'
[06:05:00.870] [bmv2] [D] [thread 247353] Dumping entry 44
Match key:
* hdr.ipv4.dstAddr              : LPM       0a000309/32
* standard_metadata.ingress_port: EXACT     0006
Action entry: MyIngress.ipv4_forward - a000309,1,

[06:05:00.871] [bmv2] [T] [thread 247353] bm_table_add_entry
[06:05:00.871] [bmv2] [D] [thread 247353] Entry 45 added to table 'MyIngress.ipv4_lpm'
[06:05:00.871] [bmv2] [D] [thread 247353] Dumping entry 45
Match key:
* hdr.ipv4.dstAddr              : LPM       0a00040a/32
* standard_metadata.ingress_port: EXACT     0001
Action entry: MyIngress.ipv4_forward - a00040a,2,

[06:05:00.872] [bmv2] [T] [thread 247353] bm_table_add_entry
[06:05:00.872] [bmv2] [D] [thread 247353] Entry 46 added to table 'MyIngress.ipv4_lpm'
[06:05:00.872] [bmv2] [D] [thread 247353] Dumping entry 46
Match key:
* hdr.ipv4.dstAddr              : LPM       0a00040a/32
* standard_metadata.ingress_port: EXACT     0003
Action entry: MyIngress.ipv4_forward - a00040a,2,

[06:05:00.873] [bmv2] [T] [thread 247353] bm_table_add_entry
[06:05:00.873] [bmv2] [D] [thread 247353] Entry 47 added to table 'MyIngress.ipv4_lpm'
[06:05:00.873] [bmv2] [D] [thread 247353] Dumping entry 47
Match key:
* hdr.ipv4.dstAddr              : LPM       0a00040a/32
* standard_metadata.ingress_port: EXACT     0004
Action entry: MyIngress.ipv4_forward - a00040a,2,

[06:05:00.873] [bmv2] [T] [thread 247353] bm_table_add_entry
[06:05:00.874] [bmv2] [D] [thread 247353] Entry 48 added to table 'MyIngress.ipv4_lpm'
[06:05:00.874] [bmv2] [D] [thread 247353] Dumping entry 48
Match key:
* hdr.ipv4.dstAddr              : LPM       0a00040a/32
* standard_metadata.ingress_port: EXACT     0005
Action entry: MyIngress.ipv4_forward - a00040a,2,

[06:05:00.874] [bmv2] [T] [thread 247353] bm_table_add_entry
[06:05:00.874] [bmv2] [D] [thread 247353] Entry 49 added to table 'MyIngress.ipv4_lpm'
[06:05:00.874] [bmv2] [D] [thread 247353] Dumping entry 49
Match key:
* hdr.ipv4.dstAddr              : LPM       0a00040a/32
* standard_metadata.ingress_port: EXACT     0006
Action entry: MyIngress.ipv4_forward - a00040a,2,

[06:05:00.875] [bmv2] [T] [thread 247353] bm_table_add_entry
[06:05:00.875] [bmv2] [D] [thread 247353] Entry 50 added to table 'MyIngress.ipv4_lpm'
[06:05:00.875] [bmv2] [D] [thread 247353] Dumping entry 50
Match key:
* hdr.ipv4.dstAddr              : LPM       0a00040b/32
* standard_metadata.ingress_port: EXACT     0001
Action entry: MyIngress.ipv4_forward - a00040b,2,

[06:05:00.876] [bmv2] [T] [thread 247353] bm_table_add_entry
[06:05:00.876] [bmv2] [D] [thread 247353] Entry 51 added to table 'MyIngress.ipv4_lpm'
[06:05:00.876] [bmv2] [D] [thread 247353] Dumping entry 51
Match key:
* hdr.ipv4.dstAddr              : LPM       0a00040b/32
* standard_metadata.ingress_port: EXACT     0003
Action entry: MyIngress.ipv4_forward - a00040b,2,

[06:05:00.877] [bmv2] [T] [thread 247353] bm_table_add_entry
[06:05:00.877] [bmv2] [D] [thread 247353] Entry 52 added to table 'MyIngress.ipv4_lpm'
[06:05:00.877] [bmv2] [D] [thread 247353] Dumping entry 52
Match key:
* hdr.ipv4.dstAddr              : LPM       0a00040b/32
* standard_metadata.ingress_port: EXACT     0004
Action entry: MyIngress.ipv4_forward - a00040b,2,

[06:05:00.878] [bmv2] [T] [thread 247353] bm_table_add_entry
[06:05:00.878] [bmv2] [D] [thread 247353] Entry 53 added to table 'MyIngress.ipv4_lpm'
[06:05:00.878] [bmv2] [D] [thread 247353] Dumping entry 53
Match key:
* hdr.ipv4.dstAddr              : LPM       0a00040b/32
* standard_metadata.ingress_port: EXACT     0005
Action entry: MyIngress.ipv4_forward - a00040b,2,

[06:05:00.879] [bmv2] [T] [thread 247353] bm_table_add_entry
[06:05:00.879] [bmv2] [D] [thread 247353] Entry 54 added to table 'MyIngress.ipv4_lpm'
[06:05:00.879] [bmv2] [D] [thread 247353] Dumping entry 54
Match key:
* hdr.ipv4.dstAddr              : LPM       0a00040b/32
* standard_metadata.ingress_port: EXACT     0006
Action entry: MyIngress.ipv4_forward - a00040b,2,

[06:05:00.879] [bmv2] [T] [thread 247353] bm_table_add_entry
[06:05:00.880] [bmv2] [D] [thread 247353] Entry 55 added to table 'MyIngress.ipv4_lpm'
[06:05:00.880] [bmv2] [D] [thread 247353] Dumping entry 55
Match key:
* hdr.ipv4.dstAddr              : LPM       0a00040c/32
* standard_metadata.ingress_port: EXACT     0001
Action entry: MyIngress.ipv4_forward - a00040c,2,

[06:05:00.880] [bmv2] [T] [thread 247353] bm_table_add_entry
[06:05:00.880] [bmv2] [D] [thread 247353] Entry 56 added to table 'MyIngress.ipv4_lpm'
[06:05:00.880] [bmv2] [D] [thread 247353] Dumping entry 56
Match key:
* hdr.ipv4.dstAddr              : LPM       0a00040c/32
* standard_metadata.ingress_port: EXACT     0003
Action entry: MyIngress.ipv4_forward - a00040c,2,

[06:05:00.881] [bmv2] [T] [thread 247353] bm_table_add_entry
[06:05:00.881] [bmv2] [D] [thread 247353] Entry 57 added to table 'MyIngress.ipv4_lpm'
[06:05:00.881] [bmv2] [D] [thread 247353] Dumping entry 57
Match key:
* hdr.ipv4.dstAddr              : LPM       0a00040c/32
* standard_metadata.ingress_port: EXACT     0004
Action entry: MyIngress.ipv4_forward - a00040c,2,

[06:05:00.882] [bmv2] [T] [thread 247353] bm_table_add_entry
[06:05:00.882] [bmv2] [D] [thread 247353] Entry 58 added to table 'MyIngress.ipv4_lpm'
[06:05:00.882] [bmv2] [D] [thread 247353] Dumping entry 58
Match key:
* hdr.ipv4.dstAddr              : LPM       0a00040c/32
* standard_metadata.ingress_port: EXACT     0005
Action entry: MyIngress.ipv4_forward - a00040c,2,

[06:05:00.882] [bmv2] [T] [thread 247353] bm_table_add_entry
[06:05:00.883] [bmv2] [D] [thread 247353] Entry 59 added to table 'MyIngress.ipv4_lpm'
[06:05:00.883] [bmv2] [D] [thread 247353] Dumping entry 59
Match key:
* hdr.ipv4.dstAddr              : LPM       0a00040c/32
* standard_metadata.ingress_port: EXACT     0006
Action entry: MyIngress.ipv4_forward - a00040c,2,

[06:05:00.883] [bmv2] [T] [thread 247353] bm_table_add_entry
[06:05:00.883] [bmv2] [D] [thread 247353] Entry 60 added to table 'MyIngress.ipv4_lpm'
[06:05:00.883] [bmv2] [D] [thread 247353] Dumping entry 60
Match key:
* hdr.ipv4.dstAddr              : LPM       0a00050d/32
* standard_metadata.ingress_port: EXACT     0001
Action entry: MyIngress.ipv4_forward - a00050d,2,

[06:05:00.884] [bmv2] [T] [thread 247353] bm_table_add_entry
[06:05:00.884] [bmv2] [D] [thread 247353] Entry 61 added to table 'MyIngress.ipv4_lpm'
[06:05:00.884] [bmv2] [D] [thread 247353] Dumping entry 61
Match key:
* hdr.ipv4.dstAddr              : LPM       0a00050d/32
* standard_metadata.ingress_port: EXACT     0003
Action entry: MyIngress.ipv4_forward - a00050d,2,

[06:05:00.885] [bmv2] [T] [thread 247353] bm_table_add_entry
[06:05:00.885] [bmv2] [D] [thread 247353] Entry 62 added to table 'MyIngress.ipv4_lpm'
[06:05:00.885] [bmv2] [D] [thread 247353] Dumping entry 62
Match key:
* hdr.ipv4.dstAddr              : LPM       0a00050d/32
* standard_metadata.ingress_port: EXACT     0004
Action entry: MyIngress.ipv4_forward - a00050d,2,

[06:05:00.886] [bmv2] [T] [thread 247353] bm_table_add_entry
[06:05:00.886] [bmv2] [D] [thread 247353] Entry 63 added to table 'MyIngress.ipv4_lpm'
[06:05:00.886] [bmv2] [D] [thread 247353] Dumping entry 63
Match key:
* hdr.ipv4.dstAddr              : LPM       0a00050d/32
* standard_metadata.ingress_port: EXACT     0005
Action entry: MyIngress.ipv4_forward - a00050d,2,

[06:05:00.886] [bmv2] [T] [thread 247353] bm_table_add_entry
[06:05:00.887] [bmv2] [D] [thread 247353] Entry 64 added to table 'MyIngress.ipv4_lpm'
[06:05:00.887] [bmv2] [D] [thread 247353] Dumping entry 64
Match key:
* hdr.ipv4.dstAddr              : LPM       0a00050d/32
* standard_metadata.ingress_port: EXACT     0006
Action entry: MyIngress.ipv4_forward - a00050d,2,

[06:05:00.887] [bmv2] [T] [thread 247353] bm_table_add_entry
[06:05:00.887] [bmv2] [D] [thread 247353] Entry 65 added to table 'MyIngress.ipv4_lpm'
[06:05:00.887] [bmv2] [D] [thread 247353] Dumping entry 65
Match key:
* hdr.ipv4.dstAddr              : LPM       0a00050e/32
* standard_metadata.ingress_port: EXACT     0001
Action entry: MyIngress.ipv4_forward - a00050e,2,

[06:05:00.888] [bmv2] [T] [thread 247353] bm_table_add_entry
[06:05:00.888] [bmv2] [D] [thread 247353] Entry 66 added to table 'MyIngress.ipv4_lpm'
[06:05:00.888] [bmv2] [D] [thread 247353] Dumping entry 66
Match key:
* hdr.ipv4.dstAddr              : LPM       0a00050e/32
* standard_metadata.ingress_port: EXACT     0003
Action entry: MyIngress.ipv4_forward - a00050e,2,

[06:05:00.889] [bmv2] [T] [thread 247353] bm_table_add_entry
[06:05:00.889] [bmv2] [D] [thread 247353] Entry 67 added to table 'MyIngress.ipv4_lpm'
[06:05:00.889] [bmv2] [D] [thread 247353] Dumping entry 67
Match key:
* hdr.ipv4.dstAddr              : LPM       0a00050e/32
* standard_metadata.ingress_port: EXACT     0004
Action entry: MyIngress.ipv4_forward - a00050e,2,

[06:05:00.890] [bmv2] [T] [thread 247353] bm_table_add_entry
[06:05:00.890] [bmv2] [D] [thread 247353] Entry 68 added to table 'MyIngress.ipv4_lpm'
[06:05:00.890] [bmv2] [D] [thread 247353] Dumping entry 68
Match key:
* hdr.ipv4.dstAddr              : LPM       0a00050e/32
* standard_metadata.ingress_port: EXACT     0005
Action entry: MyIngress.ipv4_forward - a00050e,2,

[06:05:00.891] [bmv2] [T] [thread 247353] bm_table_add_entry
[06:05:00.891] [bmv2] [D] [thread 247353] Entry 69 added to table 'MyIngress.ipv4_lpm'
[06:05:00.891] [bmv2] [D] [thread 247353] Dumping entry 69
Match key:
* hdr.ipv4.dstAddr              : LPM       0a00050e/32
* standard_metadata.ingress_port: EXACT     0006
Action entry: MyIngress.ipv4_forward - a00050e,2,

[06:05:00.892] [bmv2] [T] [thread 247353] bm_table_add_entry
[06:05:00.892] [bmv2] [D] [thread 247353] Entry 70 added to table 'MyIngress.ipv4_lpm'
[06:05:00.892] [bmv2] [D] [thread 247353] Dumping entry 70
Match key:
* hdr.ipv4.dstAddr              : LPM       0a00050f/32
* standard_metadata.ingress_port: EXACT     0001
Action entry: MyIngress.ipv4_forward - a00050f,2,

[06:05:00.892] [bmv2] [T] [thread 247353] bm_table_add_entry
[06:05:00.892] [bmv2] [D] [thread 247353] Entry 71 added to table 'MyIngress.ipv4_lpm'
[06:05:00.893] [bmv2] [D] [thread 247353] Dumping entry 71
Match key:
* hdr.ipv4.dstAddr              : LPM       0a00050f/32
* standard_metadata.ingress_port: EXACT     0003
Action entry: MyIngress.ipv4_forward - a00050f,2,

[06:05:00.893] [bmv2] [T] [thread 247353] bm_table_add_entry
[06:05:00.893] [bmv2] [D] [thread 247353] Entry 72 added to table 'MyIngress.ipv4_lpm'
[06:05:00.893] [bmv2] [D] [thread 247353] Dumping entry 72
Match key:
* hdr.ipv4.dstAddr              : LPM       0a00050f/32
* standard_metadata.ingress_port: EXACT     0004
Action entry: MyIngress.ipv4_forward - a00050f,2,

[06:05:00.894] [bmv2] [T] [thread 247353] bm_table_add_entry
[06:05:00.894] [bmv2] [D] [thread 247353] Entry 73 added to table 'MyIngress.ipv4_lpm'
[06:05:00.894] [bmv2] [D] [thread 247353] Dumping entry 73
Match key:
* hdr.ipv4.dstAddr              : LPM       0a00050f/32
* standard_metadata.ingress_port: EXACT     0005
Action entry: MyIngress.ipv4_forward - a00050f,2,

[06:05:00.895] [bmv2] [T] [thread 247353] bm_table_add_entry
[06:05:00.895] [bmv2] [D] [thread 247353] Entry 74 added to table 'MyIngress.ipv4_lpm'
[06:05:00.895] [bmv2] [D] [thread 247353] Dumping entry 74
Match key:
* hdr.ipv4.dstAddr              : LPM       0a00050f/32
* standard_metadata.ingress_port: EXACT     0006
Action entry: MyIngress.ipv4_forward - a00050f,2,

[06:05:00.895] [bmv2] [T] [thread 247353] bm_table_add_entry
[06:05:00.896] [bmv2] [D] [thread 247353] Entry 75 added to table 'MyIngress.ipv4_lpm'
[06:05:00.896] [bmv2] [D] [thread 247353] Dumping entry 75
Match key:
* hdr.ipv4.dstAddr              : LPM       0a000610/32
* standard_metadata.ingress_port: EXACT     0001
Action entry: MyIngress.ipv4_forward - a000610,2,

[06:05:00.896] [bmv2] [T] [thread 247353] bm_table_add_entry
[06:05:00.897] [bmv2] [D] [thread 247353] Entry 76 added to table 'MyIngress.ipv4_lpm'
[06:05:00.897] [bmv2] [D] [thread 247353] Dumping entry 76
Match key:
* hdr.ipv4.dstAddr              : LPM       0a000610/32
* standard_metadata.ingress_port: EXACT     0003
Action entry: MyIngress.ipv4_forward - a000610,2,

[06:05:00.897] [bmv2] [T] [thread 247353] bm_table_add_entry
[06:05:00.897] [bmv2] [D] [thread 247353] Entry 77 added to table 'MyIngress.ipv4_lpm'
[06:05:00.897] [bmv2] [D] [thread 247353] Dumping entry 77
Match key:
* hdr.ipv4.dstAddr              : LPM       0a000610/32
* standard_metadata.ingress_port: EXACT     0004
Action entry: MyIngress.ipv4_forward - a000610,2,

[06:05:00.898] [bmv2] [T] [thread 247353] bm_table_add_entry
[06:05:00.898] [bmv2] [D] [thread 247353] Entry 78 added to table 'MyIngress.ipv4_lpm'
[06:05:00.898] [bmv2] [D] [thread 247353] Dumping entry 78
Match key:
* hdr.ipv4.dstAddr              : LPM       0a000610/32
* standard_metadata.ingress_port: EXACT     0005
Action entry: MyIngress.ipv4_forward - a000610,2,

[06:05:00.899] [bmv2] [T] [thread 247353] bm_table_add_entry
[06:05:00.899] [bmv2] [D] [thread 247353] Entry 79 added to table 'MyIngress.ipv4_lpm'
[06:05:00.899] [bmv2] [D] [thread 247353] Dumping entry 79
Match key:
* hdr.ipv4.dstAddr              : LPM       0a000610/32
* standard_metadata.ingress_port: EXACT     0006
Action entry: MyIngress.ipv4_forward - a000610,2,

[06:05:00.900] [bmv2] [T] [thread 247353] bm_table_add_entry
[06:05:00.900] [bmv2] [D] [thread 247353] Entry 80 added to table 'MyIngress.ipv4_lpm'
[06:05:00.900] [bmv2] [D] [thread 247353] Dumping entry 80
Match key:
* hdr.ipv4.dstAddr              : LPM       0a000611/32
* standard_metadata.ingress_port: EXACT     0001
Action entry: MyIngress.ipv4_forward - a000611,2,

[06:05:00.900] [bmv2] [T] [thread 247353] bm_table_add_entry
[06:05:00.901] [bmv2] [D] [thread 247353] Entry 81 added to table 'MyIngress.ipv4_lpm'
[06:05:00.901] [bmv2] [D] [thread 247353] Dumping entry 81
Match key:
* hdr.ipv4.dstAddr              : LPM       0a000611/32
* standard_metadata.ingress_port: EXACT     0003
Action entry: MyIngress.ipv4_forward - a000611,2,

[06:05:00.901] [bmv2] [T] [thread 247353] bm_table_add_entry
[06:05:00.901] [bmv2] [D] [thread 247353] Entry 82 added to table 'MyIngress.ipv4_lpm'
[06:05:00.901] [bmv2] [D] [thread 247353] Dumping entry 82
Match key:
* hdr.ipv4.dstAddr              : LPM       0a000611/32
* standard_metadata.ingress_port: EXACT     0004
Action entry: MyIngress.ipv4_forward - a000611,2,

[06:05:00.902] [bmv2] [T] [thread 247353] bm_table_add_entry
[06:05:00.902] [bmv2] [D] [thread 247353] Entry 83 added to table 'MyIngress.ipv4_lpm'
[06:05:00.902] [bmv2] [D] [thread 247353] Dumping entry 83
Match key:
* hdr.ipv4.dstAddr              : LPM       0a000611/32
* standard_metadata.ingress_port: EXACT     0005
Action entry: MyIngress.ipv4_forward - a000611,2,

[06:05:00.903] [bmv2] [T] [thread 247353] bm_table_add_entry
[06:05:00.903] [bmv2] [D] [thread 247353] Entry 84 added to table 'MyIngress.ipv4_lpm'
[06:05:00.903] [bmv2] [D] [thread 247353] Dumping entry 84
Match key:
* hdr.ipv4.dstAddr              : LPM       0a000611/32
* standard_metadata.ingress_port: EXACT     0006
Action entry: MyIngress.ipv4_forward - a000611,2,

[06:05:00.904] [bmv2] [T] [thread 247353] bm_table_add_entry
[06:05:00.904] [bmv2] [D] [thread 247353] Entry 85 added to table 'MyIngress.ipv4_lpm'
[06:05:00.904] [bmv2] [D] [thread 247353] Dumping entry 85
Match key:
* hdr.ipv4.dstAddr              : LPM       0a000612/32
* standard_metadata.ingress_port: EXACT     0001
Action entry: MyIngress.ipv4_forward - a000612,2,

[06:05:00.905] [bmv2] [T] [thread 247353] bm_table_add_entry
[06:05:00.905] [bmv2] [D] [thread 247353] Entry 86 added to table 'MyIngress.ipv4_lpm'
[06:05:00.905] [bmv2] [D] [thread 247353] Dumping entry 86
Match key:
* hdr.ipv4.dstAddr              : LPM       0a000612/32
* standard_metadata.ingress_port: EXACT     0003
Action entry: MyIngress.ipv4_forward - a000612,2,

[06:05:00.906] [bmv2] [T] [thread 247353] bm_table_add_entry
[06:05:00.906] [bmv2] [D] [thread 247353] Entry 87 added to table 'MyIngress.ipv4_lpm'
[06:05:00.906] [bmv2] [D] [thread 247353] Dumping entry 87
Match key:
* hdr.ipv4.dstAddr              : LPM       0a000612/32
* standard_metadata.ingress_port: EXACT     0004
Action entry: MyIngress.ipv4_forward - a000612,2,

[06:05:00.906] [bmv2] [T] [thread 247353] bm_table_add_entry
[06:05:00.907] [bmv2] [D] [thread 247353] Entry 88 added to table 'MyIngress.ipv4_lpm'
[06:05:00.907] [bmv2] [D] [thread 247353] Dumping entry 88
Match key:
* hdr.ipv4.dstAddr              : LPM       0a000612/32
* standard_metadata.ingress_port: EXACT     0005
Action entry: MyIngress.ipv4_forward - a000612,2,

[06:05:00.907] [bmv2] [T] [thread 247353] bm_table_add_entry
[06:05:00.907] [bmv2] [D] [thread 247353] Entry 89 added to table 'MyIngress.ipv4_lpm'
[06:05:00.907] [bmv2] [D] [thread 247353] Dumping entry 89
Match key:
* hdr.ipv4.dstAddr              : LPM       0a000612/32
* standard_metadata.ingress_port: EXACT     0006
Action entry: MyIngress.ipv4_forward - a000612,2,

[06:05:00.908] [bmv2] [T] [thread 247353] bm_table_add_entry
[06:05:00.908] [bmv2] [D] [thread 247353] Entry 90 added to table 'MyIngress.ipv4_lpm'
[06:05:00.908] [bmv2] [D] [thread 247353] Dumping entry 90
Match key:
* hdr.ipv4.dstAddr              : LPM       0a000713/32
* standard_metadata.ingress_port: EXACT     0001
Action entry: MyIngress.ipv4_forward - a000713,3,

[06:05:00.909] [bmv2] [T] [thread 247353] bm_table_add_entry
[06:05:00.909] [bmv2] [D] [thread 247353] Entry 91 added to table 'MyIngress.ipv4_lpm'
[06:05:00.909] [bmv2] [D] [thread 247353] Dumping entry 91
Match key:
* hdr.ipv4.dstAddr              : LPM       0a000713/32
* standard_metadata.ingress_port: EXACT     0002
Action entry: MyIngress.ipv4_forward - a000713,3,

[06:05:00.910] [bmv2] [T] [thread 247353] bm_table_add_entry
[06:05:00.910] [bmv2] [D] [thread 247353] Entry 92 added to table 'MyIngress.ipv4_lpm'
[06:05:00.910] [bmv2] [D] [thread 247353] Dumping entry 92
Match key:
* hdr.ipv4.dstAddr              : LPM       0a000713/32
* standard_metadata.ingress_port: EXACT     0004
Action entry: MyIngress.ipv4_forward - a000713,3,

[06:05:00.911] [bmv2] [T] [thread 247353] bm_table_add_entry
[06:05:00.911] [bmv2] [D] [thread 247353] Entry 93 added to table 'MyIngress.ipv4_lpm'
[06:05:00.911] [bmv2] [D] [thread 247353] Dumping entry 93
Match key:
* hdr.ipv4.dstAddr              : LPM       0a000713/32
* standard_metadata.ingress_port: EXACT     0005
Action entry: MyIngress.ipv4_forward - a000713,3,

[06:05:00.911] [bmv2] [T] [thread 247353] bm_table_add_entry
[06:05:00.912] [bmv2] [D] [thread 247353] Entry 94 added to table 'MyIngress.ipv4_lpm'
[06:05:00.912] [bmv2] [D] [thread 247353] Dumping entry 94
Match key:
* hdr.ipv4.dstAddr              : LPM       0a000713/32
* standard_metadata.ingress_port: EXACT     0006
Action entry: MyIngress.ipv4_forward - a000713,3,

[06:05:00.912] [bmv2] [T] [thread 247353] bm_table_add_entry
[06:05:00.912] [bmv2] [D] [thread 247353] Entry 95 added to table 'MyIngress.ipv4_lpm'
[06:05:00.912] [bmv2] [D] [thread 247353] Dumping entry 95
Match key:
* hdr.ipv4.dstAddr              : LPM       0a000714/32
* standard_metadata.ingress_port: EXACT     0001
Action entry: MyIngress.ipv4_forward - a000714,3,

[06:05:00.913] [bmv2] [T] [thread 247353] bm_table_add_entry
[06:05:00.913] [bmv2] [D] [thread 247353] Entry 96 added to table 'MyIngress.ipv4_lpm'
[06:05:00.913] [bmv2] [D] [thread 247353] Dumping entry 96
Match key:
* hdr.ipv4.dstAddr              : LPM       0a000714/32
* standard_metadata.ingress_port: EXACT     0002
Action entry: MyIngress.ipv4_forward - a000714,3,

[06:05:00.914] [bmv2] [T] [thread 247353] bm_table_add_entry
[06:05:00.914] [bmv2] [D] [thread 247353] Entry 97 added to table 'MyIngress.ipv4_lpm'
[06:05:00.914] [bmv2] [D] [thread 247353] Dumping entry 97
Match key:
* hdr.ipv4.dstAddr              : LPM       0a000714/32
* standard_metadata.ingress_port: EXACT     0004
Action entry: MyIngress.ipv4_forward - a000714,3,

[06:05:00.914] [bmv2] [T] [thread 247353] bm_table_add_entry
[06:05:00.915] [bmv2] [D] [thread 247353] Entry 98 added to table 'MyIngress.ipv4_lpm'
[06:05:00.915] [bmv2] [D] [thread 247353] Dumping entry 98
Match key:
* hdr.ipv4.dstAddr              : LPM       0a000714/32
* standard_metadata.ingress_port: EXACT     0005
Action entry: MyIngress.ipv4_forward - a000714,3,

[06:05:00.915] [bmv2] [T] [thread 247353] bm_table_add_entry
[06:05:00.915] [bmv2] [D] [thread 247353] Entry 99 added to table 'MyIngress.ipv4_lpm'
[06:05:00.915] [bmv2] [D] [thread 247353] Dumping entry 99
Match key:
* hdr.ipv4.dstAddr              : LPM       0a000714/32
* standard_metadata.ingress_port: EXACT     0006
Action entry: MyIngress.ipv4_forward - a000714,3,

[06:05:00.916] [bmv2] [T] [thread 247353] bm_table_add_entry
[06:05:00.916] [bmv2] [D] [thread 247353] Entry 100 added to table 'MyIngress.ipv4_lpm'
[06:05:00.916] [bmv2] [D] [thread 247353] Dumping entry 100
Match key:
* hdr.ipv4.dstAddr              : LPM       0a000715/32
* standard_metadata.ingress_port: EXACT     0001
Action entry: MyIngress.ipv4_forward - a000715,3,

[06:05:00.917] [bmv2] [T] [thread 247353] bm_table_add_entry
[06:05:00.917] [bmv2] [D] [thread 247353] Entry 101 added to table 'MyIngress.ipv4_lpm'
[06:05:00.917] [bmv2] [D] [thread 247353] Dumping entry 101
Match key:
* hdr.ipv4.dstAddr              : LPM       0a000715/32
* standard_metadata.ingress_port: EXACT     0002
Action entry: MyIngress.ipv4_forward - a000715,3,

[06:05:00.917] [bmv2] [T] [thread 247353] bm_table_add_entry
[06:05:00.918] [bmv2] [D] [thread 247353] Entry 102 added to table 'MyIngress.ipv4_lpm'
[06:05:00.918] [bmv2] [D] [thread 247353] Dumping entry 102
Match key:
* hdr.ipv4.dstAddr              : LPM       0a000715/32
* standard_metadata.ingress_port: EXACT     0004
Action entry: MyIngress.ipv4_forward - a000715,3,

[06:05:00.918] [bmv2] [T] [thread 247353] bm_table_add_entry
[06:05:00.918] [bmv2] [D] [thread 247353] Entry 103 added to table 'MyIngress.ipv4_lpm'
[06:05:00.919] [bmv2] [D] [thread 247353] Dumping entry 103
Match key:
* hdr.ipv4.dstAddr              : LPM       0a000715/32
* standard_metadata.ingress_port: EXACT     0005
Action entry: MyIngress.ipv4_forward - a000715,3,

[06:05:00.919] [bmv2] [T] [thread 247353] bm_table_add_entry
[06:05:00.920] [bmv2] [D] [thread 247353] Entry 104 added to table 'MyIngress.ipv4_lpm'
[06:05:00.920] [bmv2] [D] [thread 247353] Dumping entry 104
Match key:
* hdr.ipv4.dstAddr              : LPM       0a000715/32
* standard_metadata.ingress_port: EXACT     0006
Action entry: MyIngress.ipv4_forward - a000715,3,

[06:05:00.920] [bmv2] [T] [thread 247353] bm_table_add_entry
[06:05:00.920] [bmv2] [D] [thread 247353] Entry 105 added to table 'MyIngress.ipv4_lpm'
[06:05:00.921] [bmv2] [D] [thread 247353] Dumping entry 105
Match key:
* hdr.ipv4.dstAddr              : LPM       0a000816/32
* standard_metadata.ingress_port: EXACT     0001
Action entry: MyIngress.ipv4_forward - a000816,3,

[06:05:00.921] [bmv2] [T] [thread 247353] bm_table_add_entry
[06:05:00.921] [bmv2] [D] [thread 247353] Entry 106 added to table 'MyIngress.ipv4_lpm'
[06:05:00.921] [bmv2] [D] [thread 247353] Dumping entry 106
Match key:
* hdr.ipv4.dstAddr              : LPM       0a000816/32
* standard_metadata.ingress_port: EXACT     0002
Action entry: MyIngress.ipv4_forward - a000816,3,

[06:05:00.922] [bmv2] [T] [thread 247353] bm_table_add_entry
[06:05:00.922] [bmv2] [D] [thread 247353] Entry 107 added to table 'MyIngress.ipv4_lpm'
[06:05:00.922] [bmv2] [D] [thread 247353] Dumping entry 107
Match key:
* hdr.ipv4.dstAddr              : LPM       0a000816/32
* standard_metadata.ingress_port: EXACT     0004
Action entry: MyIngress.ipv4_forward - a000816,3,

[06:05:00.923] [bmv2] [T] [thread 247353] bm_table_add_entry
[06:05:00.923] [bmv2] [D] [thread 247353] Entry 108 added to table 'MyIngress.ipv4_lpm'
[06:05:00.923] [bmv2] [D] [thread 247353] Dumping entry 108
Match key:
* hdr.ipv4.dstAddr              : LPM       0a000816/32
* standard_metadata.ingress_port: EXACT     0005
Action entry: MyIngress.ipv4_forward - a000816,3,

[06:05:00.924] [bmv2] [T] [thread 247353] bm_table_add_entry
[06:05:00.924] [bmv2] [D] [thread 247353] Entry 109 added to table 'MyIngress.ipv4_lpm'
[06:05:00.924] [bmv2] [D] [thread 247353] Dumping entry 109
Match key:
* hdr.ipv4.dstAddr              : LPM       0a000816/32
* standard_metadata.ingress_port: EXACT     0006
Action entry: MyIngress.ipv4_forward - a000816,3,

[06:05:00.924] [bmv2] [T] [thread 247353] bm_table_add_entry
[06:05:00.925] [bmv2] [D] [thread 247353] Entry 110 added to table 'MyIngress.ipv4_lpm'
[06:05:00.925] [bmv2] [D] [thread 247353] Dumping entry 110
Match key:
* hdr.ipv4.dstAddr              : LPM       0a000817/32
* standard_metadata.ingress_port: EXACT     0001
Action entry: MyIngress.ipv4_forward - a000817,3,

[06:05:00.925] [bmv2] [T] [thread 247353] bm_table_add_entry
[06:05:00.925] [bmv2] [D] [thread 247353] Entry 111 added to table 'MyIngress.ipv4_lpm'
[06:05:00.925] [bmv2] [D] [thread 247353] Dumping entry 111
Match key:
* hdr.ipv4.dstAddr              : LPM       0a000817/32
* standard_metadata.ingress_port: EXACT     0002
Action entry: MyIngress.ipv4_forward - a000817,3,

[06:05:00.926] [bmv2] [T] [thread 247353] bm_table_add_entry
[06:05:00.926] [bmv2] [D] [thread 247353] Entry 112 added to table 'MyIngress.ipv4_lpm'
[06:05:00.926] [bmv2] [D] [thread 247353] Dumping entry 112
Match key:
* hdr.ipv4.dstAddr              : LPM       0a000817/32
* standard_metadata.ingress_port: EXACT     0004
Action entry: MyIngress.ipv4_forward - a000817,3,

[06:05:00.927] [bmv2] [T] [thread 247353] bm_table_add_entry
[06:05:00.927] [bmv2] [D] [thread 247353] Entry 113 added to table 'MyIngress.ipv4_lpm'
[06:05:00.927] [bmv2] [D] [thread 247353] Dumping entry 113
Match key:
* hdr.ipv4.dstAddr              : LPM       0a000817/32
* standard_metadata.ingress_port: EXACT     0005
Action entry: MyIngress.ipv4_forward - a000817,3,

[06:05:00.928] [bmv2] [T] [thread 247353] bm_table_add_entry
[06:05:00.928] [bmv2] [D] [thread 247353] Entry 114 added to table 'MyIngress.ipv4_lpm'
[06:05:00.928] [bmv2] [D] [thread 247353] Dumping entry 114
Match key:
* hdr.ipv4.dstAddr              : LPM       0a000817/32
* standard_metadata.ingress_port: EXACT     0006
Action entry: MyIngress.ipv4_forward - a000817,3,

[06:05:00.928] [bmv2] [T] [thread 247353] bm_table_add_entry
[06:05:00.928] [bmv2] [D] [thread 247353] Entry 115 added to table 'MyIngress.ipv4_lpm'
[06:05:00.928] [bmv2] [D] [thread 247353] Dumping entry 115
Match key:
* hdr.ipv4.dstAddr              : LPM       0a000818/32
* standard_metadata.ingress_port: EXACT     0001
Action entry: MyIngress.ipv4_forward - a000818,3,

[06:05:00.929] [bmv2] [T] [thread 247353] bm_table_add_entry
[06:05:00.929] [bmv2] [D] [thread 247353] Entry 116 added to table 'MyIngress.ipv4_lpm'
[06:05:00.929] [bmv2] [D] [thread 247353] Dumping entry 116
Match key:
* hdr.ipv4.dstAddr              : LPM       0a000818/32
* standard_metadata.ingress_port: EXACT     0002
Action entry: MyIngress.ipv4_forward - a000818,3,

[06:05:00.930] [bmv2] [T] [thread 247353] bm_table_add_entry
[06:05:00.930] [bmv2] [D] [thread 247353] Entry 117 added to table 'MyIngress.ipv4_lpm'
[06:05:00.930] [bmv2] [D] [thread 247353] Dumping entry 117
Match key:
* hdr.ipv4.dstAddr              : LPM       0a000818/32
* standard_metadata.ingress_port: EXACT     0004
Action entry: MyIngress.ipv4_forward - a000818,3,

[06:05:00.931] [bmv2] [T] [thread 247353] bm_table_add_entry
[06:05:00.931] [bmv2] [D] [thread 247353] Entry 118 added to table 'MyIngress.ipv4_lpm'
[06:05:00.931] [bmv2] [D] [thread 247353] Dumping entry 118
Match key:
* hdr.ipv4.dstAddr              : LPM       0a000818/32
* standard_metadata.ingress_port: EXACT     0005
Action entry: MyIngress.ipv4_forward - a000818,3,

[06:05:00.931] [bmv2] [T] [thread 247353] bm_table_add_entry
[06:05:00.932] [bmv2] [D] [thread 247353] Entry 119 added to table 'MyIngress.ipv4_lpm'
[06:05:00.932] [bmv2] [D] [thread 247353] Dumping entry 119
Match key:
* hdr.ipv4.dstAddr              : LPM       0a000818/32
* standard_metadata.ingress_port: EXACT     0006
Action entry: MyIngress.ipv4_forward - a000818,3,

[06:05:00.932] [bmv2] [T] [thread 247353] bm_table_add_entry
[06:05:00.932] [bmv2] [D] [thread 247353] Entry 120 added to table 'MyIngress.ipv4_lpm'
[06:05:00.932] [bmv2] [D] [thread 247353] Dumping entry 120
Match key:
* hdr.ipv4.dstAddr              : LPM       0a000919/32
* standard_metadata.ingress_port: EXACT     0001
Action entry: MyIngress.ipv4_forward - a000919,3,

[06:05:00.933] [bmv2] [T] [thread 247353] bm_table_add_entry
[06:05:00.933] [bmv2] [D] [thread 247353] Entry 121 added to table 'MyIngress.ipv4_lpm'
[06:05:00.933] [bmv2] [D] [thread 247353] Dumping entry 121
Match key:
* hdr.ipv4.dstAddr              : LPM       0a000919/32
* standard_metadata.ingress_port: EXACT     0002
Action entry: MyIngress.ipv4_forward - a000919,3,

[06:05:00.934] [bmv2] [T] [thread 247353] bm_table_add_entry
[06:05:00.934] [bmv2] [D] [thread 247353] Entry 122 added to table 'MyIngress.ipv4_lpm'
[06:05:00.934] [bmv2] [D] [thread 247353] Dumping entry 122
Match key:
* hdr.ipv4.dstAddr              : LPM       0a000919/32
* standard_metadata.ingress_port: EXACT     0004
Action entry: MyIngress.ipv4_forward - a000919,3,

[06:05:00.935] [bmv2] [T] [thread 247353] bm_table_add_entry
[06:05:00.935] [bmv2] [D] [thread 247353] Entry 123 added to table 'MyIngress.ipv4_lpm'
[06:05:00.935] [bmv2] [D] [thread 247353] Dumping entry 123
Match key:
* hdr.ipv4.dstAddr              : LPM       0a000919/32
* standard_metadata.ingress_port: EXACT     0005
Action entry: MyIngress.ipv4_forward - a000919,3,

[06:05:00.935] [bmv2] [T] [thread 247353] bm_table_add_entry
[06:05:00.936] [bmv2] [D] [thread 247353] Entry 124 added to table 'MyIngress.ipv4_lpm'
[06:05:00.936] [bmv2] [D] [thread 247353] Dumping entry 124
Match key:
* hdr.ipv4.dstAddr              : LPM       0a000919/32
* standard_metadata.ingress_port: EXACT     0006
Action entry: MyIngress.ipv4_forward - a000919,3,

[06:05:00.936] [bmv2] [T] [thread 247353] bm_table_add_entry
[06:05:00.936] [bmv2] [D] [thread 247353] Entry 125 added to table 'MyIngress.ipv4_lpm'
[06:05:00.936] [bmv2] [D] [thread 247353] Dumping entry 125
Match key:
* hdr.ipv4.dstAddr              : LPM       0a00091a/32
* standard_metadata.ingress_port: EXACT     0001
Action entry: MyIngress.ipv4_forward - a00091a,3,

[06:05:00.937] [bmv2] [T] [thread 247353] bm_table_add_entry
[06:05:00.937] [bmv2] [D] [thread 247353] Entry 126 added to table 'MyIngress.ipv4_lpm'
[06:05:00.937] [bmv2] [D] [thread 247353] Dumping entry 126
Match key:
* hdr.ipv4.dstAddr              : LPM       0a00091a/32
* standard_metadata.ingress_port: EXACT     0002
Action entry: MyIngress.ipv4_forward - a00091a,3,

[06:05:00.938] [bmv2] [T] [thread 247353] bm_table_add_entry
[06:05:00.938] [bmv2] [D] [thread 247353] Entry 127 added to table 'MyIngress.ipv4_lpm'
[06:05:00.938] [bmv2] [D] [thread 247353] Dumping entry 127
Match key:
* hdr.ipv4.dstAddr              : LPM       0a00091a/32
* standard_metadata.ingress_port: EXACT     0004
Action entry: MyIngress.ipv4_forward - a00091a,3,

[06:05:00.938] [bmv2] [T] [thread 247353] bm_table_add_entry
[06:05:00.939] [bmv2] [D] [thread 247353] Entry 128 added to table 'MyIngress.ipv4_lpm'
[06:05:00.939] [bmv2] [D] [thread 247353] Dumping entry 128
Match key:
* hdr.ipv4.dstAddr              : LPM       0a00091a/32
* standard_metadata.ingress_port: EXACT     0005
Action entry: MyIngress.ipv4_forward - a00091a,3,

[06:05:00.939] [bmv2] [T] [thread 247353] bm_table_add_entry
[06:05:00.939] [bmv2] [D] [thread 247353] Entry 129 added to table 'MyIngress.ipv4_lpm'
[06:05:00.939] [bmv2] [D] [thread 247353] Dumping entry 129
Match key:
* hdr.ipv4.dstAddr              : LPM       0a00091a/32
* standard_metadata.ingress_port: EXACT     0006
Action entry: MyIngress.ipv4_forward - a00091a,3,

[06:05:00.940] [bmv2] [T] [thread 247353] bm_table_add_entry
[06:05:00.940] [bmv2] [D] [thread 247353] Entry 130 added to table 'MyIngress.ipv4_lpm'
[06:05:00.940] [bmv2] [D] [thread 247353] Dumping entry 130
Match key:
* hdr.ipv4.dstAddr              : LPM       0a00091b/32
* standard_metadata.ingress_port: EXACT     0001
Action entry: MyIngress.ipv4_forward - a00091b,3,

[06:05:00.941] [bmv2] [T] [thread 247353] bm_table_add_entry
[06:05:00.941] [bmv2] [D] [thread 247353] Entry 131 added to table 'MyIngress.ipv4_lpm'
[06:05:00.941] [bmv2] [D] [thread 247353] Dumping entry 131
Match key:
* hdr.ipv4.dstAddr              : LPM       0a00091b/32
* standard_metadata.ingress_port: EXACT     0002
Action entry: MyIngress.ipv4_forward - a00091b,3,

[06:05:00.942] [bmv2] [T] [thread 247353] bm_table_add_entry
[06:05:00.942] [bmv2] [D] [thread 247353] Entry 132 added to table 'MyIngress.ipv4_lpm'
[06:05:00.942] [bmv2] [D] [thread 247353] Dumping entry 132
Match key:
* hdr.ipv4.dstAddr              : LPM       0a00091b/32
* standard_metadata.ingress_port: EXACT     0004
Action entry: MyIngress.ipv4_forward - a00091b,3,

[06:05:00.942] [bmv2] [T] [thread 247353] bm_table_add_entry
[06:05:00.943] [bmv2] [D] [thread 247353] Entry 133 added to table 'MyIngress.ipv4_lpm'
[06:05:00.943] [bmv2] [D] [thread 247353] Dumping entry 133
Match key:
* hdr.ipv4.dstAddr              : LPM       0a00091b/32
* standard_metadata.ingress_port: EXACT     0005
Action entry: MyIngress.ipv4_forward - a00091b,3,

[06:05:00.943] [bmv2] [T] [thread 247353] bm_table_add_entry
[06:05:00.943] [bmv2] [D] [thread 247353] Entry 134 added to table 'MyIngress.ipv4_lpm'
[06:05:00.943] [bmv2] [D] [thread 247353] Dumping entry 134
Match key:
* hdr.ipv4.dstAddr              : LPM       0a00091b/32
* standard_metadata.ingress_port: EXACT     0006
Action entry: MyIngress.ipv4_forward - a00091b,3,

[06:05:00.944] [bmv2] [T] [thread 247353] bm_table_add_entry
[06:05:00.944] [bmv2] [D] [thread 247353] Entry 135 added to table 'MyIngress.ipv4_lpm'
[06:05:00.944] [bmv2] [D] [thread 247353] Dumping entry 135
Match key:
* hdr.ipv4.dstAddr              : LPM       0a000a1c/32
* standard_metadata.ingress_port: EXACT     0001
Action entry: MyIngress.ipv4_forward - a000a1c,4,

[06:05:00.945] [bmv2] [T] [thread 247353] bm_table_add_entry
[06:05:00.945] [bmv2] [D] [thread 247353] Entry 136 added to table 'MyIngress.ipv4_lpm'
[06:05:00.945] [bmv2] [D] [thread 247353] Dumping entry 136
Match key:
* hdr.ipv4.dstAddr              : LPM       0a000a1c/32
* standard_metadata.ingress_port: EXACT     0002
Action entry: MyIngress.ipv4_forward - a000a1c,4,

[06:05:00.946] [bmv2] [T] [thread 247353] bm_table_add_entry
[06:05:00.946] [bmv2] [D] [thread 247353] Entry 137 added to table 'MyIngress.ipv4_lpm'
[06:05:00.946] [bmv2] [D] [thread 247353] Dumping entry 137
Match key:
* hdr.ipv4.dstAddr              : LPM       0a000a1c/32
* standard_metadata.ingress_port: EXACT     0003
Action entry: MyIngress.ipv4_forward - a000a1c,4,

[06:05:00.946] [bmv2] [T] [thread 247353] bm_table_add_entry
[06:05:00.946] [bmv2] [D] [thread 247353] Entry 138 added to table 'MyIngress.ipv4_lpm'
[06:05:00.947] [bmv2] [D] [thread 247353] Dumping entry 138
Match key:
* hdr.ipv4.dstAddr              : LPM       0a000a1c/32
* standard_metadata.ingress_port: EXACT     0005
Action entry: MyIngress.ipv4_forward - a000a1c,4,

[06:05:00.947] [bmv2] [T] [thread 247353] bm_table_add_entry
[06:05:00.947] [bmv2] [D] [thread 247353] Entry 139 added to table 'MyIngress.ipv4_lpm'
[06:05:00.947] [bmv2] [D] [thread 247353] Dumping entry 139
Match key:
* hdr.ipv4.dstAddr              : LPM       0a000a1c/32
* standard_metadata.ingress_port: EXACT     0006
Action entry: MyIngress.ipv4_forward - a000a1c,4,

[06:05:00.948] [bmv2] [T] [thread 247353] bm_table_add_entry
[06:05:00.948] [bmv2] [D] [thread 247353] Entry 140 added to table 'MyIngress.ipv4_lpm'
[06:05:00.948] [bmv2] [D] [thread 247353] Dumping entry 140
Match key:
* hdr.ipv4.dstAddr              : LPM       0a000a1d/32
* standard_metadata.ingress_port: EXACT     0001
Action entry: MyIngress.ipv4_forward - a000a1d,4,

[06:05:00.949] [bmv2] [T] [thread 247353] bm_table_add_entry
[06:05:00.949] [bmv2] [D] [thread 247353] Entry 141 added to table 'MyIngress.ipv4_lpm'
[06:05:00.949] [bmv2] [D] [thread 247353] Dumping entry 141
Match key:
* hdr.ipv4.dstAddr              : LPM       0a000a1d/32
* standard_metadata.ingress_port: EXACT     0002
Action entry: MyIngress.ipv4_forward - a000a1d,4,

[06:05:00.949] [bmv2] [T] [thread 247353] bm_table_add_entry
[06:05:00.950] [bmv2] [D] [thread 247353] Entry 142 added to table 'MyIngress.ipv4_lpm'
[06:05:00.950] [bmv2] [D] [thread 247353] Dumping entry 142
Match key:
* hdr.ipv4.dstAddr              : LPM       0a000a1d/32
* standard_metadata.ingress_port: EXACT     0003
Action entry: MyIngress.ipv4_forward - a000a1d,4,

[06:05:00.950] [bmv2] [T] [thread 247353] bm_table_add_entry
[06:05:00.950] [bmv2] [D] [thread 247353] Entry 143 added to table 'MyIngress.ipv4_lpm'
[06:05:00.950] [bmv2] [D] [thread 247353] Dumping entry 143
Match key:
* hdr.ipv4.dstAddr              : LPM       0a000a1d/32
* standard_metadata.ingress_port: EXACT     0005
Action entry: MyIngress.ipv4_forward - a000a1d,4,

[06:05:00.951] [bmv2] [T] [thread 247353] bm_table_add_entry
[06:05:00.951] [bmv2] [D] [thread 247353] Entry 144 added to table 'MyIngress.ipv4_lpm'
[06:05:00.951] [bmv2] [D] [thread 247353] Dumping entry 144
Match key:
* hdr.ipv4.dstAddr              : LPM       0a000a1d/32
* standard_metadata.ingress_port: EXACT     0006
Action entry: MyIngress.ipv4_forward - a000a1d,4,

[06:05:00.952] [bmv2] [T] [thread 247353] bm_table_add_entry
[06:05:00.952] [bmv2] [D] [thread 247353] Entry 145 added to table 'MyIngress.ipv4_lpm'
[06:05:00.952] [bmv2] [D] [thread 247353] Dumping entry 145
Match key:
* hdr.ipv4.dstAddr              : LPM       0a000a1e/32
* standard_metadata.ingress_port: EXACT     0001
Action entry: MyIngress.ipv4_forward - a000a1e,4,

[06:05:00.953] [bmv2] [T] [thread 247353] bm_table_add_entry
[06:05:00.953] [bmv2] [D] [thread 247353] Entry 146 added to table 'MyIngress.ipv4_lpm'
[06:05:00.953] [bmv2] [D] [thread 247353] Dumping entry 146
Match key:
* hdr.ipv4.dstAddr              : LPM       0a000a1e/32
* standard_metadata.ingress_port: EXACT     0002
Action entry: MyIngress.ipv4_forward - a000a1e,4,

[06:05:00.954] [bmv2] [T] [thread 247353] bm_table_add_entry
[06:05:00.954] [bmv2] [D] [thread 247353] Entry 147 added to table 'MyIngress.ipv4_lpm'
[06:05:00.954] [bmv2] [D] [thread 247353] Dumping entry 147
Match key:
* hdr.ipv4.dstAddr              : LPM       0a000a1e/32
* standard_metadata.ingress_port: EXACT     0003
Action entry: MyIngress.ipv4_forward - a000a1e,4,

[06:05:00.954] [bmv2] [T] [thread 247353] bm_table_add_entry
[06:05:00.955] [bmv2] [D] [thread 247353] Entry 148 added to table 'MyIngress.ipv4_lpm'
[06:05:00.955] [bmv2] [D] [thread 247353] Dumping entry 148
Match key:
* hdr.ipv4.dstAddr              : LPM       0a000a1e/32
* standard_metadata.ingress_port: EXACT     0005
Action entry: MyIngress.ipv4_forward - a000a1e,4,

[06:05:00.955] [bmv2] [T] [thread 247353] bm_table_add_entry
[06:05:00.955] [bmv2] [D] [thread 247353] Entry 149 added to table 'MyIngress.ipv4_lpm'
[06:05:00.955] [bmv2] [D] [thread 247353] Dumping entry 149
Match key:
* hdr.ipv4.dstAddr              : LPM       0a000a1e/32
* standard_metadata.ingress_port: EXACT     0006
Action entry: MyIngress.ipv4_forward - a000a1e,4,

[06:05:00.956] [bmv2] [T] [thread 247353] bm_table_add_entry
[06:05:00.956] [bmv2] [D] [thread 247353] Entry 150 added to table 'MyIngress.ipv4_lpm'
[06:05:00.956] [bmv2] [D] [thread 247353] Dumping entry 150
Match key:
* hdr.ipv4.dstAddr              : LPM       0a000b1f/32
* standard_metadata.ingress_port: EXACT     0001
Action entry: MyIngress.ipv4_forward - a000b1f,4,

[06:05:00.957] [bmv2] [T] [thread 247353] bm_table_add_entry
[06:05:00.957] [bmv2] [D] [thread 247353] Entry 151 added to table 'MyIngress.ipv4_lpm'
[06:05:00.957] [bmv2] [D] [thread 247353] Dumping entry 151
Match key:
* hdr.ipv4.dstAddr              : LPM       0a000b1f/32
* standard_metadata.ingress_port: EXACT     0002
Action entry: MyIngress.ipv4_forward - a000b1f,4,

[06:05:00.958] [bmv2] [T] [thread 247353] bm_table_add_entry
[06:05:00.958] [bmv2] [D] [thread 247353] Entry 152 added to table 'MyIngress.ipv4_lpm'
[06:05:00.958] [bmv2] [D] [thread 247353] Dumping entry 152
Match key:
* hdr.ipv4.dstAddr              : LPM       0a000b1f/32
* standard_metadata.ingress_port: EXACT     0003
Action entry: MyIngress.ipv4_forward - a000b1f,4,

[06:05:00.958] [bmv2] [T] [thread 247353] bm_table_add_entry
[06:05:00.959] [bmv2] [D] [thread 247353] Entry 153 added to table 'MyIngress.ipv4_lpm'
[06:05:00.959] [bmv2] [D] [thread 247353] Dumping entry 153
Match key:
* hdr.ipv4.dstAddr              : LPM       0a000b1f/32
* standard_metadata.ingress_port: EXACT     0005
Action entry: MyIngress.ipv4_forward - a000b1f,4,

[06:05:00.959] [bmv2] [T] [thread 247353] bm_table_add_entry
[06:05:00.959] [bmv2] [D] [thread 247353] Entry 154 added to table 'MyIngress.ipv4_lpm'
[06:05:00.959] [bmv2] [D] [thread 247353] Dumping entry 154
Match key:
* hdr.ipv4.dstAddr              : LPM       0a000b1f/32
* standard_metadata.ingress_port: EXACT     0006
Action entry: MyIngress.ipv4_forward - a000b1f,4,

[06:05:00.960] [bmv2] [T] [thread 247353] bm_table_add_entry
[06:05:00.960] [bmv2] [D] [thread 247353] Entry 155 added to table 'MyIngress.ipv4_lpm'
[06:05:00.960] [bmv2] [D] [thread 247353] Dumping entry 155
Match key:
* hdr.ipv4.dstAddr              : LPM       0a000b20/32
* standard_metadata.ingress_port: EXACT     0001
Action entry: MyIngress.ipv4_forward - a000b20,4,

[06:05:00.961] [bmv2] [T] [thread 247353] bm_table_add_entry
[06:05:00.961] [bmv2] [D] [thread 247353] Entry 156 added to table 'MyIngress.ipv4_lpm'
[06:05:00.961] [bmv2] [D] [thread 247353] Dumping entry 156
Match key:
* hdr.ipv4.dstAddr              : LPM       0a000b20/32
* standard_metadata.ingress_port: EXACT     0002
Action entry: MyIngress.ipv4_forward - a000b20,4,

[06:05:00.962] [bmv2] [T] [thread 247353] bm_table_add_entry
[06:05:00.962] [bmv2] [D] [thread 247353] Entry 157 added to table 'MyIngress.ipv4_lpm'
[06:05:00.962] [bmv2] [D] [thread 247353] Dumping entry 157
Match key:
* hdr.ipv4.dstAddr              : LPM       0a000b20/32
* standard_metadata.ingress_port: EXACT     0003
Action entry: MyIngress.ipv4_forward - a000b20,4,

[06:05:00.962] [bmv2] [T] [thread 247353] bm_table_add_entry
[06:05:00.962] [bmv2] [D] [thread 247353] Entry 158 added to table 'MyIngress.ipv4_lpm'
[06:05:00.962] [bmv2] [D] [thread 247353] Dumping entry 158
Match key:
* hdr.ipv4.dstAddr              : LPM       0a000b20/32
* standard_metadata.ingress_port: EXACT     0005
Action entry: MyIngress.ipv4_forward - a000b20,4,

[06:05:00.963] [bmv2] [T] [thread 247353] bm_table_add_entry
[06:05:00.963] [bmv2] [D] [thread 247353] Entry 159 added to table 'MyIngress.ipv4_lpm'
[06:05:00.963] [bmv2] [D] [thread 247353] Dumping entry 159
Match key:
* hdr.ipv4.dstAddr              : LPM       0a000b20/32
* standard_metadata.ingress_port: EXACT     0006
Action entry: MyIngress.ipv4_forward - a000b20,4,

[06:05:00.964] [bmv2] [T] [thread 247353] bm_table_add_entry
[06:05:00.964] [bmv2] [D] [thread 247353] Entry 160 added to table 'MyIngress.ipv4_lpm'
[06:05:00.964] [bmv2] [D] [thread 247353] Dumping entry 160
Match key:
* hdr.ipv4.dstAddr              : LPM       0a000b21/32
* standard_metadata.ingress_port: EXACT     0001
Action entry: MyIngress.ipv4_forward - a000b21,4,

[06:05:00.965] [bmv2] [T] [thread 247353] bm_table_add_entry
[06:05:00.965] [bmv2] [D] [thread 247353] Entry 161 added to table 'MyIngress.ipv4_lpm'
[06:05:00.965] [bmv2] [D] [thread 247353] Dumping entry 161
Match key:
* hdr.ipv4.dstAddr              : LPM       0a000b21/32
* standard_metadata.ingress_port: EXACT     0002
Action entry: MyIngress.ipv4_forward - a000b21,4,

[06:05:00.965] [bmv2] [T] [thread 247353] bm_table_add_entry
[06:05:00.965] [bmv2] [D] [thread 247353] Entry 162 added to table 'MyIngress.ipv4_lpm'
[06:05:00.965] [bmv2] [D] [thread 247353] Dumping entry 162
Match key:
* hdr.ipv4.dstAddr              : LPM       0a000b21/32
* standard_metadata.ingress_port: EXACT     0003
Action entry: MyIngress.ipv4_forward - a000b21,4,

[06:05:00.966] [bmv2] [T] [thread 247353] bm_table_add_entry
[06:05:00.966] [bmv2] [D] [thread 247353] Entry 163 added to table 'MyIngress.ipv4_lpm'
[06:05:00.966] [bmv2] [D] [thread 247353] Dumping entry 163
Match key:
* hdr.ipv4.dstAddr              : LPM       0a000b21/32
* standard_metadata.ingress_port: EXACT     0005
Action entry: MyIngress.ipv4_forward - a000b21,4,

[06:05:00.967] [bmv2] [T] [thread 247353] bm_table_add_entry
[06:05:00.967] [bmv2] [D] [thread 247353] Entry 164 added to table 'MyIngress.ipv4_lpm'
[06:05:00.967] [bmv2] [D] [thread 247353] Dumping entry 164
Match key:
* hdr.ipv4.dstAddr              : LPM       0a000b21/32
* standard_metadata.ingress_port: EXACT     0006
Action entry: MyIngress.ipv4_forward - a000b21,4,

[06:05:00.968] [bmv2] [T] [thread 247353] bm_table_add_entry
[06:05:00.968] [bmv2] [D] [thread 247353] Entry 165 added to table 'MyIngress.ipv4_lpm'
[06:05:00.968] [bmv2] [D] [thread 247353] Dumping entry 165
Match key:
* hdr.ipv4.dstAddr              : LPM       0a000c22/32
* standard_metadata.ingress_port: EXACT     0001
Action entry: MyIngress.ipv4_forward - a000c22,4,

[06:05:00.969] [bmv2] [T] [thread 247353] bm_table_add_entry
[06:05:00.969] [bmv2] [D] [thread 247353] Entry 166 added to table 'MyIngress.ipv4_lpm'
[06:05:00.969] [bmv2] [D] [thread 247353] Dumping entry 166
Match key:
* hdr.ipv4.dstAddr              : LPM       0a000c22/32
* standard_metadata.ingress_port: EXACT     0002
Action entry: MyIngress.ipv4_forward - a000c22,4,

[06:05:00.970] [bmv2] [T] [thread 247353] bm_table_add_entry
[06:05:00.970] [bmv2] [D] [thread 247353] Entry 167 added to table 'MyIngress.ipv4_lpm'
[06:05:00.970] [bmv2] [D] [thread 247353] Dumping entry 167
Match key:
* hdr.ipv4.dstAddr              : LPM       0a000c22/32
* standard_metadata.ingress_port: EXACT     0003
Action entry: MyIngress.ipv4_forward - a000c22,4,

[06:05:00.971] [bmv2] [T] [thread 247353] bm_table_add_entry
[06:05:00.971] [bmv2] [D] [thread 247353] Entry 168 added to table 'MyIngress.ipv4_lpm'
[06:05:00.971] [bmv2] [D] [thread 247353] Dumping entry 168
Match key:
* hdr.ipv4.dstAddr              : LPM       0a000c22/32
* standard_metadata.ingress_port: EXACT     0005
Action entry: MyIngress.ipv4_forward - a000c22,4,

[06:05:00.971] [bmv2] [T] [thread 247353] bm_table_add_entry
[06:05:00.972] [bmv2] [D] [thread 247353] Entry 169 added to table 'MyIngress.ipv4_lpm'
[06:05:00.972] [bmv2] [D] [thread 247353] Dumping entry 169
Match key:
* hdr.ipv4.dstAddr              : LPM       0a000c22/32
* standard_metadata.ingress_port: EXACT     0006
Action entry: MyIngress.ipv4_forward - a000c22,4,

[06:05:00.972] [bmv2] [T] [thread 247353] bm_table_add_entry
[06:05:00.973] [bmv2] [D] [thread 247353] Entry 170 added to table 'MyIngress.ipv4_lpm'
[06:05:00.973] [bmv2] [D] [thread 247353] Dumping entry 170
Match key:
* hdr.ipv4.dstAddr              : LPM       0a000c23/32
* standard_metadata.ingress_port: EXACT     0001
Action entry: MyIngress.ipv4_forward - a000c23,4,

[06:05:00.973] [bmv2] [T] [thread 247353] bm_table_add_entry
[06:05:00.973] [bmv2] [D] [thread 247353] Entry 171 added to table 'MyIngress.ipv4_lpm'
[06:05:00.973] [bmv2] [D] [thread 247353] Dumping entry 171
Match key:
* hdr.ipv4.dstAddr              : LPM       0a000c23/32
* standard_metadata.ingress_port: EXACT     0002
Action entry: MyIngress.ipv4_forward - a000c23,4,

[06:05:00.974] [bmv2] [T] [thread 247353] bm_table_add_entry
[06:05:00.974] [bmv2] [D] [thread 247353] Entry 172 added to table 'MyIngress.ipv4_lpm'
[06:05:00.974] [bmv2] [D] [thread 247353] Dumping entry 172
Match key:
* hdr.ipv4.dstAddr              : LPM       0a000c23/32
* standard_metadata.ingress_port: EXACT     0003
Action entry: MyIngress.ipv4_forward - a000c23,4,

[06:05:00.975] [bmv2] [T] [thread 247353] bm_table_add_entry
[06:05:00.975] [bmv2] [D] [thread 247353] Entry 173 added to table 'MyIngress.ipv4_lpm'
[06:05:00.975] [bmv2] [D] [thread 247353] Dumping entry 173
Match key:
* hdr.ipv4.dstAddr              : LPM       0a000c23/32
* standard_metadata.ingress_port: EXACT     0005
Action entry: MyIngress.ipv4_forward - a000c23,4,

[06:05:00.976] [bmv2] [T] [thread 247353] bm_table_add_entry
[06:05:00.976] [bmv2] [D] [thread 247353] Entry 174 added to table 'MyIngress.ipv4_lpm'
[06:05:00.976] [bmv2] [D] [thread 247353] Dumping entry 174
Match key:
* hdr.ipv4.dstAddr              : LPM       0a000c23/32
* standard_metadata.ingress_port: EXACT     0006
Action entry: MyIngress.ipv4_forward - a000c23,4,

[06:05:00.976] [bmv2] [T] [thread 247353] bm_table_add_entry
[06:05:00.976] [bmv2] [D] [thread 247353] Entry 175 added to table 'MyIngress.ipv4_lpm'
[06:05:00.977] [bmv2] [D] [thread 247353] Dumping entry 175
Match key:
* hdr.ipv4.dstAddr              : LPM       0a000c24/32
* standard_metadata.ingress_port: EXACT     0001
Action entry: MyIngress.ipv4_forward - a000c24,4,

[06:05:00.977] [bmv2] [T] [thread 247353] bm_table_add_entry
[06:05:00.977] [bmv2] [D] [thread 247353] Entry 176 added to table 'MyIngress.ipv4_lpm'
[06:05:00.977] [bmv2] [D] [thread 247353] Dumping entry 176
Match key:
* hdr.ipv4.dstAddr              : LPM       0a000c24/32
* standard_metadata.ingress_port: EXACT     0002
Action entry: MyIngress.ipv4_forward - a000c24,4,

[06:05:00.978] [bmv2] [T] [thread 247353] bm_table_add_entry
[06:05:00.978] [bmv2] [D] [thread 247353] Entry 177 added to table 'MyIngress.ipv4_lpm'
[06:05:00.978] [bmv2] [D] [thread 247353] Dumping entry 177
Match key:
* hdr.ipv4.dstAddr              : LPM       0a000c24/32
* standard_metadata.ingress_port: EXACT     0003
Action entry: MyIngress.ipv4_forward - a000c24,4,

[06:05:00.979] [bmv2] [T] [thread 247353] bm_table_add_entry
[06:05:00.979] [bmv2] [D] [thread 247353] Entry 178 added to table 'MyIngress.ipv4_lpm'
[06:05:00.979] [bmv2] [D] [thread 247353] Dumping entry 178
Match key:
* hdr.ipv4.dstAddr              : LPM       0a000c24/32
* standard_metadata.ingress_port: EXACT     0005
Action entry: MyIngress.ipv4_forward - a000c24,4,

[06:05:00.980] [bmv2] [T] [thread 247353] bm_table_add_entry
[06:05:00.980] [bmv2] [D] [thread 247353] Entry 179 added to table 'MyIngress.ipv4_lpm'
[06:05:00.980] [bmv2] [D] [thread 247353] Dumping entry 179
Match key:
* hdr.ipv4.dstAddr              : LPM       0a000c24/32
* standard_metadata.ingress_port: EXACT     0006
Action entry: MyIngress.ipv4_forward - a000c24,4,

[06:05:00.980] [bmv2] [T] [thread 247353] bm_table_add_entry
[06:05:00.981] [bmv2] [D] [thread 247353] Entry 180 added to table 'MyIngress.ipv4_lpm'
[06:05:00.981] [bmv2] [D] [thread 247353] Dumping entry 180
Match key:
* hdr.ipv4.dstAddr              : LPM       0a000d25/32
* standard_metadata.ingress_port: EXACT     0001
Action entry: MyIngress.ipv4_forward - a000d25,5,

[06:05:00.981] [bmv2] [T] [thread 247353] bm_table_add_entry
[06:05:00.981] [bmv2] [D] [thread 247353] Entry 181 added to table 'MyIngress.ipv4_lpm'
[06:05:00.981] [bmv2] [D] [thread 247353] Dumping entry 181
Match key:
* hdr.ipv4.dstAddr              : LPM       0a000d25/32
* standard_metadata.ingress_port: EXACT     0002
Action entry: MyIngress.ipv4_forward - a000d25,5,

[06:05:00.982] [bmv2] [T] [thread 247353] bm_table_add_entry
[06:05:00.982] [bmv2] [D] [thread 247353] Entry 182 added to table 'MyIngress.ipv4_lpm'
[06:05:00.982] [bmv2] [D] [thread 247353] Dumping entry 182
Match key:
* hdr.ipv4.dstAddr              : LPM       0a000d25/32
* standard_metadata.ingress_port: EXACT     0003
Action entry: MyIngress.ipv4_forward - a000d25,5,

[06:05:00.983] [bmv2] [T] [thread 247353] bm_table_add_entry
[06:05:00.983] [bmv2] [D] [thread 247353] Entry 183 added to table 'MyIngress.ipv4_lpm'
[06:05:00.983] [bmv2] [D] [thread 247353] Dumping entry 183
Match key:
* hdr.ipv4.dstAddr              : LPM       0a000d25/32
* standard_metadata.ingress_port: EXACT     0004
Action entry: MyIngress.ipv4_forward - a000d25,5,

[06:05:00.984] [bmv2] [T] [thread 247353] bm_table_add_entry
[06:05:00.984] [bmv2] [D] [thread 247353] Entry 184 added to table 'MyIngress.ipv4_lpm'
[06:05:00.984] [bmv2] [D] [thread 247353] Dumping entry 184
Match key:
* hdr.ipv4.dstAddr              : LPM       0a000d25/32
* standard_metadata.ingress_port: EXACT     0006
Action entry: MyIngress.ipv4_forward - a000d25,5,

[06:05:00.985] [bmv2] [T] [thread 247353] bm_table_add_entry
[06:05:00.985] [bmv2] [D] [thread 247353] Entry 185 added to table 'MyIngress.ipv4_lpm'
[06:05:00.985] [bmv2] [D] [thread 247353] Dumping entry 185
Match key:
* hdr.ipv4.dstAddr              : LPM       0a000d26/32
* standard_metadata.ingress_port: EXACT     0001
Action entry: MyIngress.ipv4_forward - a000d26,5,

[06:05:00.985] [bmv2] [T] [thread 247353] bm_table_add_entry
[06:05:00.986] [bmv2] [D] [thread 247353] Entry 186 added to table 'MyIngress.ipv4_lpm'
[06:05:00.986] [bmv2] [D] [thread 247353] Dumping entry 186
Match key:
* hdr.ipv4.dstAddr              : LPM       0a000d26/32
* standard_metadata.ingress_port: EXACT     0002
Action entry: MyIngress.ipv4_forward - a000d26,5,

[06:05:00.986] [bmv2] [T] [thread 247353] bm_table_add_entry
[06:05:00.986] [bmv2] [D] [thread 247353] Entry 187 added to table 'MyIngress.ipv4_lpm'
[06:05:00.987] [bmv2] [D] [thread 247353] Dumping entry 187
Match key:
* hdr.ipv4.dstAddr              : LPM       0a000d26/32
* standard_metadata.ingress_port: EXACT     0003
Action entry: MyIngress.ipv4_forward - a000d26,5,

[06:05:00.987] [bmv2] [T] [thread 247353] bm_table_add_entry
[06:05:00.987] [bmv2] [D] [thread 247353] Entry 188 added to table 'MyIngress.ipv4_lpm'
[06:05:00.987] [bmv2] [D] [thread 247353] Dumping entry 188
Match key:
* hdr.ipv4.dstAddr              : LPM       0a000d26/32
* standard_metadata.ingress_port: EXACT     0004
Action entry: MyIngress.ipv4_forward - a000d26,5,

[06:05:00.988] [bmv2] [T] [thread 247353] bm_table_add_entry
[06:05:00.988] [bmv2] [D] [thread 247353] Entry 189 added to table 'MyIngress.ipv4_lpm'
[06:05:00.988] [bmv2] [D] [thread 247353] Dumping entry 189
Match key:
* hdr.ipv4.dstAddr              : LPM       0a000d26/32
* standard_metadata.ingress_port: EXACT     0006
Action entry: MyIngress.ipv4_forward - a000d26,5,

[06:05:00.989] [bmv2] [T] [thread 247353] bm_table_add_entry
[06:05:00.989] [bmv2] [D] [thread 247353] Entry 190 added to table 'MyIngress.ipv4_lpm'
[06:05:00.989] [bmv2] [D] [thread 247353] Dumping entry 190
Match key:
* hdr.ipv4.dstAddr              : LPM       0a000d27/32
* standard_metadata.ingress_port: EXACT     0001
Action entry: MyIngress.ipv4_forward - a000d27,5,

[06:05:00.990] [bmv2] [T] [thread 247353] bm_table_add_entry
[06:05:00.990] [bmv2] [D] [thread 247353] Entry 191 added to table 'MyIngress.ipv4_lpm'
[06:05:00.990] [bmv2] [D] [thread 247353] Dumping entry 191
Match key:
* hdr.ipv4.dstAddr              : LPM       0a000d27/32
* standard_metadata.ingress_port: EXACT     0002
Action entry: MyIngress.ipv4_forward - a000d27,5,

[06:05:00.991] [bmv2] [T] [thread 247353] bm_table_add_entry
[06:05:00.991] [bmv2] [D] [thread 247353] Entry 192 added to table 'MyIngress.ipv4_lpm'
[06:05:00.991] [bmv2] [D] [thread 247353] Dumping entry 192
Match key:
* hdr.ipv4.dstAddr              : LPM       0a000d27/32
* standard_metadata.ingress_port: EXACT     0003
Action entry: MyIngress.ipv4_forward - a000d27,5,

[06:05:00.992] [bmv2] [T] [thread 247353] bm_table_add_entry
[06:05:00.992] [bmv2] [D] [thread 247353] Entry 193 added to table 'MyIngress.ipv4_lpm'
[06:05:00.992] [bmv2] [D] [thread 247353] Dumping entry 193
Match key:
* hdr.ipv4.dstAddr              : LPM       0a000d27/32
* standard_metadata.ingress_port: EXACT     0004
Action entry: MyIngress.ipv4_forward - a000d27,5,

[06:05:00.993] [bmv2] [T] [thread 247353] bm_table_add_entry
[06:05:00.993] [bmv2] [D] [thread 247353] Entry 194 added to table 'MyIngress.ipv4_lpm'
[06:05:00.993] [bmv2] [D] [thread 247353] Dumping entry 194
Match key:
* hdr.ipv4.dstAddr              : LPM       0a000d27/32
* standard_metadata.ingress_port: EXACT     0006
Action entry: MyIngress.ipv4_forward - a000d27,5,

[06:05:00.994] [bmv2] [T] [thread 247353] bm_table_add_entry
[06:05:00.994] [bmv2] [D] [thread 247353] Entry 195 added to table 'MyIngress.ipv4_lpm'
[06:05:00.994] [bmv2] [D] [thread 247353] Dumping entry 195
Match key:
* hdr.ipv4.dstAddr              : LPM       0a000e28/32
* standard_metadata.ingress_port: EXACT     0001
Action entry: MyIngress.ipv4_forward - a000e28,5,

[06:05:00.995] [bmv2] [T] [thread 247353] bm_table_add_entry
[06:05:00.996] [bmv2] [D] [thread 247353] Entry 196 added to table 'MyIngress.ipv4_lpm'
[06:05:00.996] [bmv2] [D] [thread 247353] Dumping entry 196
Match key:
* hdr.ipv4.dstAddr              : LPM       0a000e28/32
* standard_metadata.ingress_port: EXACT     0002
Action entry: MyIngress.ipv4_forward - a000e28,5,

[06:05:00.996] [bmv2] [T] [thread 247353] bm_table_add_entry
[06:05:00.996] [bmv2] [D] [thread 247353] Entry 197 added to table 'MyIngress.ipv4_lpm'
[06:05:00.997] [bmv2] [D] [thread 247353] Dumping entry 197
Match key:
* hdr.ipv4.dstAddr              : LPM       0a000e28/32
* standard_metadata.ingress_port: EXACT     0003
Action entry: MyIngress.ipv4_forward - a000e28,5,

[06:05:00.997] [bmv2] [T] [thread 247353] bm_table_add_entry
[06:05:00.997] [bmv2] [D] [thread 247353] Entry 198 added to table 'MyIngress.ipv4_lpm'
[06:05:00.997] [bmv2] [D] [thread 247353] Dumping entry 198
Match key:
* hdr.ipv4.dstAddr              : LPM       0a000e28/32
* standard_metadata.ingress_port: EXACT     0004
Action entry: MyIngress.ipv4_forward - a000e28,5,

[06:05:00.998] [bmv2] [T] [thread 247353] bm_table_add_entry
[06:05:00.998] [bmv2] [D] [thread 247353] Entry 199 added to table 'MyIngress.ipv4_lpm'
[06:05:00.998] [bmv2] [D] [thread 247353] Dumping entry 199
Match key:
* hdr.ipv4.dstAddr              : LPM       0a000e28/32
* standard_metadata.ingress_port: EXACT     0006
Action entry: MyIngress.ipv4_forward - a000e28,5,

[06:05:00.999] [bmv2] [T] [thread 247353] bm_table_add_entry
[06:05:00.999] [bmv2] [D] [thread 247353] Entry 200 added to table 'MyIngress.ipv4_lpm'
[06:05:00.999] [bmv2] [D] [thread 247353] Dumping entry 200
Match key:
* hdr.ipv4.dstAddr              : LPM       0a000e29/32
* standard_metadata.ingress_port: EXACT     0001
Action entry: MyIngress.ipv4_forward - a000e29,5,

[06:05:01.000] [bmv2] [T] [thread 247353] bm_table_add_entry
[06:05:01.000] [bmv2] [D] [thread 247353] Entry 201 added to table 'MyIngress.ipv4_lpm'
[06:05:01.000] [bmv2] [D] [thread 247353] Dumping entry 201
Match key:
* hdr.ipv4.dstAddr              : LPM       0a000e29/32
* standard_metadata.ingress_port: EXACT     0002
Action entry: MyIngress.ipv4_forward - a000e29,5,

[06:05:01.001] [bmv2] [T] [thread 247353] bm_table_add_entry
[06:05:01.001] [bmv2] [D] [thread 247353] Entry 202 added to table 'MyIngress.ipv4_lpm'
[06:05:01.001] [bmv2] [D] [thread 247353] Dumping entry 202
Match key:
* hdr.ipv4.dstAddr              : LPM       0a000e29/32
* standard_metadata.ingress_port: EXACT     0003
Action entry: MyIngress.ipv4_forward - a000e29,5,

[06:05:01.002] [bmv2] [T] [thread 247353] bm_table_add_entry
[06:05:01.002] [bmv2] [D] [thread 247353] Entry 203 added to table 'MyIngress.ipv4_lpm'
[06:05:01.002] [bmv2] [D] [thread 247353] Dumping entry 203
Match key:
* hdr.ipv4.dstAddr              : LPM       0a000e29/32
* standard_metadata.ingress_port: EXACT     0004
Action entry: MyIngress.ipv4_forward - a000e29,5,

[06:05:01.003] [bmv2] [T] [thread 247353] bm_table_add_entry
[06:05:01.003] [bmv2] [D] [thread 247353] Entry 204 added to table 'MyIngress.ipv4_lpm'
[06:05:01.003] [bmv2] [D] [thread 247353] Dumping entry 204
Match key:
* hdr.ipv4.dstAddr              : LPM       0a000e29/32
* standard_metadata.ingress_port: EXACT     0006
Action entry: MyIngress.ipv4_forward - a000e29,5,

[06:05:01.003] [bmv2] [T] [thread 247353] bm_table_add_entry
[06:05:01.004] [bmv2] [D] [thread 247353] Entry 205 added to table 'MyIngress.ipv4_lpm'
[06:05:01.004] [bmv2] [D] [thread 247353] Dumping entry 205
Match key:
* hdr.ipv4.dstAddr              : LPM       0a000e2a/32
* standard_metadata.ingress_port: EXACT     0001
Action entry: MyIngress.ipv4_forward - a000e2a,5,

[06:05:01.004] [bmv2] [T] [thread 247353] bm_table_add_entry
[06:05:01.004] [bmv2] [D] [thread 247353] Entry 206 added to table 'MyIngress.ipv4_lpm'
[06:05:01.005] [bmv2] [D] [thread 247353] Dumping entry 206
Match key:
* hdr.ipv4.dstAddr              : LPM       0a000e2a/32
* standard_metadata.ingress_port: EXACT     0002
Action entry: MyIngress.ipv4_forward - a000e2a,5,

[06:05:01.005] [bmv2] [T] [thread 247353] bm_table_add_entry
[06:05:01.005] [bmv2] [D] [thread 247353] Entry 207 added to table 'MyIngress.ipv4_lpm'
[06:05:01.005] [bmv2] [D] [thread 247353] Dumping entry 207
Match key:
* hdr.ipv4.dstAddr              : LPM       0a000e2a/32
* standard_metadata.ingress_port: EXACT     0003
Action entry: MyIngress.ipv4_forward - a000e2a,5,

[06:05:01.006] [bmv2] [T] [thread 247353] bm_table_add_entry
[06:05:01.006] [bmv2] [D] [thread 247353] Entry 208 added to table 'MyIngress.ipv4_lpm'
[06:05:01.006] [bmv2] [D] [thread 247353] Dumping entry 208
Match key:
* hdr.ipv4.dstAddr              : LPM       0a000e2a/32
* standard_metadata.ingress_port: EXACT     0004
Action entry: MyIngress.ipv4_forward - a000e2a,5,

[06:05:01.007] [bmv2] [T] [thread 247353] bm_table_add_entry
[06:05:01.007] [bmv2] [D] [thread 247353] Entry 209 added to table 'MyIngress.ipv4_lpm'
[06:05:01.007] [bmv2] [D] [thread 247353] Dumping entry 209
Match key:
* hdr.ipv4.dstAddr              : LPM       0a000e2a/32
* standard_metadata.ingress_port: EXACT     0006
Action entry: MyIngress.ipv4_forward - a000e2a,5,

[06:05:01.008] [bmv2] [T] [thread 247353] bm_table_add_entry
[06:05:01.008] [bmv2] [D] [thread 247353] Entry 210 added to table 'MyIngress.ipv4_lpm'
[06:05:01.008] [bmv2] [D] [thread 247353] Dumping entry 210
Match key:
* hdr.ipv4.dstAddr              : LPM       0a000f2b/32
* standard_metadata.ingress_port: EXACT     0001
Action entry: MyIngress.ipv4_forward - a000f2b,5,

[06:05:01.009] [bmv2] [T] [thread 247353] bm_table_add_entry
[06:05:01.009] [bmv2] [D] [thread 247353] Entry 211 added to table 'MyIngress.ipv4_lpm'
[06:05:01.009] [bmv2] [D] [thread 247353] Dumping entry 211
Match key:
* hdr.ipv4.dstAddr              : LPM       0a000f2b/32
* standard_metadata.ingress_port: EXACT     0002
Action entry: MyIngress.ipv4_forward - a000f2b,5,

[06:05:01.010] [bmv2] [T] [thread 247353] bm_table_add_entry
[06:05:01.010] [bmv2] [D] [thread 247353] Entry 212 added to table 'MyIngress.ipv4_lpm'
[06:05:01.010] [bmv2] [D] [thread 247353] Dumping entry 212
Match key:
* hdr.ipv4.dstAddr              : LPM       0a000f2b/32
* standard_metadata.ingress_port: EXACT     0003
Action entry: MyIngress.ipv4_forward - a000f2b,5,

[06:05:01.011] [bmv2] [T] [thread 247353] bm_table_add_entry
[06:05:01.011] [bmv2] [D] [thread 247353] Entry 213 added to table 'MyIngress.ipv4_lpm'
[06:05:01.011] [bmv2] [D] [thread 247353] Dumping entry 213
Match key:
* hdr.ipv4.dstAddr              : LPM       0a000f2b/32
* standard_metadata.ingress_port: EXACT     0004
Action entry: MyIngress.ipv4_forward - a000f2b,5,

[06:05:01.012] [bmv2] [T] [thread 247353] bm_table_add_entry
[06:05:01.012] [bmv2] [D] [thread 247353] Entry 214 added to table 'MyIngress.ipv4_lpm'
[06:05:01.012] [bmv2] [D] [thread 247353] Dumping entry 214
Match key:
* hdr.ipv4.dstAddr              : LPM       0a000f2b/32
* standard_metadata.ingress_port: EXACT     0006
Action entry: MyIngress.ipv4_forward - a000f2b,5,

[06:05:01.013] [bmv2] [T] [thread 247353] bm_table_add_entry
[06:05:01.013] [bmv2] [D] [thread 247353] Entry 215 added to table 'MyIngress.ipv4_lpm'
[06:05:01.013] [bmv2] [D] [thread 247353] Dumping entry 215
Match key:
* hdr.ipv4.dstAddr              : LPM       0a000f2c/32
* standard_metadata.ingress_port: EXACT     0001
Action entry: MyIngress.ipv4_forward - a000f2c,5,

[06:05:01.014] [bmv2] [T] [thread 247353] bm_table_add_entry
[06:05:01.014] [bmv2] [D] [thread 247353] Entry 216 added to table 'MyIngress.ipv4_lpm'
[06:05:01.014] [bmv2] [D] [thread 247353] Dumping entry 216
Match key:
* hdr.ipv4.dstAddr              : LPM       0a000f2c/32
* standard_metadata.ingress_port: EXACT     0002
Action entry: MyIngress.ipv4_forward - a000f2c,5,

[06:05:01.015] [bmv2] [T] [thread 247353] bm_table_add_entry
[06:05:01.015] [bmv2] [D] [thread 247353] Entry 217 added to table 'MyIngress.ipv4_lpm'
[06:05:01.015] [bmv2] [D] [thread 247353] Dumping entry 217
Match key:
* hdr.ipv4.dstAddr              : LPM       0a000f2c/32
* standard_metadata.ingress_port: EXACT     0003
Action entry: MyIngress.ipv4_forward - a000f2c,5,

[06:05:01.016] [bmv2] [T] [thread 247353] bm_table_add_entry
[06:05:01.016] [bmv2] [D] [thread 247353] Entry 218 added to table 'MyIngress.ipv4_lpm'
[06:05:01.016] [bmv2] [D] [thread 247353] Dumping entry 218
Match key:
* hdr.ipv4.dstAddr              : LPM       0a000f2c/32
* standard_metadata.ingress_port: EXACT     0004
Action entry: MyIngress.ipv4_forward - a000f2c,5,

[06:05:01.016] [bmv2] [T] [thread 247353] bm_table_add_entry
[06:05:01.017] [bmv2] [D] [thread 247353] Entry 219 added to table 'MyIngress.ipv4_lpm'
[06:05:01.017] [bmv2] [D] [thread 247353] Dumping entry 219
Match key:
* hdr.ipv4.dstAddr              : LPM       0a000f2c/32
* standard_metadata.ingress_port: EXACT     0006
Action entry: MyIngress.ipv4_forward - a000f2c,5,

[06:05:01.017] [bmv2] [T] [thread 247353] bm_table_add_entry
[06:05:01.017] [bmv2] [D] [thread 247353] Entry 220 added to table 'MyIngress.ipv4_lpm'
[06:05:01.018] [bmv2] [D] [thread 247353] Dumping entry 220
Match key:
* hdr.ipv4.dstAddr              : LPM       0a000f2d/32
* standard_metadata.ingress_port: EXACT     0001
Action entry: MyIngress.ipv4_forward - a000f2d,5,

[06:05:01.018] [bmv2] [T] [thread 247353] bm_table_add_entry
[06:05:01.018] [bmv2] [D] [thread 247353] Entry 221 added to table 'MyIngress.ipv4_lpm'
[06:05:01.018] [bmv2] [D] [thread 247353] Dumping entry 221
Match key:
* hdr.ipv4.dstAddr              : LPM       0a000f2d/32
* standard_metadata.ingress_port: EXACT     0002
Action entry: MyIngress.ipv4_forward - a000f2d,5,

[06:05:01.019] [bmv2] [T] [thread 247353] bm_table_add_entry
[06:05:01.019] [bmv2] [D] [thread 247353] Entry 222 added to table 'MyIngress.ipv4_lpm'
[06:05:01.019] [bmv2] [D] [thread 247353] Dumping entry 222
Match key:
* hdr.ipv4.dstAddr              : LPM       0a000f2d/32
* standard_metadata.ingress_port: EXACT     0003
Action entry: MyIngress.ipv4_forward - a000f2d,5,

[06:05:01.020] [bmv2] [T] [thread 247353] bm_table_add_entry
[06:05:01.020] [bmv2] [D] [thread 247353] Entry 223 added to table 'MyIngress.ipv4_lpm'
[06:05:01.020] [bmv2] [D] [thread 247353] Dumping entry 223
Match key:
* hdr.ipv4.dstAddr              : LPM       0a000f2d/32
* standard_metadata.ingress_port: EXACT     0004
Action entry: MyIngress.ipv4_forward - a000f2d,5,

[06:05:01.021] [bmv2] [T] [thread 247353] bm_table_add_entry
[06:05:01.021] [bmv2] [D] [thread 247353] Entry 224 added to table 'MyIngress.ipv4_lpm'
[06:05:01.021] [bmv2] [D] [thread 247353] Dumping entry 224
Match key:
* hdr.ipv4.dstAddr              : LPM       0a000f2d/32
* standard_metadata.ingress_port: EXACT     0006
Action entry: MyIngress.ipv4_forward - a000f2d,5,

[06:05:01.022] [bmv2] [T] [thread 247353] bm_table_add_entry
[06:05:01.022] [bmv2] [D] [thread 247353] Entry 225 added to table 'MyIngress.ipv4_lpm'
[06:05:01.022] [bmv2] [D] [thread 247353] Dumping entry 225
Match key:
* hdr.ipv4.dstAddr              : LPM       0a00102e/32
* standard_metadata.ingress_port: EXACT     0001
Action entry: MyIngress.ipv4_forward - a00102e,6,

[06:05:01.023] [bmv2] [T] [thread 247353] bm_table_add_entry
[06:05:01.023] [bmv2] [D] [thread 247353] Entry 226 added to table 'MyIngress.ipv4_lpm'
[06:05:01.023] [bmv2] [D] [thread 247353] Dumping entry 226
Match key:
* hdr.ipv4.dstAddr              : LPM       0a00102e/32
* standard_metadata.ingress_port: EXACT     0002
Action entry: MyIngress.ipv4_forward - a00102e,6,

[06:05:01.023] [bmv2] [T] [thread 247353] bm_table_add_entry
[06:05:01.024] [bmv2] [D] [thread 247353] Entry 227 added to table 'MyIngress.ipv4_lpm'
[06:05:01.024] [bmv2] [D] [thread 247353] Dumping entry 227
Match key:
* hdr.ipv4.dstAddr              : LPM       0a00102e/32
* standard_metadata.ingress_port: EXACT     0003
Action entry: MyIngress.ipv4_forward - a00102e,6,

[06:05:01.025] [bmv2] [T] [thread 247353] bm_table_add_entry
[06:05:01.025] [bmv2] [D] [thread 247353] Entry 228 added to table 'MyIngress.ipv4_lpm'
[06:05:01.025] [bmv2] [D] [thread 247353] Dumping entry 228
Match key:
* hdr.ipv4.dstAddr              : LPM       0a00102e/32
* standard_metadata.ingress_port: EXACT     0004
Action entry: MyIngress.ipv4_forward - a00102e,6,

[06:05:01.025] [bmv2] [T] [thread 247353] bm_table_add_entry
[06:05:01.026] [bmv2] [D] [thread 247353] Entry 229 added to table 'MyIngress.ipv4_lpm'
[06:05:01.026] [bmv2] [D] [thread 247353] Dumping entry 229
Match key:
* hdr.ipv4.dstAddr              : LPM       0a00102e/32
* standard_metadata.ingress_port: EXACT     0005
Action entry: MyIngress.ipv4_forward - a00102e,6,

[06:05:01.026] [bmv2] [T] [thread 247353] bm_table_add_entry
[06:05:01.027] [bmv2] [D] [thread 247353] Entry 230 added to table 'MyIngress.ipv4_lpm'
[06:05:01.027] [bmv2] [D] [thread 247353] Dumping entry 230
Match key:
* hdr.ipv4.dstAddr              : LPM       0a00102f/32
* standard_metadata.ingress_port: EXACT     0001
Action entry: MyIngress.ipv4_forward - a00102f,6,

[06:05:01.027] [bmv2] [T] [thread 247353] bm_table_add_entry
[06:05:01.027] [bmv2] [D] [thread 247353] Entry 231 added to table 'MyIngress.ipv4_lpm'
[06:05:01.028] [bmv2] [D] [thread 247353] Dumping entry 231
Match key:
* hdr.ipv4.dstAddr              : LPM       0a00102f/32
* standard_metadata.ingress_port: EXACT     0002
Action entry: MyIngress.ipv4_forward - a00102f,6,

[06:05:01.028] [bmv2] [T] [thread 247353] bm_table_add_entry
[06:05:01.028] [bmv2] [D] [thread 247353] Entry 232 added to table 'MyIngress.ipv4_lpm'
[06:05:01.028] [bmv2] [D] [thread 247353] Dumping entry 232
Match key:
* hdr.ipv4.dstAddr              : LPM       0a00102f/32
* standard_metadata.ingress_port: EXACT     0003
Action entry: MyIngress.ipv4_forward - a00102f,6,

[06:05:01.029] [bmv2] [T] [thread 247353] bm_table_add_entry
[06:05:01.029] [bmv2] [D] [thread 247353] Entry 233 added to table 'MyIngress.ipv4_lpm'
[06:05:01.029] [bmv2] [D] [thread 247353] Dumping entry 233
Match key:
* hdr.ipv4.dstAddr              : LPM       0a00102f/32
* standard_metadata.ingress_port: EXACT     0004
Action entry: MyIngress.ipv4_forward - a00102f,6,

[06:05:01.030] [bmv2] [T] [thread 247353] bm_table_add_entry
[06:05:01.030] [bmv2] [D] [thread 247353] Entry 234 added to table 'MyIngress.ipv4_lpm'
[06:05:01.030] [bmv2] [D] [thread 247353] Dumping entry 234
Match key:
* hdr.ipv4.dstAddr              : LPM       0a00102f/32
* standard_metadata.ingress_port: EXACT     0005
Action entry: MyIngress.ipv4_forward - a00102f,6,

[06:05:01.031] [bmv2] [T] [thread 247353] bm_table_add_entry
[06:05:01.031] [bmv2] [D] [thread 247353] Entry 235 added to table 'MyIngress.ipv4_lpm'
[06:05:01.031] [bmv2] [D] [thread 247353] Dumping entry 235
Match key:
* hdr.ipv4.dstAddr              : LPM       0a001030/32
* standard_metadata.ingress_port: EXACT     0001
Action entry: MyIngress.ipv4_forward - a001030,6,

[06:05:01.032] [bmv2] [T] [thread 247353] bm_table_add_entry
[06:05:01.032] [bmv2] [D] [thread 247353] Entry 236 added to table 'MyIngress.ipv4_lpm'
[06:05:01.032] [bmv2] [D] [thread 247353] Dumping entry 236
Match key:
* hdr.ipv4.dstAddr              : LPM       0a001030/32
* standard_metadata.ingress_port: EXACT     0002
Action entry: MyIngress.ipv4_forward - a001030,6,

[06:05:01.032] [bmv2] [T] [thread 247353] bm_table_add_entry
[06:05:01.033] [bmv2] [D] [thread 247353] Entry 237 added to table 'MyIngress.ipv4_lpm'
[06:05:01.033] [bmv2] [D] [thread 247353] Dumping entry 237
Match key:
* hdr.ipv4.dstAddr              : LPM       0a001030/32
* standard_metadata.ingress_port: EXACT     0003
Action entry: MyIngress.ipv4_forward - a001030,6,

[06:05:01.033] [bmv2] [T] [thread 247353] bm_table_add_entry
[06:05:01.033] [bmv2] [D] [thread 247353] Entry 238 added to table 'MyIngress.ipv4_lpm'
[06:05:01.033] [bmv2] [D] [thread 247353] Dumping entry 238
Match key:
* hdr.ipv4.dstAddr              : LPM       0a001030/32
* standard_metadata.ingress_port: EXACT     0004
Action entry: MyIngress.ipv4_forward - a001030,6,

[06:05:01.034] [bmv2] [T] [thread 247353] bm_table_add_entry
[06:05:01.034] [bmv2] [D] [thread 247353] Entry 239 added to table 'MyIngress.ipv4_lpm'
[06:05:01.034] [bmv2] [D] [thread 247353] Dumping entry 239
Match key:
* hdr.ipv4.dstAddr              : LPM       0a001030/32
* standard_metadata.ingress_port: EXACT     0005
Action entry: MyIngress.ipv4_forward - a001030,6,

[06:05:01.035] [bmv2] [T] [thread 247353] bm_table_add_entry
[06:05:01.035] [bmv2] [D] [thread 247353] Entry 240 added to table 'MyIngress.ipv4_lpm'
[06:05:01.035] [bmv2] [D] [thread 247353] Dumping entry 240
Match key:
* hdr.ipv4.dstAddr              : LPM       0a001131/32
* standard_metadata.ingress_port: EXACT     0001
Action entry: MyIngress.ipv4_forward - a001131,6,

[06:05:01.036] [bmv2] [T] [thread 247353] bm_table_add_entry
[06:05:01.036] [bmv2] [D] [thread 247353] Entry 241 added to table 'MyIngress.ipv4_lpm'
[06:05:01.036] [bmv2] [D] [thread 247353] Dumping entry 241
Match key:
* hdr.ipv4.dstAddr              : LPM       0a001131/32
* standard_metadata.ingress_port: EXACT     0002
Action entry: MyIngress.ipv4_forward - a001131,6,

[06:05:01.037] [bmv2] [T] [thread 247353] bm_table_add_entry
[06:05:01.037] [bmv2] [D] [thread 247353] Entry 242 added to table 'MyIngress.ipv4_lpm'
[06:05:01.037] [bmv2] [D] [thread 247353] Dumping entry 242
Match key:
* hdr.ipv4.dstAddr              : LPM       0a001131/32
* standard_metadata.ingress_port: EXACT     0003
Action entry: MyIngress.ipv4_forward - a001131,6,

[06:05:01.038] [bmv2] [T] [thread 247353] bm_table_add_entry
[06:05:01.038] [bmv2] [D] [thread 247353] Entry 243 added to table 'MyIngress.ipv4_lpm'
[06:05:01.038] [bmv2] [D] [thread 247353] Dumping entry 243
Match key:
* hdr.ipv4.dstAddr              : LPM       0a001131/32
* standard_metadata.ingress_port: EXACT     0004
Action entry: MyIngress.ipv4_forward - a001131,6,

[06:05:01.039] [bmv2] [T] [thread 247353] bm_table_add_entry
[06:05:01.039] [bmv2] [D] [thread 247353] Entry 244 added to table 'MyIngress.ipv4_lpm'
[06:05:01.039] [bmv2] [D] [thread 247353] Dumping entry 244
Match key:
* hdr.ipv4.dstAddr              : LPM       0a001131/32
* standard_metadata.ingress_port: EXACT     0005
Action entry: MyIngress.ipv4_forward - a001131,6,

[06:05:01.040] [bmv2] [T] [thread 247353] bm_table_add_entry
[06:05:01.040] [bmv2] [D] [thread 247353] Entry 245 added to table 'MyIngress.ipv4_lpm'
[06:05:01.040] [bmv2] [D] [thread 247353] Dumping entry 245
Match key:
* hdr.ipv4.dstAddr              : LPM       0a001132/32
* standard_metadata.ingress_port: EXACT     0001
Action entry: MyIngress.ipv4_forward - a001132,6,

[06:05:01.041] [bmv2] [T] [thread 247353] bm_table_add_entry
[06:05:01.041] [bmv2] [D] [thread 247353] Entry 246 added to table 'MyIngress.ipv4_lpm'
[06:05:01.041] [bmv2] [D] [thread 247353] Dumping entry 246
Match key:
* hdr.ipv4.dstAddr              : LPM       0a001132/32
* standard_metadata.ingress_port: EXACT     0002
Action entry: MyIngress.ipv4_forward - a001132,6,

[06:05:01.042] [bmv2] [T] [thread 247353] bm_table_add_entry
[06:05:01.042] [bmv2] [D] [thread 247353] Entry 247 added to table 'MyIngress.ipv4_lpm'
[06:05:01.042] [bmv2] [D] [thread 247353] Dumping entry 247
Match key:
* hdr.ipv4.dstAddr              : LPM       0a001132/32
* standard_metadata.ingress_port: EXACT     0003
Action entry: MyIngress.ipv4_forward - a001132,6,

[06:05:01.043] [bmv2] [T] [thread 247353] bm_table_add_entry
[06:05:01.043] [bmv2] [D] [thread 247353] Entry 248 added to table 'MyIngress.ipv4_lpm'
[06:05:01.043] [bmv2] [D] [thread 247353] Dumping entry 248
Match key:
* hdr.ipv4.dstAddr              : LPM       0a001132/32
* standard_metadata.ingress_port: EXACT     0004
Action entry: MyIngress.ipv4_forward - a001132,6,

[06:05:01.043] [bmv2] [T] [thread 247353] bm_table_add_entry
[06:05:01.044] [bmv2] [D] [thread 247353] Entry 249 added to table 'MyIngress.ipv4_lpm'
[06:05:01.044] [bmv2] [D] [thread 247353] Dumping entry 249
Match key:
* hdr.ipv4.dstAddr              : LPM       0a001132/32
* standard_metadata.ingress_port: EXACT     0005
Action entry: MyIngress.ipv4_forward - a001132,6,

[06:05:01.044] [bmv2] [T] [thread 247353] bm_table_add_entry
[06:05:01.045] [bmv2] [D] [thread 247353] Entry 250 added to table 'MyIngress.ipv4_lpm'
[06:05:01.045] [bmv2] [D] [thread 247353] Dumping entry 250
Match key:
* hdr.ipv4.dstAddr              : LPM       0a001133/32
* standard_metadata.ingress_port: EXACT     0001
Action entry: MyIngress.ipv4_forward - a001133,6,

[06:05:01.045] [bmv2] [T] [thread 247353] bm_table_add_entry
[06:05:01.045] [bmv2] [D] [thread 247353] Entry 251 added to table 'MyIngress.ipv4_lpm'
[06:05:01.045] [bmv2] [D] [thread 247353] Dumping entry 251
Match key:
* hdr.ipv4.dstAddr              : LPM       0a001133/32
* standard_metadata.ingress_port: EXACT     0002
Action entry: MyIngress.ipv4_forward - a001133,6,

[06:05:01.046] [bmv2] [T] [thread 247353] bm_table_add_entry
[06:05:01.046] [bmv2] [D] [thread 247353] Entry 252 added to table 'MyIngress.ipv4_lpm'
[06:05:01.046] [bmv2] [D] [thread 247353] Dumping entry 252
Match key:
* hdr.ipv4.dstAddr              : LPM       0a001133/32
* standard_metadata.ingress_port: EXACT     0003
Action entry: MyIngress.ipv4_forward - a001133,6,

[06:05:01.047] [bmv2] [T] [thread 247353] bm_table_add_entry
[06:05:01.047] [bmv2] [D] [thread 247353] Entry 253 added to table 'MyIngress.ipv4_lpm'
[06:05:01.047] [bmv2] [D] [thread 247353] Dumping entry 253
Match key:
* hdr.ipv4.dstAddr              : LPM       0a001133/32
* standard_metadata.ingress_port: EXACT     0004
Action entry: MyIngress.ipv4_forward - a001133,6,

[06:05:01.048] [bmv2] [T] [thread 247353] bm_table_add_entry
[06:05:01.048] [bmv2] [D] [thread 247353] Entry 254 added to table 'MyIngress.ipv4_lpm'
[06:05:01.048] [bmv2] [D] [thread 247353] Dumping entry 254
Match key:
* hdr.ipv4.dstAddr              : LPM       0a001133/32
* standard_metadata.ingress_port: EXACT     0005
Action entry: MyIngress.ipv4_forward - a001133,6,

[06:05:01.049] [bmv2] [T] [thread 247353] bm_table_add_entry
[06:05:01.049] [bmv2] [D] [thread 247353] Entry 255 added to table 'MyIngress.ipv4_lpm'
[06:05:01.049] [bmv2] [D] [thread 247353] Dumping entry 255
Match key:
* hdr.ipv4.dstAddr              : LPM       0a001234/32
* standard_metadata.ingress_port: EXACT     0001
Action entry: MyIngress.ipv4_forward - a001234,6,

[06:05:01.050] [bmv2] [T] [thread 247353] bm_table_add_entry
[06:05:01.050] [bmv2] [D] [thread 247353] Entry 256 added to table 'MyIngress.ipv4_lpm'
[06:05:01.050] [bmv2] [D] [thread 247353] Dumping entry 256
Match key:
* hdr.ipv4.dstAddr              : LPM       0a001234/32
* standard_metadata.ingress_port: EXACT     0002
Action entry: MyIngress.ipv4_forward - a001234,6,

[06:05:01.051] [bmv2] [T] [thread 247353] bm_table_add_entry
[06:05:01.051] [bmv2] [D] [thread 247353] Entry 257 added to table 'MyIngress.ipv4_lpm'
[06:05:01.051] [bmv2] [D] [thread 247353] Dumping entry 257
Match key:
* hdr.ipv4.dstAddr              : LPM       0a001234/32
* standard_metadata.ingress_port: EXACT     0003
Action entry: MyIngress.ipv4_forward - a001234,6,

[06:05:01.052] [bmv2] [T] [thread 247353] bm_table_add_entry
[06:05:01.052] [bmv2] [D] [thread 247353] Entry 258 added to table 'MyIngress.ipv4_lpm'
[06:05:01.052] [bmv2] [D] [thread 247353] Dumping entry 258
Match key:
* hdr.ipv4.dstAddr              : LPM       0a001234/32
* standard_metadata.ingress_port: EXACT     0004
Action entry: MyIngress.ipv4_forward - a001234,6,

[06:05:01.053] [bmv2] [T] [thread 247353] bm_table_add_entry
[06:05:01.053] [bmv2] [D] [thread 247353] Entry 259 added to table 'MyIngress.ipv4_lpm'
[06:05:01.053] [bmv2] [D] [thread 247353] Dumping entry 259
Match key:
* hdr.ipv4.dstAddr              : LPM       0a001234/32
* standard_metadata.ingress_port: EXACT     0005
Action entry: MyIngress.ipv4_forward - a001234,6,

[06:05:01.054] [bmv2] [T] [thread 247353] bm_table_add_entry
[06:05:01.054] [bmv2] [D] [thread 247353] Entry 260 added to table 'MyIngress.ipv4_lpm'
[06:05:01.054] [bmv2] [D] [thread 247353] Dumping entry 260
Match key:
* hdr.ipv4.dstAddr              : LPM       0a001235/32
* standard_metadata.ingress_port: EXACT     0001
Action entry: MyIngress.ipv4_forward - a001235,6,

[06:05:01.055] [bmv2] [T] [thread 247353] bm_table_add_entry
[06:05:01.055] [bmv2] [D] [thread 247353] Entry 261 added to table 'MyIngress.ipv4_lpm'
[06:05:01.055] [bmv2] [D] [thread 247353] Dumping entry 261
Match key:
* hdr.ipv4.dstAddr              : LPM       0a001235/32
* standard_metadata.ingress_port: EXACT     0002
Action entry: MyIngress.ipv4_forward - a001235,6,

[06:05:01.055] [bmv2] [T] [thread 247353] bm_table_add_entry
[06:05:01.056] [bmv2] [D] [thread 247353] Entry 262 added to table 'MyIngress.ipv4_lpm'
[06:05:01.056] [bmv2] [D] [thread 247353] Dumping entry 262
Match key:
* hdr.ipv4.dstAddr              : LPM       0a001235/32
* standard_metadata.ingress_port: EXACT     0003
Action entry: MyIngress.ipv4_forward - a001235,6,

[06:05:01.056] [bmv2] [T] [thread 247353] bm_table_add_entry
[06:05:01.057] [bmv2] [D] [thread 247353] Entry 263 added to table 'MyIngress.ipv4_lpm'
[06:05:01.057] [bmv2] [D] [thread 247353] Dumping entry 263
Match key:
* hdr.ipv4.dstAddr              : LPM       0a001235/32
* standard_metadata.ingress_port: EXACT     0004
Action entry: MyIngress.ipv4_forward - a001235,6,

[06:05:01.057] [bmv2] [T] [thread 247353] bm_table_add_entry
[06:05:01.058] [bmv2] [D] [thread 247353] Entry 264 added to table 'MyIngress.ipv4_lpm'
[06:05:01.058] [bmv2] [D] [thread 247353] Dumping entry 264
Match key:
* hdr.ipv4.dstAddr              : LPM       0a001235/32
* standard_metadata.ingress_port: EXACT     0005
Action entry: MyIngress.ipv4_forward - a001235,6,

[06:05:01.058] [bmv2] [T] [thread 247353] bm_table_add_entry
[06:05:01.058] [bmv2] [D] [thread 247353] Entry 265 added to table 'MyIngress.ipv4_lpm'
[06:05:01.058] [bmv2] [D] [thread 247353] Dumping entry 265
Match key:
* hdr.ipv4.dstAddr              : LPM       0a001236/32
* standard_metadata.ingress_port: EXACT     0001
Action entry: MyIngress.ipv4_forward - a001236,6,

[06:05:01.059] [bmv2] [T] [thread 247353] bm_table_add_entry
[06:05:01.059] [bmv2] [D] [thread 247353] Entry 266 added to table 'MyIngress.ipv4_lpm'
[06:05:01.059] [bmv2] [D] [thread 247353] Dumping entry 266
Match key:
* hdr.ipv4.dstAddr              : LPM       0a001236/32
* standard_metadata.ingress_port: EXACT     0002
Action entry: MyIngress.ipv4_forward - a001236,6,

[06:05:01.060] [bmv2] [T] [thread 247353] bm_table_add_entry
[06:05:01.060] [bmv2] [D] [thread 247353] Entry 267 added to table 'MyIngress.ipv4_lpm'
[06:05:01.060] [bmv2] [D] [thread 247353] Dumping entry 267
Match key:
* hdr.ipv4.dstAddr              : LPM       0a001236/32
* standard_metadata.ingress_port: EXACT     0003
Action entry: MyIngress.ipv4_forward - a001236,6,

[06:05:01.061] [bmv2] [T] [thread 247353] bm_table_add_entry
[06:05:01.061] [bmv2] [D] [thread 247353] Entry 268 added to table 'MyIngress.ipv4_lpm'
[06:05:01.061] [bmv2] [D] [thread 247353] Dumping entry 268
Match key:
* hdr.ipv4.dstAddr              : LPM       0a001236/32
* standard_metadata.ingress_port: EXACT     0004
Action entry: MyIngress.ipv4_forward - a001236,6,

[06:05:01.062] [bmv2] [T] [thread 247353] bm_table_add_entry
[06:05:01.062] [bmv2] [D] [thread 247353] Entry 269 added to table 'MyIngress.ipv4_lpm'
[06:05:01.062] [bmv2] [D] [thread 247353] Dumping entry 269
Match key:
* hdr.ipv4.dstAddr              : LPM       0a001236/32
* standard_metadata.ingress_port: EXACT     0005
Action entry: MyIngress.ipv4_forward - a001236,6,

[06:05:01.063] [bmv2] [T] [thread 247353] bm_set_default_action
[06:05:01.063] [bmv2] [D] [thread 247353] Set default entry for table 'MyEgress.tbl_prime': MyEgress.prime_multiply - c1,
[06:05:01.063] [bmv2] [T] [thread 247353] bm_set_default_action
[06:05:01.064] [bmv2] [D] [thread 247353] Set default entry for table 'MyEgress.swtrace': MyEgress.add_swtrace - 2c,
