Warning: you requested the nanomsg event logger, but bmv2 was compiled without -DBMELOG, and the event logger cannot be activated
Calling target program-options parser
[06:04:26.703] [bmv2] [D] [thread 244818] Set default default entry for table 'MyIngress.ipv4_lpm': MyIngress.drop - 
[06:04:26.704] [bmv2] [D] [thread 244818] Set default default entry for table 'MyIngress.tb_set_role': NoAction - 
[06:04:26.704] [bmv2] [D] [thread 244818] Set default default entry for table 'MyEgress.tbl_prime': NoAction - 
[06:04:26.704] [bmv2] [D] [thread 244818] Set default default entry for table 'MyEgress.swtrace': NoAction - 
Adding interface s1-eth1 as port 1
[06:04:26.706] [bmv2] [D] [thread 244818] Adding interface s1-eth1 as port 1
Adding interface s1-eth2 as port 2
[06:04:26.777] [bmv2] [D] [thread 244818] Adding interface s1-eth2 as port 2
Adding interface s1-eth3 as port 3
[06:04:26.841] [bmv2] [D] [thread 244818] Adding interface s1-eth3 as port 3
Adding interface s1-cpu-eth0 as port 4
[06:04:26.905] [bmv2] [D] [thread 244818] Adding interface s1-cpu-eth0 as port 4
Adding interface s1-eth5 as port 5
[06:04:26.961] [bmv2] [D] [thread 244818] Adding interface s1-eth5 as port 5
Adding interface s1-eth6 as port 6
[06:04:27.032] [bmv2] [D] [thread 244818] Adding interface s1-eth6 as port 6
Adding interface s1-eth7 as port 7
[06:04:27.105] [bmv2] [D] [thread 244818] Adding interface s1-eth7 as port 7
[06:04:27.177] [bmv2] [I] [thread 244818] Starting Thrift server on port 9090
[06:04:27.178] [bmv2] [I] [thread 244818] Thrift server was started
[06:04:32.794] [bmv2] [D] [thread 244824] [0.0] [cxt 0] Processing packet received on port 3
[06:04:32.794] [bmv2] [D] [thread 244824] [0.0] [cxt 0] Parser 'parser': start
[06:04:32.794] [bmv2] [D] [thread 244824] [0.0] [cxt 0] Parser 'parser' entering state 'start'
[06:04:32.794] [bmv2] [D] [thread 244824] [0.0] [cxt 0] Extracting header 'ethernet'
[06:04:32.794] [bmv2] [D] [thread 244824] [0.0] [cxt 0] Parser state 'start': key is 86dd
[06:04:32.794] [bmv2] [T] [thread 244824] [0.0] [cxt 0] Bytes parsed: 14
[06:04:32.794] [bmv2] [D] [thread 244824] [0.0] [cxt 0] Parser 'parser': end
[06:04:32.794] [bmv2] [D] [thread 244824] [0.0] [cxt 0] Pipeline 'ingress': start
[06:04:32.794] [bmv2] [T] [thread 244824] [0.0] [cxt 0] /home/p4/Desktop/html/p4src/switch.p4(291) Condition "hdr.ipv4.isValid()" (node_2) is false
[06:04:32.794] [bmv2] [T] [thread 244824] [0.0] [cxt 0] Applying table 'MyIngress.tb_set_role'
[06:04:32.794] [bmv2] [D] [thread 244824] [0.0] [cxt 0] Looking up key:
* standard_metadata.ingress_port: 0003

[06:04:32.794] [bmv2] [D] [thread 244824] [0.0] [cxt 0] Table 'MyIngress.tb_set_role': miss
[06:04:32.795] [bmv2] [D] [thread 244824] [0.0] [cxt 0] Action entry is NoAction - 
[06:04:32.795] [bmv2] [T] [thread 244824] [0.0] [cxt 0] Action NoAction
[06:04:32.795] [bmv2] [D] [thread 244824] [0.0] [cxt 0] Pipeline 'ingress': end
[06:04:32.795] [bmv2] [D] [thread 244824] [0.0] [cxt 0] Egress port is 0
[06:04:32.795] [bmv2] [D] [thread 244825] [0.0] [cxt 0] Pipeline 'egress': start
[06:04:32.795] [bmv2] [T] [thread 244825] [0.0] [cxt 0] /home/p4/Desktop/html/p4src/switch.p4(381) Condition "hdr.tag.isValid()" (node_7) is false
[06:04:32.795] [bmv2] [T] [thread 244825] [0.0] [cxt 0] /home/p4/Desktop/html/p4src/switch.p4(386) Condition "hdr.mri.isValid()" (node_9) is false
[06:04:32.795] [bmv2] [D] [thread 244825] [0.0] [cxt 0] Pipeline 'egress': end
[06:04:32.795] [bmv2] [D] [thread 244825] [0.0] [cxt 0] Deparser 'deparser': start
[06:04:32.795] [bmv2] [T] [thread 244825] [0.0] [cxt 0] Skipping checksum 'cksum' update because condition not met
[06:04:32.795] [bmv2] [D] [thread 244825] [0.0] [cxt 0] Deparsing header 'ethernet'
[06:04:32.795] [bmv2] [D] [thread 244825] [0.0] [cxt 0] Deparser 'deparser': end
[06:04:32.795] [bmv2] [D] [thread 244829] [0.0] [cxt 0] Transmitting packet of size 70 out of port 0
[06:04:33.305] [bmv2] [D] [thread 244824] [1.0] [cxt 0] Processing packet received on port 6
[06:04:33.306] [bmv2] [D] [thread 244824] [1.0] [cxt 0] Parser 'parser': start
[06:04:33.306] [bmv2] [D] [thread 244824] [1.0] [cxt 0] Parser 'parser' entering state 'start'
[06:04:33.306] [bmv2] [D] [thread 244824] [1.0] [cxt 0] Extracting header 'ethernet'
[06:04:33.306] [bmv2] [D] [thread 244824] [1.0] [cxt 0] Parser state 'start': key is 86dd
[06:04:33.306] [bmv2] [T] [thread 244824] [1.0] [cxt 0] Bytes parsed: 14
[06:04:33.306] [bmv2] [D] [thread 244824] [1.0] [cxt 0] Parser 'parser': end
[06:04:33.306] [bmv2] [D] [thread 244824] [1.0] [cxt 0] Pipeline 'ingress': start
[06:04:33.306] [bmv2] [T] [thread 244824] [1.0] [cxt 0] /home/p4/Desktop/html/p4src/switch.p4(291) Condition "hdr.ipv4.isValid()" (node_2) is false
[06:04:33.306] [bmv2] [T] [thread 244824] [1.0] [cxt 0] Applying table 'MyIngress.tb_set_role'
[06:04:33.306] [bmv2] [D] [thread 244824] [1.0] [cxt 0] Looking up key:
* standard_metadata.ingress_port: 0006

[06:04:33.306] [bmv2] [D] [thread 244824] [1.0] [cxt 0] Table 'MyIngress.tb_set_role': miss
[06:04:33.306] [bmv2] [D] [thread 244824] [1.0] [cxt 0] Action entry is NoAction - 
[06:04:33.306] [bmv2] [T] [thread 244824] [1.0] [cxt 0] Action NoAction
[06:04:33.306] [bmv2] [D] [thread 244824] [1.0] [cxt 0] Pipeline 'ingress': end
[06:04:33.306] [bmv2] [D] [thread 244824] [1.0] [cxt 0] Egress port is 0
[06:04:33.307] [bmv2] [D] [thread 244825] [1.0] [cxt 0] Pipeline 'egress': start
[06:04:33.307] [bmv2] [T] [thread 244825] [1.0] [cxt 0] /home/p4/Desktop/html/p4src/switch.p4(381) Condition "hdr.tag.isValid()" (node_7) is false
[06:04:33.307] [bmv2] [T] [thread 244825] [1.0] [cxt 0] /home/p4/Desktop/html/p4src/switch.p4(386) Condition "hdr.mri.isValid()" (node_9) is false
[06:04:33.307] [bmv2] [D] [thread 244825] [1.0] [cxt 0] Pipeline 'egress': end
[06:04:33.307] [bmv2] [D] [thread 244825] [1.0] [cxt 0] Deparser 'deparser': start
[06:04:33.307] [bmv2] [T] [thread 244825] [1.0] [cxt 0] Skipping checksum 'cksum' update because condition not met
[06:04:33.307] [bmv2] [D] [thread 244825] [1.0] [cxt 0] Deparsing header 'ethernet'
[06:04:33.307] [bmv2] [D] [thread 244825] [1.0] [cxt 0] Deparser 'deparser': end
[06:04:33.307] [bmv2] [D] [thread 244824] [2.0] [cxt 0] Processing packet received on port 5
[06:04:33.307] [bmv2] [D] [thread 244824] [2.0] [cxt 0] Parser 'parser': start
[06:04:33.307] [bmv2] [D] [thread 244824] [2.0] [cxt 0] Parser 'parser' entering state 'start'
[06:04:33.307] [bmv2] [D] [thread 244824] [2.0] [cxt 0] Extracting header 'ethernet'
[06:04:33.307] [bmv2] [D] [thread 244824] [2.0] [cxt 0] Parser state 'start': key is 86dd
[06:04:33.307] [bmv2] [D] [thread 244829] [1.0] [cxt 0] Transmitting packet of size 70 out of port 0
[06:04:33.307] [bmv2] [T] [thread 244824] [2.0] [cxt 0] Bytes parsed: 14
[06:04:33.307] [bmv2] [D] [thread 244824] [2.0] [cxt 0] Parser 'parser': end
[06:04:33.307] [bmv2] [D] [thread 244824] [2.0] [cxt 0] Pipeline 'ingress': start
[06:04:33.307] [bmv2] [T] [thread 244824] [2.0] [cxt 0] /home/p4/Desktop/html/p4src/switch.p4(291) Condition "hdr.ipv4.isValid()" (node_2) is false
[06:04:33.307] [bmv2] [T] [thread 244824] [2.0] [cxt 0] Applying table 'MyIngress.tb_set_role'
[06:04:33.307] [bmv2] [D] [thread 244824] [2.0] [cxt 0] Looking up key:
* standard_metadata.ingress_port: 0005

[06:04:33.307] [bmv2] [D] [thread 244824] [2.0] [cxt 0] Table 'MyIngress.tb_set_role': miss
[06:04:33.307] [bmv2] [D] [thread 244824] [2.0] [cxt 0] Action entry is NoAction - 
[06:04:33.307] [bmv2] [T] [thread 244824] [2.0] [cxt 0] Action NoAction
[06:04:33.307] [bmv2] [D] [thread 244824] [2.0] [cxt 0] Pipeline 'ingress': end
[06:04:33.307] [bmv2] [D] [thread 244824] [2.0] [cxt 0] Egress port is 0
[06:04:33.307] [bmv2] [D] [thread 244825] [2.0] [cxt 0] Pipeline 'egress': start
[06:04:33.307] [bmv2] [T] [thread 244825] [2.0] [cxt 0] /home/p4/Desktop/html/p4src/switch.p4(381) Condition "hdr.tag.isValid()" (node_7) is false
[06:04:33.308] [bmv2] [T] [thread 244825] [2.0] [cxt 0] /home/p4/Desktop/html/p4src/switch.p4(386) Condition "hdr.mri.isValid()" (node_9) is false
[06:04:33.308] [bmv2] [D] [thread 244825] [2.0] [cxt 0] Pipeline 'egress': end
[06:04:33.308] [bmv2] [D] [thread 244825] [2.0] [cxt 0] Deparser 'deparser': start
[06:04:33.308] [bmv2] [T] [thread 244825] [2.0] [cxt 0] Skipping checksum 'cksum' update because condition not met
[06:04:33.308] [bmv2] [D] [thread 244825] [2.0] [cxt 0] Deparsing header 'ethernet'
[06:04:33.308] [bmv2] [D] [thread 244825] [2.0] [cxt 0] Deparser 'deparser': end
[06:04:33.308] [bmv2] [D] [thread 244829] [2.0] [cxt 0] Transmitting packet of size 70 out of port 0
[06:04:33.561] [bmv2] [D] [thread 244824] [3.0] [cxt 0] Processing packet received on port 1
[06:04:33.561] [bmv2] [D] [thread 244824] [3.0] [cxt 0] Parser 'parser': start
[06:04:33.561] [bmv2] [D] [thread 244824] [3.0] [cxt 0] Parser 'parser' entering state 'start'
[06:04:33.561] [bmv2] [D] [thread 244824] [3.0] [cxt 0] Extracting header 'ethernet'
[06:04:33.561] [bmv2] [D] [thread 244824] [3.0] [cxt 0] Parser state 'start': key is 86dd
[06:04:33.561] [bmv2] [T] [thread 244824] [3.0] [cxt 0] Bytes parsed: 14
[06:04:33.561] [bmv2] [D] [thread 244824] [3.0] [cxt 0] Parser 'parser': end
[06:04:33.561] [bmv2] [D] [thread 244824] [3.0] [cxt 0] Pipeline 'ingress': start
[06:04:33.561] [bmv2] [T] [thread 244824] [3.0] [cxt 0] /home/p4/Desktop/html/p4src/switch.p4(291) Condition "hdr.ipv4.isValid()" (node_2) is false
[06:04:33.561] [bmv2] [T] [thread 244824] [3.0] [cxt 0] Applying table 'MyIngress.tb_set_role'
[06:04:33.561] [bmv2] [D] [thread 244824] [3.0] [cxt 0] Looking up key:
* standard_metadata.ingress_port: 0001

[06:04:33.561] [bmv2] [D] [thread 244824] [3.0] [cxt 0] Table 'MyIngress.tb_set_role': miss
[06:04:33.562] [bmv2] [D] [thread 244824] [3.0] [cxt 0] Action entry is NoAction - 
[06:04:33.562] [bmv2] [T] [thread 244824] [3.0] [cxt 0] Action NoAction
[06:04:33.562] [bmv2] [D] [thread 244824] [3.0] [cxt 0] Pipeline 'ingress': end
[06:04:33.562] [bmv2] [D] [thread 244824] [3.0] [cxt 0] Egress port is 0
[06:04:33.562] [bmv2] [D] [thread 244824] [4.0] [cxt 0] Processing packet received on port 4
[06:04:33.562] [bmv2] [D] [thread 244824] [4.0] [cxt 0] Parser 'parser': start
[06:04:33.562] [bmv2] [D] [thread 244824] [4.0] [cxt 0] Parser 'parser' entering state 'start'
[06:04:33.562] [bmv2] [D] [thread 244824] [4.0] [cxt 0] Extracting header 'ethernet'
[06:04:33.562] [bmv2] [D] [thread 244824] [4.0] [cxt 0] Parser state 'start': key is 86dd
[06:04:33.562] [bmv2] [T] [thread 244824] [4.0] [cxt 0] Bytes parsed: 14
[06:04:33.562] [bmv2] [D] [thread 244824] [4.0] [cxt 0] Parser 'parser': end
[06:04:33.562] [bmv2] [D] [thread 244824] [4.0] [cxt 0] Pipeline 'ingress': start
[06:04:33.562] [bmv2] [D] [thread 244825] [3.0] [cxt 0] Pipeline 'egress': start
[06:04:33.562] [bmv2] [T] [thread 244824] [4.0] [cxt 0] /home/p4/Desktop/html/p4src/switch.p4(291) Condition "hdr.ipv4.isValid()" (node_2) is false
[06:04:33.562] [bmv2] [T] [thread 244825] [3.0] [cxt 0] /home/p4/Desktop/html/p4src/switch.p4(381) Condition "hdr.tag.isValid()" (node_7) is false
[06:04:33.562] [bmv2] [T] [thread 244824] [4.0] [cxt 0] Applying table 'MyIngress.tb_set_role'
[06:04:33.562] [bmv2] [T] [thread 244825] [3.0] [cxt 0] /home/p4/Desktop/html/p4src/switch.p4(386) Condition "hdr.mri.isValid()" (node_9) is false
[06:04:33.562] [bmv2] [D] [thread 244824] [4.0] [cxt 0] Looking up key:
* standard_metadata.ingress_port: 0004

[06:04:33.562] [bmv2] [D] [thread 244825] [3.0] [cxt 0] Pipeline 'egress': end
[06:04:33.562] [bmv2] [D] [thread 244824] [4.0] [cxt 0] Table 'MyIngress.tb_set_role': miss
[06:04:33.562] [bmv2] [D] [thread 244825] [3.0] [cxt 0] Deparser 'deparser': start
[06:04:33.562] [bmv2] [D] [thread 244824] [4.0] [cxt 0] Action entry is NoAction - 
[06:04:33.562] [bmv2] [T] [thread 244825] [3.0] [cxt 0] Skipping checksum 'cksum' update because condition not met
[06:04:33.562] [bmv2] [T] [thread 244824] [4.0] [cxt 0] Action NoAction
[06:04:33.562] [bmv2] [D] [thread 244825] [3.0] [cxt 0] Deparsing header 'ethernet'
[06:04:33.562] [bmv2] [D] [thread 244824] [4.0] [cxt 0] Pipeline 'ingress': end
[06:04:33.562] [bmv2] [D] [thread 244825] [3.0] [cxt 0] Deparser 'deparser': end
[06:04:33.562] [bmv2] [D] [thread 244824] [4.0] [cxt 0] Egress port is 0
[06:04:33.562] [bmv2] [D] [thread 244825] [4.0] [cxt 0] Pipeline 'egress': start
[06:04:33.562] [bmv2] [T] [thread 244825] [4.0] [cxt 0] /home/p4/Desktop/html/p4src/switch.p4(381) Condition "hdr.tag.isValid()" (node_7) is false
[06:04:33.562] [bmv2] [T] [thread 244825] [4.0] [cxt 0] /home/p4/Desktop/html/p4src/switch.p4(386) Condition "hdr.mri.isValid()" (node_9) is false
[06:04:33.562] [bmv2] [D] [thread 244829] [3.0] [cxt 0] Transmitting packet of size 70 out of port 0
[06:04:33.562] [bmv2] [D] [thread 244825] [4.0] [cxt 0] Pipeline 'egress': end
[06:04:33.562] [bmv2] [D] [thread 244825] [4.0] [cxt 0] Deparser 'deparser': start
[06:04:33.563] [bmv2] [T] [thread 244825] [4.0] [cxt 0] Skipping checksum 'cksum' update because condition not met
[06:04:33.563] [bmv2] [D] [thread 244825] [4.0] [cxt 0] Deparsing header 'ethernet'
[06:04:33.563] [bmv2] [D] [thread 244825] [4.0] [cxt 0] Deparser 'deparser': end
[06:04:33.563] [bmv2] [D] [thread 244829] [4.0] [cxt 0] Transmitting packet of size 70 out of port 0
[06:04:33.817] [bmv2] [D] [thread 244824] [5.0] [cxt 0] Processing packet received on port 6
[06:04:33.817] [bmv2] [D] [thread 244824] [5.0] [cxt 0] Parser 'parser': start
[06:04:33.817] [bmv2] [D] [thread 244824] [5.0] [cxt 0] Parser 'parser' entering state 'start'
[06:04:33.817] [bmv2] [D] [thread 244824] [5.0] [cxt 0] Extracting header 'ethernet'
[06:04:33.817] [bmv2] [D] [thread 244824] [5.0] [cxt 0] Parser state 'start': key is 86dd
[06:04:33.817] [bmv2] [T] [thread 244824] [5.0] [cxt 0] Bytes parsed: 14
[06:04:33.817] [bmv2] [D] [thread 244824] [5.0] [cxt 0] Parser 'parser': end
[06:04:33.817] [bmv2] [D] [thread 244824] [5.0] [cxt 0] Pipeline 'ingress': start
[06:04:33.817] [bmv2] [T] [thread 244824] [5.0] [cxt 0] /home/p4/Desktop/html/p4src/switch.p4(291) Condition "hdr.ipv4.isValid()" (node_2) is false
[06:04:33.818] [bmv2] [T] [thread 244824] [5.0] [cxt 0] Applying table 'MyIngress.tb_set_role'
[06:04:33.818] [bmv2] [D] [thread 244824] [5.0] [cxt 0] Looking up key:
* standard_metadata.ingress_port: 0006

[06:04:33.818] [bmv2] [D] [thread 244824] [5.0] [cxt 0] Table 'MyIngress.tb_set_role': miss
[06:04:33.818] [bmv2] [D] [thread 244824] [5.0] [cxt 0] Action entry is NoAction - 
[06:04:33.818] [bmv2] [T] [thread 244824] [5.0] [cxt 0] Action NoAction
[06:04:33.818] [bmv2] [D] [thread 244824] [5.0] [cxt 0] Pipeline 'ingress': end
[06:04:33.818] [bmv2] [D] [thread 244824] [5.0] [cxt 0] Egress port is 0
[06:04:33.819] [bmv2] [D] [thread 244825] [5.0] [cxt 0] Pipeline 'egress': start
[06:04:33.819] [bmv2] [T] [thread 244825] [5.0] [cxt 0] /home/p4/Desktop/html/p4src/switch.p4(381) Condition "hdr.tag.isValid()" (node_7) is false
[06:04:33.819] [bmv2] [T] [thread 244825] [5.0] [cxt 0] /home/p4/Desktop/html/p4src/switch.p4(386) Condition "hdr.mri.isValid()" (node_9) is false
[06:04:33.819] [bmv2] [D] [thread 244825] [5.0] [cxt 0] Pipeline 'egress': end
[06:04:33.819] [bmv2] [D] [thread 244825] [5.0] [cxt 0] Deparser 'deparser': start
[06:04:33.819] [bmv2] [T] [thread 244825] [5.0] [cxt 0] Skipping checksum 'cksum' update because condition not met
[06:04:33.819] [bmv2] [D] [thread 244825] [5.0] [cxt 0] Deparsing header 'ethernet'
[06:04:33.819] [bmv2] [D] [thread 244825] [5.0] [cxt 0] Deparser 'deparser': end
[06:04:33.819] [bmv2] [D] [thread 244829] [5.0] [cxt 0] Transmitting packet of size 70 out of port 0
[06:04:34.074] [bmv2] [D] [thread 244824] [6.0] [cxt 0] Processing packet received on port 2
[06:04:34.074] [bmv2] [D] [thread 244824] [6.0] [cxt 0] Parser 'parser': start
[06:04:34.074] [bmv2] [D] [thread 244824] [6.0] [cxt 0] Parser 'parser' entering state 'start'
[06:04:34.074] [bmv2] [D] [thread 244824] [6.0] [cxt 0] Extracting header 'ethernet'
[06:04:34.074] [bmv2] [D] [thread 244824] [6.0] [cxt 0] Parser state 'start': key is 86dd
[06:04:34.074] [bmv2] [T] [thread 244824] [6.0] [cxt 0] Bytes parsed: 14
[06:04:34.074] [bmv2] [D] [thread 244824] [6.0] [cxt 0] Parser 'parser': end
[06:04:34.074] [bmv2] [D] [thread 244824] [6.0] [cxt 0] Pipeline 'ingress': start
[06:04:34.074] [bmv2] [T] [thread 244824] [6.0] [cxt 0] /home/p4/Desktop/html/p4src/switch.p4(291) Condition "hdr.ipv4.isValid()" (node_2) is false
[06:04:34.074] [bmv2] [T] [thread 244824] [6.0] [cxt 0] Applying table 'MyIngress.tb_set_role'
[06:04:34.074] [bmv2] [D] [thread 244824] [6.0] [cxt 0] Looking up key:
* standard_metadata.ingress_port: 0002

[06:04:34.074] [bmv2] [D] [thread 244824] [6.0] [cxt 0] Table 'MyIngress.tb_set_role': miss
[06:04:34.074] [bmv2] [D] [thread 244824] [6.0] [cxt 0] Action entry is NoAction - 
[06:04:34.074] [bmv2] [T] [thread 244824] [6.0] [cxt 0] Action NoAction
[06:04:34.075] [bmv2] [D] [thread 244824] [6.0] [cxt 0] Pipeline 'ingress': end
[06:04:34.075] [bmv2] [D] [thread 244824] [6.0] [cxt 0] Egress port is 0
[06:04:34.075] [bmv2] [D] [thread 244825] [6.0] [cxt 0] Pipeline 'egress': start
[06:04:34.075] [bmv2] [T] [thread 244825] [6.0] [cxt 0] /home/p4/Desktop/html/p4src/switch.p4(381) Condition "hdr.tag.isValid()" (node_7) is false
[06:04:34.075] [bmv2] [T] [thread 244825] [6.0] [cxt 0] /home/p4/Desktop/html/p4src/switch.p4(386) Condition "hdr.mri.isValid()" (node_9) is false
[06:04:34.075] [bmv2] [D] [thread 244825] [6.0] [cxt 0] Pipeline 'egress': end
[06:04:34.075] [bmv2] [D] [thread 244825] [6.0] [cxt 0] Deparser 'deparser': start
[06:04:34.075] [bmv2] [T] [thread 244825] [6.0] [cxt 0] Skipping checksum 'cksum' update because condition not met
[06:04:34.075] [bmv2] [D] [thread 244825] [6.0] [cxt 0] Deparsing header 'ethernet'
[06:04:34.075] [bmv2] [D] [thread 244825] [6.0] [cxt 0] Deparser 'deparser': end
[06:04:34.076] [bmv2] [D] [thread 244829] [6.0] [cxt 0] Transmitting packet of size 70 out of port 0
[06:04:34.331] [bmv2] [D] [thread 244824] [7.0] [cxt 0] Processing packet received on port 5
[06:04:34.331] [bmv2] [D] [thread 244824] [7.0] [cxt 0] Parser 'parser': start
[06:04:34.331] [bmv2] [D] [thread 244824] [7.0] [cxt 0] Parser 'parser' entering state 'start'
[06:04:34.331] [bmv2] [D] [thread 244824] [7.0] [cxt 0] Extracting header 'ethernet'
[06:04:34.331] [bmv2] [D] [thread 244824] [7.0] [cxt 0] Parser state 'start': key is 86dd
[06:04:34.331] [bmv2] [T] [thread 244824] [7.0] [cxt 0] Bytes parsed: 14
[06:04:34.331] [bmv2] [D] [thread 244824] [7.0] [cxt 0] Parser 'parser': end
[06:04:34.331] [bmv2] [D] [thread 244824] [7.0] [cxt 0] Pipeline 'ingress': start
[06:04:34.331] [bmv2] [T] [thread 244824] [7.0] [cxt 0] /home/p4/Desktop/html/p4src/switch.p4(291) Condition "hdr.ipv4.isValid()" (node_2) is false
[06:04:34.331] [bmv2] [T] [thread 244824] [7.0] [cxt 0] Applying table 'MyIngress.tb_set_role'
[06:04:34.331] [bmv2] [D] [thread 244824] [7.0] [cxt 0] Looking up key:
* standard_metadata.ingress_port: 0005

[06:04:34.331] [bmv2] [D] [thread 244824] [7.0] [cxt 0] Table 'MyIngress.tb_set_role': miss
[06:04:34.331] [bmv2] [D] [thread 244824] [7.0] [cxt 0] Action entry is NoAction - 
[06:04:34.331] [bmv2] [T] [thread 244824] [7.0] [cxt 0] Action NoAction
[06:04:34.331] [bmv2] [D] [thread 244824] [7.0] [cxt 0] Pipeline 'ingress': end
[06:04:34.331] [bmv2] [D] [thread 244824] [7.0] [cxt 0] Egress port is 0
[06:04:34.331] [bmv2] [D] [thread 244825] [7.0] [cxt 0] Pipeline 'egress': start
[06:04:34.331] [bmv2] [T] [thread 244825] [7.0] [cxt 0] /home/p4/Desktop/html/p4src/switch.p4(381) Condition "hdr.tag.isValid()" (node_7) is false
[06:04:34.331] [bmv2] [T] [thread 244825] [7.0] [cxt 0] /home/p4/Desktop/html/p4src/switch.p4(386) Condition "hdr.mri.isValid()" (node_9) is false
[06:04:34.331] [bmv2] [D] [thread 244825] [7.0] [cxt 0] Pipeline 'egress': end
[06:04:34.332] [bmv2] [D] [thread 244825] [7.0] [cxt 0] Deparser 'deparser': start
[06:04:34.332] [bmv2] [T] [thread 244825] [7.0] [cxt 0] Skipping checksum 'cksum' update because condition not met
[06:04:34.332] [bmv2] [D] [thread 244825] [7.0] [cxt 0] Deparsing header 'ethernet'
[06:04:34.332] [bmv2] [D] [thread 244825] [7.0] [cxt 0] Deparser 'deparser': end
[06:04:34.332] [bmv2] [D] [thread 244829] [7.0] [cxt 0] Transmitting packet of size 70 out of port 0
[06:04:34.841] [bmv2] [D] [thread 244824] [8.0] [cxt 0] Processing packet received on port 4
[06:04:34.841] [bmv2] [D] [thread 244824] [8.0] [cxt 0] Parser 'parser': start
[06:04:34.841] [bmv2] [D] [thread 244824] [8.0] [cxt 0] Parser 'parser' entering state 'start'
[06:04:34.841] [bmv2] [D] [thread 244824] [8.0] [cxt 0] Extracting header 'ethernet'
[06:04:34.841] [bmv2] [D] [thread 244824] [8.0] [cxt 0] Parser state 'start': key is 86dd
[06:04:34.841] [bmv2] [T] [thread 244824] [8.0] [cxt 0] Bytes parsed: 14
[06:04:34.841] [bmv2] [D] [thread 244824] [8.0] [cxt 0] Parser 'parser': end
[06:04:34.842] [bmv2] [D] [thread 244824] [8.0] [cxt 0] Pipeline 'ingress': start
[06:04:34.842] [bmv2] [T] [thread 244824] [8.0] [cxt 0] /home/p4/Desktop/html/p4src/switch.p4(291) Condition "hdr.ipv4.isValid()" (node_2) is false
[06:04:34.842] [bmv2] [T] [thread 244824] [8.0] [cxt 0] Applying table 'MyIngress.tb_set_role'
[06:04:34.842] [bmv2] [D] [thread 244824] [8.0] [cxt 0] Looking up key:
* standard_metadata.ingress_port: 0004

[06:04:34.842] [bmv2] [D] [thread 244824] [8.0] [cxt 0] Table 'MyIngress.tb_set_role': miss
[06:04:34.842] [bmv2] [D] [thread 244824] [8.0] [cxt 0] Action entry is NoAction - 
[06:04:34.842] [bmv2] [T] [thread 244824] [8.0] [cxt 0] Action NoAction
[06:04:34.842] [bmv2] [D] [thread 244824] [8.0] [cxt 0] Pipeline 'ingress': end
[06:04:34.842] [bmv2] [D] [thread 244824] [8.0] [cxt 0] Egress port is 0
[06:04:34.842] [bmv2] [D] [thread 244825] [8.0] [cxt 0] Pipeline 'egress': start
[06:04:34.842] [bmv2] [T] [thread 244825] [8.0] [cxt 0] /home/p4/Desktop/html/p4src/switch.p4(381) Condition "hdr.tag.isValid()" (node_7) is false
[06:04:34.842] [bmv2] [T] [thread 244825] [8.0] [cxt 0] /home/p4/Desktop/html/p4src/switch.p4(386) Condition "hdr.mri.isValid()" (node_9) is false
[06:04:34.842] [bmv2] [D] [thread 244825] [8.0] [cxt 0] Pipeline 'egress': end
[06:04:34.842] [bmv2] [D] [thread 244825] [8.0] [cxt 0] Deparser 'deparser': start
[06:04:34.842] [bmv2] [T] [thread 244825] [8.0] [cxt 0] Skipping checksum 'cksum' update because condition not met
[06:04:34.842] [bmv2] [D] [thread 244825] [8.0] [cxt 0] Deparsing header 'ethernet'
[06:04:34.842] [bmv2] [D] [thread 244825] [8.0] [cxt 0] Deparser 'deparser': end
[06:04:34.842] [bmv2] [D] [thread 244829] [8.0] [cxt 0] Transmitting packet of size 70 out of port 0
[06:04:35.354] [bmv2] [D] [thread 244824] [9.0] [cxt 0] Processing packet received on port 7
[06:04:35.354] [bmv2] [D] [thread 244824] [9.0] [cxt 0] Parser 'parser': start
[06:04:35.354] [bmv2] [D] [thread 244824] [9.0] [cxt 0] Parser 'parser' entering state 'start'
[06:04:35.354] [bmv2] [D] [thread 244824] [9.0] [cxt 0] Extracting header 'ethernet'
[06:04:35.354] [bmv2] [D] [thread 244824] [9.0] [cxt 0] Parser state 'start': key is 86dd
[06:04:35.354] [bmv2] [T] [thread 244824] [9.0] [cxt 0] Bytes parsed: 14
[06:04:35.354] [bmv2] [D] [thread 244824] [9.0] [cxt 0] Parser 'parser': end
[06:04:35.354] [bmv2] [D] [thread 244824] [9.0] [cxt 0] Pipeline 'ingress': start
[06:04:35.354] [bmv2] [T] [thread 244824] [9.0] [cxt 0] /home/p4/Desktop/html/p4src/switch.p4(291) Condition "hdr.ipv4.isValid()" (node_2) is false
[06:04:35.354] [bmv2] [T] [thread 244824] [9.0] [cxt 0] Applying table 'MyIngress.tb_set_role'
[06:04:35.354] [bmv2] [D] [thread 244824] [9.0] [cxt 0] Looking up key:
* standard_metadata.ingress_port: 0007

[06:04:35.354] [bmv2] [D] [thread 244824] [9.0] [cxt 0] Table 'MyIngress.tb_set_role': miss
[06:04:35.354] [bmv2] [D] [thread 244824] [9.0] [cxt 0] Action entry is NoAction - 
[06:04:35.354] [bmv2] [T] [thread 244824] [9.0] [cxt 0] Action NoAction
[06:04:35.354] [bmv2] [D] [thread 244824] [9.0] [cxt 0] Pipeline 'ingress': end
[06:04:35.354] [bmv2] [D] [thread 244824] [9.0] [cxt 0] Egress port is 0
[06:04:35.355] [bmv2] [D] [thread 244825] [9.0] [cxt 0] Pipeline 'egress': start
[06:04:35.355] [bmv2] [T] [thread 244825] [9.0] [cxt 0] /home/p4/Desktop/html/p4src/switch.p4(381) Condition "hdr.tag.isValid()" (node_7) is false
[06:04:35.355] [bmv2] [T] [thread 244825] [9.0] [cxt 0] /home/p4/Desktop/html/p4src/switch.p4(386) Condition "hdr.mri.isValid()" (node_9) is false
[06:04:35.355] [bmv2] [D] [thread 244825] [9.0] [cxt 0] Pipeline 'egress': end
[06:04:35.355] [bmv2] [D] [thread 244825] [9.0] [cxt 0] Deparser 'deparser': start
[06:04:35.355] [bmv2] [T] [thread 244825] [9.0] [cxt 0] Skipping checksum 'cksum' update because condition not met
[06:04:35.355] [bmv2] [D] [thread 244825] [9.0] [cxt 0] Deparsing header 'ethernet'
[06:04:35.355] [bmv2] [D] [thread 244825] [9.0] [cxt 0] Deparser 'deparser': end
[06:04:35.355] [bmv2] [D] [thread 244829] [9.0] [cxt 0] Transmitting packet of size 70 out of port 0
[06:04:35.609] [bmv2] [D] [thread 244824] [10.0] [cxt 0] Processing packet received on port 7
[06:04:35.609] [bmv2] [D] [thread 244824] [10.0] [cxt 0] Parser 'parser': start
[06:04:35.609] [bmv2] [D] [thread 244824] [10.0] [cxt 0] Parser 'parser' entering state 'start'
[06:04:35.609] [bmv2] [D] [thread 244824] [10.0] [cxt 0] Extracting header 'ethernet'
[06:04:35.609] [bmv2] [D] [thread 244824] [10.0] [cxt 0] Parser state 'start': key is 86dd
[06:04:35.609] [bmv2] [T] [thread 244824] [10.0] [cxt 0] Bytes parsed: 14
[06:04:35.609] [bmv2] [D] [thread 244824] [10.0] [cxt 0] Parser 'parser': end
[06:04:35.609] [bmv2] [D] [thread 244824] [10.0] [cxt 0] Pipeline 'ingress': start
[06:04:35.609] [bmv2] [T] [thread 244824] [10.0] [cxt 0] /home/p4/Desktop/html/p4src/switch.p4(291) Condition "hdr.ipv4.isValid()" (node_2) is false
[06:04:35.610] [bmv2] [T] [thread 244824] [10.0] [cxt 0] Applying table 'MyIngress.tb_set_role'
[06:04:35.610] [bmv2] [D] [thread 244824] [10.0] [cxt 0] Looking up key:
* standard_metadata.ingress_port: 0007

[06:04:35.610] [bmv2] [D] [thread 244824] [10.0] [cxt 0] Table 'MyIngress.tb_set_role': miss
[06:04:35.610] [bmv2] [D] [thread 244824] [10.0] [cxt 0] Action entry is NoAction - 
[06:04:35.610] [bmv2] [T] [thread 244824] [10.0] [cxt 0] Action NoAction
[06:04:35.610] [bmv2] [D] [thread 244824] [10.0] [cxt 0] Pipeline 'ingress': end
[06:04:35.610] [bmv2] [D] [thread 244824] [10.0] [cxt 0] Egress port is 0
[06:04:35.610] [bmv2] [D] [thread 244825] [10.0] [cxt 0] Pipeline 'egress': start
[06:04:35.610] [bmv2] [T] [thread 244825] [10.0] [cxt 0] /home/p4/Desktop/html/p4src/switch.p4(381) Condition "hdr.tag.isValid()" (node_7) is false
[06:04:35.610] [bmv2] [T] [thread 244825] [10.0] [cxt 0] /home/p4/Desktop/html/p4src/switch.p4(386) Condition "hdr.mri.isValid()" (node_9) is false
[06:04:35.610] [bmv2] [D] [thread 244825] [10.0] [cxt 0] Pipeline 'egress': end
[06:04:35.610] [bmv2] [D] [thread 244825] [10.0] [cxt 0] Deparser 'deparser': start
[06:04:35.610] [bmv2] [T] [thread 244825] [10.0] [cxt 0] Skipping checksum 'cksum' update because condition not met
[06:04:35.610] [bmv2] [D] [thread 244825] [10.0] [cxt 0] Deparsing header 'ethernet'
[06:04:35.610] [bmv2] [D] [thread 244825] [10.0] [cxt 0] Deparser 'deparser': end
[06:04:35.611] [bmv2] [D] [thread 244829] [10.0] [cxt 0] Transmitting packet of size 70 out of port 0
[06:04:47.645] [bmv2] [D] [thread 244824] [11.0] [cxt 0] Processing packet received on port 5
[06:04:47.645] [bmv2] [D] [thread 244824] [11.0] [cxt 0] Parser 'parser': start
[06:04:47.646] [bmv2] [D] [thread 244824] [11.0] [cxt 0] Parser 'parser' entering state 'start'
[06:04:47.646] [bmv2] [D] [thread 244824] [11.0] [cxt 0] Extracting header 'ethernet'
[06:04:47.646] [bmv2] [D] [thread 244824] [11.0] [cxt 0] Parser state 'start': key is 86dd
[06:04:47.646] [bmv2] [T] [thread 244824] [11.0] [cxt 0] Bytes parsed: 14
[06:04:47.646] [bmv2] [D] [thread 244824] [11.0] [cxt 0] Parser 'parser': end
[06:04:47.646] [bmv2] [D] [thread 244824] [11.0] [cxt 0] Pipeline 'ingress': start
[06:04:47.646] [bmv2] [T] [thread 244824] [11.0] [cxt 0] /home/p4/Desktop/html/p4src/switch.p4(291) Condition "hdr.ipv4.isValid()" (node_2) is false
[06:04:47.646] [bmv2] [T] [thread 244824] [11.0] [cxt 0] Applying table 'MyIngress.tb_set_role'
[06:04:47.646] [bmv2] [D] [thread 244824] [11.0] [cxt 0] Looking up key:
* standard_metadata.ingress_port: 0005

[06:04:47.646] [bmv2] [D] [thread 244824] [11.0] [cxt 0] Table 'MyIngress.tb_set_role': miss
[06:04:47.646] [bmv2] [D] [thread 244824] [11.0] [cxt 0] Action entry is NoAction - 
[06:04:47.646] [bmv2] [T] [thread 244824] [11.0] [cxt 0] Action NoAction
[06:04:47.646] [bmv2] [D] [thread 244824] [11.0] [cxt 0] Pipeline 'ingress': end
[06:04:47.646] [bmv2] [D] [thread 244824] [11.0] [cxt 0] Egress port is 0
[06:04:47.646] [bmv2] [D] [thread 244825] [11.0] [cxt 0] Pipeline 'egress': start
[06:04:47.646] [bmv2] [T] [thread 244825] [11.0] [cxt 0] /home/p4/Desktop/html/p4src/switch.p4(381) Condition "hdr.tag.isValid()" (node_7) is false
[06:04:47.646] [bmv2] [T] [thread 244825] [11.0] [cxt 0] /home/p4/Desktop/html/p4src/switch.p4(386) Condition "hdr.mri.isValid()" (node_9) is false
[06:04:47.646] [bmv2] [D] [thread 244825] [11.0] [cxt 0] Pipeline 'egress': end
[06:04:47.646] [bmv2] [D] [thread 244825] [11.0] [cxt 0] Deparser 'deparser': start
[06:04:47.646] [bmv2] [T] [thread 244825] [11.0] [cxt 0] Skipping checksum 'cksum' update because condition not met
[06:04:47.646] [bmv2] [D] [thread 244825] [11.0] [cxt 0] Deparsing header 'ethernet'
[06:04:47.646] [bmv2] [D] [thread 244825] [11.0] [cxt 0] Deparser 'deparser': end
[06:04:47.647] [bmv2] [D] [thread 244829] [11.0] [cxt 0] Transmitting packet of size 70 out of port 0
[06:04:51.138] [bmv2] [T] [thread 247189] bm_get_config
[06:04:51.139] [bmv2] [T] [thread 247189] bm_table_add_entry
[06:04:51.140] [bmv2] [D] [thread 247189] Entry 0 added to table 'MyIngress.ipv4_lpm'
[06:04:51.140] [bmv2] [D] [thread 247189] Dumping entry 0
Match key:
* hdr.ipv4.dstAddr              : LPM       0a000101/32
* standard_metadata.ingress_port: EXACT     0002
Action entry: MyIngress.ipv4_forward - a000101,1,

[06:04:51.141] [bmv2] [T] [thread 247189] bm_table_add_entry
[06:04:51.141] [bmv2] [D] [thread 247189] Entry 1 added to table 'MyIngress.ipv4_lpm'
[06:04:51.141] [bmv2] [D] [thread 247189] Dumping entry 1
Match key:
* hdr.ipv4.dstAddr              : LPM       0a000101/32
* standard_metadata.ingress_port: EXACT     0003
Action entry: MyIngress.ipv4_forward - a000101,1,

[06:04:51.141] [bmv2] [T] [thread 247189] bm_table_add_entry
[06:04:51.142] [bmv2] [D] [thread 247189] Entry 2 added to table 'MyIngress.ipv4_lpm'
[06:04:51.142] [bmv2] [D] [thread 247189] Dumping entry 2
Match key:
* hdr.ipv4.dstAddr              : LPM       0a000101/32
* standard_metadata.ingress_port: EXACT     0004
Action entry: MyIngress.ipv4_forward - a000101,1,

[06:04:51.142] [bmv2] [T] [thread 247189] bm_table_add_entry
[06:04:51.142] [bmv2] [D] [thread 247189] Entry 3 added to table 'MyIngress.ipv4_lpm'
[06:04:51.142] [bmv2] [D] [thread 247189] Dumping entry 3
Match key:
* hdr.ipv4.dstAddr              : LPM       0a000101/32
* standard_metadata.ingress_port: EXACT     0005
Action entry: MyIngress.ipv4_forward - a000101,1,

[06:04:51.143] [bmv2] [T] [thread 247189] bm_table_add_entry
[06:04:51.143] [bmv2] [D] [thread 247189] Entry 4 added to table 'MyIngress.ipv4_lpm'
[06:04:51.143] [bmv2] [D] [thread 247189] Dumping entry 4
Match key:
* hdr.ipv4.dstAddr              : LPM       0a000101/32
* standard_metadata.ingress_port: EXACT     0006
Action entry: MyIngress.ipv4_forward - a000101,1,

[06:04:51.144] [bmv2] [T] [thread 247189] bm_table_add_entry
[06:04:51.144] [bmv2] [D] [thread 247189] Entry 5 added to table 'MyIngress.ipv4_lpm'
[06:04:51.144] [bmv2] [D] [thread 247189] Dumping entry 5
Match key:
* hdr.ipv4.dstAddr              : LPM       0a000102/32
* standard_metadata.ingress_port: EXACT     0001
Action entry: MyIngress.ipv4_forward - a000102,2,

[06:04:51.144] [bmv2] [T] [thread 247189] bm_table_add_entry
[06:04:51.145] [bmv2] [D] [thread 247189] Entry 6 added to table 'MyIngress.ipv4_lpm'
[06:04:51.145] [bmv2] [D] [thread 247189] Dumping entry 6
Match key:
* hdr.ipv4.dstAddr              : LPM       0a000102/32
* standard_metadata.ingress_port: EXACT     0003
Action entry: MyIngress.ipv4_forward - a000102,2,

[06:04:51.145] [bmv2] [T] [thread 247189] bm_table_add_entry
[06:04:51.146] [bmv2] [D] [thread 247189] Entry 7 added to table 'MyIngress.ipv4_lpm'
[06:04:51.146] [bmv2] [D] [thread 247189] Dumping entry 7
Match key:
* hdr.ipv4.dstAddr              : LPM       0a000102/32
* standard_metadata.ingress_port: EXACT     0004
Action entry: MyIngress.ipv4_forward - a000102,2,

[06:04:51.147] [bmv2] [T] [thread 247189] bm_table_add_entry
[06:04:51.147] [bmv2] [D] [thread 247189] Entry 8 added to table 'MyIngress.ipv4_lpm'
[06:04:51.147] [bmv2] [D] [thread 247189] Dumping entry 8
Match key:
* hdr.ipv4.dstAddr              : LPM       0a000102/32
* standard_metadata.ingress_port: EXACT     0005
Action entry: MyIngress.ipv4_forward - a000102,2,

[06:04:51.147] [bmv2] [T] [thread 247189] bm_table_add_entry
[06:04:51.147] [bmv2] [D] [thread 247189] Entry 9 added to table 'MyIngress.ipv4_lpm'
[06:04:51.148] [bmv2] [D] [thread 247189] Dumping entry 9
Match key:
* hdr.ipv4.dstAddr              : LPM       0a000102/32
* standard_metadata.ingress_port: EXACT     0006
Action entry: MyIngress.ipv4_forward - a000102,2,

[06:04:51.148] [bmv2] [T] [thread 247189] bm_table_add_entry
[06:04:51.149] [bmv2] [D] [thread 247189] Entry 10 added to table 'MyIngress.ipv4_lpm'
[06:04:51.149] [bmv2] [D] [thread 247189] Dumping entry 10
Match key:
* hdr.ipv4.dstAddr              : LPM       0a000103/32
* standard_metadata.ingress_port: EXACT     0001
Action entry: MyIngress.ipv4_forward - a000103,3,

[06:04:51.149] [bmv2] [T] [thread 247189] bm_table_add_entry
[06:04:51.149] [bmv2] [D] [thread 247189] Entry 11 added to table 'MyIngress.ipv4_lpm'
[06:04:51.149] [bmv2] [D] [thread 247189] Dumping entry 11
Match key:
* hdr.ipv4.dstAddr              : LPM       0a000103/32
* standard_metadata.ingress_port: EXACT     0002
Action entry: MyIngress.ipv4_forward - a000103,3,

[06:04:51.150] [bmv2] [T] [thread 247189] bm_table_add_entry
[06:04:51.150] [bmv2] [D] [thread 247189] Entry 12 added to table 'MyIngress.ipv4_lpm'
[06:04:51.150] [bmv2] [D] [thread 247189] Dumping entry 12
Match key:
* hdr.ipv4.dstAddr              : LPM       0a000103/32
* standard_metadata.ingress_port: EXACT     0004
Action entry: MyIngress.ipv4_forward - a000103,3,

[06:04:51.150] [bmv2] [T] [thread 247189] bm_table_add_entry
[06:04:51.151] [bmv2] [D] [thread 247189] Entry 13 added to table 'MyIngress.ipv4_lpm'
[06:04:51.151] [bmv2] [D] [thread 247189] Dumping entry 13
Match key:
* hdr.ipv4.dstAddr              : LPM       0a000103/32
* standard_metadata.ingress_port: EXACT     0005
Action entry: MyIngress.ipv4_forward - a000103,3,

[06:04:51.151] [bmv2] [T] [thread 247189] bm_table_add_entry
[06:04:51.151] [bmv2] [D] [thread 247189] Entry 14 added to table 'MyIngress.ipv4_lpm'
[06:04:51.151] [bmv2] [D] [thread 247189] Dumping entry 14
Match key:
* hdr.ipv4.dstAddr              : LPM       0a000103/32
* standard_metadata.ingress_port: EXACT     0006
Action entry: MyIngress.ipv4_forward - a000103,3,

[06:04:51.152] [bmv2] [T] [thread 247189] bm_table_add_entry
[06:04:51.152] [bmv2] [D] [thread 247189] Entry 15 added to table 'MyIngress.ipv4_lpm'
[06:04:51.152] [bmv2] [D] [thread 247189] Dumping entry 15
Match key:
* hdr.ipv4.dstAddr              : LPM       0a000101/32
* standard_metadata.ingress_port: EXACT     0001
Action entry: MyIngress.ipv4_forward - a000101,1,

[06:04:51.153] [bmv2] [T] [thread 247189] bm_table_add_entry
[06:04:51.153] [bmv2] [E] [thread 247189] Error when trying to add entry to table 'MyIngress.ipv4_lpm': DUPLICATE_ENTRY
[06:04:51.154] [bmv2] [T] [thread 247189] bm_table_add_entry
[06:04:51.154] [bmv2] [E] [thread 247189] Error when trying to add entry to table 'MyIngress.ipv4_lpm': DUPLICATE_ENTRY
[06:04:51.155] [bmv2] [T] [thread 247189] bm_table_add_entry
[06:04:51.155] [bmv2] [D] [thread 247189] Entry 16 added to table 'MyIngress.ipv4_lpm'
[06:04:51.155] [bmv2] [D] [thread 247189] Dumping entry 16
Match key:
* hdr.ipv4.dstAddr              : LPM       0a000204/32
* standard_metadata.ingress_port: EXACT     0001
Action entry: MyIngress.ipv4_forward - a000204,4,

[06:04:51.155] [bmv2] [T] [thread 247189] bm_table_add_entry
[06:04:51.155] [bmv2] [D] [thread 247189] Entry 17 added to table 'MyIngress.ipv4_lpm'
[06:04:51.156] [bmv2] [D] [thread 247189] Dumping entry 17
Match key:
* hdr.ipv4.dstAddr              : LPM       0a000205/32
* standard_metadata.ingress_port: EXACT     0001
Action entry: MyIngress.ipv4_forward - a000205,5,

[06:04:51.156] [bmv2] [T] [thread 247189] bm_table_add_entry
[06:04:51.157] [bmv2] [D] [thread 247189] Entry 18 added to table 'MyIngress.ipv4_lpm'
[06:04:51.157] [bmv2] [D] [thread 247189] Dumping entry 18
Match key:
* hdr.ipv4.dstAddr              : LPM       0a000206/32
* standard_metadata.ingress_port: EXACT     0001
Action entry: MyIngress.ipv4_forward - a000206,6,

[06:04:51.157] [bmv2] [T] [thread 247189] bm_table_add_entry
[06:04:51.158] [bmv2] [D] [thread 247189] Entry 19 added to table 'MyIngress.ipv4_lpm'
[06:04:51.158] [bmv2] [D] [thread 247189] Dumping entry 19
Match key:
* hdr.ipv4.dstAddr              : LPM       0a000307/32
* standard_metadata.ingress_port: EXACT     0001
Action entry: MyIngress.ipv4_forward - a000307,4,

[06:04:51.158] [bmv2] [T] [thread 247189] bm_table_add_entry
[06:04:51.159] [bmv2] [D] [thread 247189] Entry 20 added to table 'MyIngress.ipv4_lpm'
[06:04:51.159] [bmv2] [D] [thread 247189] Dumping entry 20
Match key:
* hdr.ipv4.dstAddr              : LPM       0a000308/32
* standard_metadata.ingress_port: EXACT     0001
Action entry: MyIngress.ipv4_forward - a000308,5,

[06:04:51.159] [bmv2] [T] [thread 247189] bm_table_add_entry
[06:04:51.159] [bmv2] [D] [thread 247189] Entry 21 added to table 'MyIngress.ipv4_lpm'
[06:04:51.160] [bmv2] [D] [thread 247189] Dumping entry 21
Match key:
* hdr.ipv4.dstAddr              : LPM       0a000309/32
* standard_metadata.ingress_port: EXACT     0001
Action entry: MyIngress.ipv4_forward - a000309,6,

[06:04:51.160] [bmv2] [T] [thread 247189] bm_table_add_entry
[06:04:51.160] [bmv2] [D] [thread 247189] Entry 22 added to table 'MyIngress.ipv4_lpm'
[06:04:51.160] [bmv2] [D] [thread 247189] Dumping entry 22
Match key:
* hdr.ipv4.dstAddr              : LPM       0a00040a/32
* standard_metadata.ingress_port: EXACT     0001
Action entry: MyIngress.ipv4_forward - a00040a,4,

[06:04:51.161] [bmv2] [T] [thread 247189] bm_table_add_entry
[06:04:51.161] [bmv2] [D] [thread 247189] Entry 23 added to table 'MyIngress.ipv4_lpm'
[06:04:51.161] [bmv2] [D] [thread 247189] Dumping entry 23
Match key:
* hdr.ipv4.dstAddr              : LPM       0a00040b/32
* standard_metadata.ingress_port: EXACT     0001
Action entry: MyIngress.ipv4_forward - a00040b,5,

[06:04:51.162] [bmv2] [T] [thread 247189] bm_table_add_entry
[06:04:51.162] [bmv2] [D] [thread 247189] Entry 24 added to table 'MyIngress.ipv4_lpm'
[06:04:51.162] [bmv2] [D] [thread 247189] Dumping entry 24
Match key:
* hdr.ipv4.dstAddr              : LPM       0a00040c/32
* standard_metadata.ingress_port: EXACT     0001
Action entry: MyIngress.ipv4_forward - a00040c,6,

[06:04:51.163] [bmv2] [T] [thread 247189] bm_table_add_entry
[06:04:51.163] [bmv2] [D] [thread 247189] Entry 25 added to table 'MyIngress.ipv4_lpm'
[06:04:51.163] [bmv2] [D] [thread 247189] Dumping entry 25
Match key:
* hdr.ipv4.dstAddr              : LPM       0a00050d/32
* standard_metadata.ingress_port: EXACT     0001
Action entry: MyIngress.ipv4_forward - a00050d,4,

[06:04:51.163] [bmv2] [T] [thread 247189] bm_table_add_entry
[06:04:51.163] [bmv2] [D] [thread 247189] Entry 26 added to table 'MyIngress.ipv4_lpm'
[06:04:51.163] [bmv2] [D] [thread 247189] Dumping entry 26
Match key:
* hdr.ipv4.dstAddr              : LPM       0a00050e/32
* standard_metadata.ingress_port: EXACT     0001
Action entry: MyIngress.ipv4_forward - a00050e,5,

[06:04:51.164] [bmv2] [T] [thread 247189] bm_table_add_entry
[06:04:51.164] [bmv2] [D] [thread 247189] Entry 27 added to table 'MyIngress.ipv4_lpm'
[06:04:51.164] [bmv2] [D] [thread 247189] Dumping entry 27
Match key:
* hdr.ipv4.dstAddr              : LPM       0a00050f/32
* standard_metadata.ingress_port: EXACT     0001
Action entry: MyIngress.ipv4_forward - a00050f,6,

[06:04:51.165] [bmv2] [T] [thread 247189] bm_table_add_entry
[06:04:51.165] [bmv2] [D] [thread 247189] Entry 28 added to table 'MyIngress.ipv4_lpm'
[06:04:51.165] [bmv2] [D] [thread 247189] Dumping entry 28
Match key:
* hdr.ipv4.dstAddr              : LPM       0a000610/32
* standard_metadata.ingress_port: EXACT     0001
Action entry: MyIngress.ipv4_forward - a000610,4,

[06:04:51.166] [bmv2] [T] [thread 247189] bm_table_add_entry
[06:04:51.166] [bmv2] [D] [thread 247189] Entry 29 added to table 'MyIngress.ipv4_lpm'
[06:04:51.166] [bmv2] [D] [thread 247189] Dumping entry 29
Match key:
* hdr.ipv4.dstAddr              : LPM       0a000611/32
* standard_metadata.ingress_port: EXACT     0001
Action entry: MyIngress.ipv4_forward - a000611,5,

[06:04:51.166] [bmv2] [T] [thread 247189] bm_table_add_entry
[06:04:51.166] [bmv2] [D] [thread 247189] Entry 30 added to table 'MyIngress.ipv4_lpm'
[06:04:51.167] [bmv2] [D] [thread 247189] Dumping entry 30
Match key:
* hdr.ipv4.dstAddr              : LPM       0a000612/32
* standard_metadata.ingress_port: EXACT     0001
Action entry: MyIngress.ipv4_forward - a000612,6,

[06:04:51.167] [bmv2] [T] [thread 247189] bm_table_add_entry
[06:04:51.167] [bmv2] [D] [thread 247189] Entry 31 added to table 'MyIngress.ipv4_lpm'
[06:04:51.167] [bmv2] [D] [thread 247189] Dumping entry 31
Match key:
* hdr.ipv4.dstAddr              : LPM       0a000713/32
* standard_metadata.ingress_port: EXACT     0001
Action entry: MyIngress.ipv4_forward - a000713,4,

[06:04:51.168] [bmv2] [T] [thread 247189] bm_table_add_entry
[06:04:51.168] [bmv2] [D] [thread 247189] Entry 32 added to table 'MyIngress.ipv4_lpm'
[06:04:51.168] [bmv2] [D] [thread 247189] Dumping entry 32
Match key:
* hdr.ipv4.dstAddr              : LPM       0a000714/32
* standard_metadata.ingress_port: EXACT     0001
Action entry: MyIngress.ipv4_forward - a000714,5,

[06:04:51.169] [bmv2] [T] [thread 247189] bm_table_add_entry
[06:04:51.169] [bmv2] [D] [thread 247189] Entry 33 added to table 'MyIngress.ipv4_lpm'
[06:04:51.169] [bmv2] [D] [thread 247189] Dumping entry 33
Match key:
* hdr.ipv4.dstAddr              : LPM       0a000715/32
* standard_metadata.ingress_port: EXACT     0001
Action entry: MyIngress.ipv4_forward - a000715,6,

[06:04:51.170] [bmv2] [T] [thread 247189] bm_table_add_entry
[06:04:51.170] [bmv2] [D] [thread 247189] Entry 34 added to table 'MyIngress.ipv4_lpm'
[06:04:51.170] [bmv2] [D] [thread 247189] Dumping entry 34
Match key:
* hdr.ipv4.dstAddr              : LPM       0a000816/32
* standard_metadata.ingress_port: EXACT     0001
Action entry: MyIngress.ipv4_forward - a000816,4,

[06:04:51.171] [bmv2] [T] [thread 247189] bm_table_add_entry
[06:04:51.171] [bmv2] [D] [thread 247189] Entry 35 added to table 'MyIngress.ipv4_lpm'
[06:04:51.171] [bmv2] [D] [thread 247189] Dumping entry 35
Match key:
* hdr.ipv4.dstAddr              : LPM       0a000817/32
* standard_metadata.ingress_port: EXACT     0001
Action entry: MyIngress.ipv4_forward - a000817,5,

[06:04:51.172] [bmv2] [T] [thread 247189] bm_table_add_entry
[06:04:51.172] [bmv2] [D] [thread 247189] Entry 36 added to table 'MyIngress.ipv4_lpm'
[06:04:51.172] [bmv2] [D] [thread 247189] Dumping entry 36
Match key:
* hdr.ipv4.dstAddr              : LPM       0a000818/32
* standard_metadata.ingress_port: EXACT     0001
Action entry: MyIngress.ipv4_forward - a000818,6,

[06:04:51.172] [bmv2] [T] [thread 247189] bm_table_add_entry
[06:04:51.173] [bmv2] [D] [thread 247189] Entry 37 added to table 'MyIngress.ipv4_lpm'
[06:04:51.173] [bmv2] [D] [thread 247189] Dumping entry 37
Match key:
* hdr.ipv4.dstAddr              : LPM       0a000919/32
* standard_metadata.ingress_port: EXACT     0001
Action entry: MyIngress.ipv4_forward - a000919,4,

[06:04:51.173] [bmv2] [T] [thread 247189] bm_table_add_entry
[06:04:51.173] [bmv2] [D] [thread 247189] Entry 38 added to table 'MyIngress.ipv4_lpm'
[06:04:51.173] [bmv2] [D] [thread 247189] Dumping entry 38
Match key:
* hdr.ipv4.dstAddr              : LPM       0a00091a/32
* standard_metadata.ingress_port: EXACT     0001
Action entry: MyIngress.ipv4_forward - a00091a,5,

[06:04:51.174] [bmv2] [T] [thread 247189] bm_table_add_entry
[06:04:51.174] [bmv2] [D] [thread 247189] Entry 39 added to table 'MyIngress.ipv4_lpm'
[06:04:51.174] [bmv2] [D] [thread 247189] Dumping entry 39
Match key:
* hdr.ipv4.dstAddr              : LPM       0a00091b/32
* standard_metadata.ingress_port: EXACT     0001
Action entry: MyIngress.ipv4_forward - a00091b,6,

[06:04:51.175] [bmv2] [T] [thread 247189] bm_table_add_entry
[06:04:51.175] [bmv2] [D] [thread 247189] Entry 40 added to table 'MyIngress.ipv4_lpm'
[06:04:51.175] [bmv2] [D] [thread 247189] Dumping entry 40
Match key:
* hdr.ipv4.dstAddr              : LPM       0a000a1c/32
* standard_metadata.ingress_port: EXACT     0001
Action entry: MyIngress.ipv4_forward - a000a1c,4,

[06:04:51.175] [bmv2] [T] [thread 247189] bm_table_add_entry
[06:04:51.176] [bmv2] [D] [thread 247189] Entry 41 added to table 'MyIngress.ipv4_lpm'
[06:04:51.176] [bmv2] [D] [thread 247189] Dumping entry 41
Match key:
* hdr.ipv4.dstAddr              : LPM       0a000a1d/32
* standard_metadata.ingress_port: EXACT     0001
Action entry: MyIngress.ipv4_forward - a000a1d,5,

[06:04:51.177] [bmv2] [T] [thread 247189] bm_table_add_entry
[06:04:51.177] [bmv2] [D] [thread 247189] Entry 42 added to table 'MyIngress.ipv4_lpm'
[06:04:51.177] [bmv2] [D] [thread 247189] Dumping entry 42
Match key:
* hdr.ipv4.dstAddr              : LPM       0a000a1e/32
* standard_metadata.ingress_port: EXACT     0001
Action entry: MyIngress.ipv4_forward - a000a1e,6,

[06:04:51.177] [bmv2] [T] [thread 247189] bm_table_add_entry
[06:04:51.178] [bmv2] [D] [thread 247189] Entry 43 added to table 'MyIngress.ipv4_lpm'
[06:04:51.178] [bmv2] [D] [thread 247189] Dumping entry 43
Match key:
* hdr.ipv4.dstAddr              : LPM       0a000b1f/32
* standard_metadata.ingress_port: EXACT     0001
Action entry: MyIngress.ipv4_forward - a000b1f,4,

[06:04:51.178] [bmv2] [T] [thread 247189] bm_table_add_entry
[06:04:51.178] [bmv2] [D] [thread 247189] Entry 44 added to table 'MyIngress.ipv4_lpm'
[06:04:51.178] [bmv2] [D] [thread 247189] Dumping entry 44
Match key:
* hdr.ipv4.dstAddr              : LPM       0a000b20/32
* standard_metadata.ingress_port: EXACT     0001
Action entry: MyIngress.ipv4_forward - a000b20,5,

[06:04:51.179] [bmv2] [T] [thread 247189] bm_table_add_entry
[06:04:51.179] [bmv2] [D] [thread 247189] Entry 45 added to table 'MyIngress.ipv4_lpm'
[06:04:51.179] [bmv2] [D] [thread 247189] Dumping entry 45
Match key:
* hdr.ipv4.dstAddr              : LPM       0a000b21/32
* standard_metadata.ingress_port: EXACT     0001
Action entry: MyIngress.ipv4_forward - a000b21,6,

[06:04:51.180] [bmv2] [T] [thread 247189] bm_table_add_entry
[06:04:51.180] [bmv2] [D] [thread 247189] Entry 46 added to table 'MyIngress.ipv4_lpm'
[06:04:51.180] [bmv2] [D] [thread 247189] Dumping entry 46
Match key:
* hdr.ipv4.dstAddr              : LPM       0a000c22/32
* standard_metadata.ingress_port: EXACT     0001
Action entry: MyIngress.ipv4_forward - a000c22,4,

[06:04:51.180] [bmv2] [T] [thread 247189] bm_table_add_entry
[06:04:51.181] [bmv2] [D] [thread 247189] Entry 47 added to table 'MyIngress.ipv4_lpm'
[06:04:51.181] [bmv2] [D] [thread 247189] Dumping entry 47
Match key:
* hdr.ipv4.dstAddr              : LPM       0a000c23/32
* standard_metadata.ingress_port: EXACT     0001
Action entry: MyIngress.ipv4_forward - a000c23,5,

[06:04:51.181] [bmv2] [T] [thread 247189] bm_table_add_entry
[06:04:51.181] [bmv2] [D] [thread 247189] Entry 48 added to table 'MyIngress.ipv4_lpm'
[06:04:51.181] [bmv2] [D] [thread 247189] Dumping entry 48
Match key:
* hdr.ipv4.dstAddr              : LPM       0a000c24/32
* standard_metadata.ingress_port: EXACT     0001
Action entry: MyIngress.ipv4_forward - a000c24,6,

[06:04:51.182] [bmv2] [T] [thread 247189] bm_table_add_entry
[06:04:51.182] [bmv2] [D] [thread 247189] Entry 49 added to table 'MyIngress.ipv4_lpm'
[06:04:51.182] [bmv2] [D] [thread 247189] Dumping entry 49
Match key:
* hdr.ipv4.dstAddr              : LPM       0a000d25/32
* standard_metadata.ingress_port: EXACT     0001
Action entry: MyIngress.ipv4_forward - a000d25,4,

[06:04:51.183] [bmv2] [T] [thread 247189] bm_table_add_entry
[06:04:51.183] [bmv2] [D] [thread 247189] Entry 50 added to table 'MyIngress.ipv4_lpm'
[06:04:51.183] [bmv2] [D] [thread 247189] Dumping entry 50
Match key:
* hdr.ipv4.dstAddr              : LPM       0a000d26/32
* standard_metadata.ingress_port: EXACT     0001
Action entry: MyIngress.ipv4_forward - a000d26,5,

[06:04:51.183] [bmv2] [T] [thread 247189] bm_table_add_entry
[06:04:51.184] [bmv2] [D] [thread 247189] Entry 51 added to table 'MyIngress.ipv4_lpm'
[06:04:51.184] [bmv2] [D] [thread 247189] Dumping entry 51
Match key:
* hdr.ipv4.dstAddr              : LPM       0a000d27/32
* standard_metadata.ingress_port: EXACT     0001
Action entry: MyIngress.ipv4_forward - a000d27,6,

[06:04:51.184] [bmv2] [T] [thread 247189] bm_table_add_entry
[06:04:51.184] [bmv2] [D] [thread 247189] Entry 52 added to table 'MyIngress.ipv4_lpm'
[06:04:51.184] [bmv2] [D] [thread 247189] Dumping entry 52
Match key:
* hdr.ipv4.dstAddr              : LPM       0a000e28/32
* standard_metadata.ingress_port: EXACT     0001
Action entry: MyIngress.ipv4_forward - a000e28,4,

[06:04:51.185] [bmv2] [T] [thread 247189] bm_table_add_entry
[06:04:51.185] [bmv2] [D] [thread 247189] Entry 53 added to table 'MyIngress.ipv4_lpm'
[06:04:51.185] [bmv2] [D] [thread 247189] Dumping entry 53
Match key:
* hdr.ipv4.dstAddr              : LPM       0a000e29/32
* standard_metadata.ingress_port: EXACT     0001
Action entry: MyIngress.ipv4_forward - a000e29,5,

[06:04:51.186] [bmv2] [T] [thread 247189] bm_table_add_entry
[06:04:51.186] [bmv2] [D] [thread 247189] Entry 54 added to table 'MyIngress.ipv4_lpm'
[06:04:51.186] [bmv2] [D] [thread 247189] Dumping entry 54
Match key:
* hdr.ipv4.dstAddr              : LPM       0a000e2a/32
* standard_metadata.ingress_port: EXACT     0001
Action entry: MyIngress.ipv4_forward - a000e2a,6,

[06:04:51.186] [bmv2] [T] [thread 247189] bm_table_add_entry
[06:04:51.186] [bmv2] [D] [thread 247189] Entry 55 added to table 'MyIngress.ipv4_lpm'
[06:04:51.187] [bmv2] [D] [thread 247189] Dumping entry 55
Match key:
* hdr.ipv4.dstAddr              : LPM       0a000f2b/32
* standard_metadata.ingress_port: EXACT     0001
Action entry: MyIngress.ipv4_forward - a000f2b,4,

[06:04:51.187] [bmv2] [T] [thread 247189] bm_table_add_entry
[06:04:51.187] [bmv2] [D] [thread 247189] Entry 56 added to table 'MyIngress.ipv4_lpm'
[06:04:51.187] [bmv2] [D] [thread 247189] Dumping entry 56
Match key:
* hdr.ipv4.dstAddr              : LPM       0a000f2c/32
* standard_metadata.ingress_port: EXACT     0001
Action entry: MyIngress.ipv4_forward - a000f2c,5,

[06:04:51.188] [bmv2] [T] [thread 247189] bm_table_add_entry
[06:04:51.188] [bmv2] [D] [thread 247189] Entry 57 added to table 'MyIngress.ipv4_lpm'
[06:04:51.188] [bmv2] [D] [thread 247189] Dumping entry 57
Match key:
* hdr.ipv4.dstAddr              : LPM       0a000f2d/32
* standard_metadata.ingress_port: EXACT     0001
Action entry: MyIngress.ipv4_forward - a000f2d,6,

[06:04:51.189] [bmv2] [T] [thread 247189] bm_table_add_entry
[06:04:51.189] [bmv2] [D] [thread 247189] Entry 58 added to table 'MyIngress.ipv4_lpm'
[06:04:51.189] [bmv2] [D] [thread 247189] Dumping entry 58
Match key:
* hdr.ipv4.dstAddr              : LPM       0a00102e/32
* standard_metadata.ingress_port: EXACT     0001
Action entry: MyIngress.ipv4_forward - a00102e,4,

[06:04:51.189] [bmv2] [T] [thread 247189] bm_table_add_entry
[06:04:51.190] [bmv2] [D] [thread 247189] Entry 59 added to table 'MyIngress.ipv4_lpm'
[06:04:51.190] [bmv2] [D] [thread 247189] Dumping entry 59
Match key:
* hdr.ipv4.dstAddr              : LPM       0a00102f/32
* standard_metadata.ingress_port: EXACT     0001
Action entry: MyIngress.ipv4_forward - a00102f,5,

[06:04:51.190] [bmv2] [T] [thread 247189] bm_table_add_entry
[06:04:51.190] [bmv2] [D] [thread 247189] Entry 60 added to table 'MyIngress.ipv4_lpm'
[06:04:51.190] [bmv2] [D] [thread 247189] Dumping entry 60
Match key:
* hdr.ipv4.dstAddr              : LPM       0a001030/32
* standard_metadata.ingress_port: EXACT     0001
Action entry: MyIngress.ipv4_forward - a001030,6,

[06:04:51.191] [bmv2] [T] [thread 247189] bm_table_add_entry
[06:04:51.191] [bmv2] [D] [thread 247189] Entry 61 added to table 'MyIngress.ipv4_lpm'
[06:04:51.191] [bmv2] [D] [thread 247189] Dumping entry 61
Match key:
* hdr.ipv4.dstAddr              : LPM       0a001131/32
* standard_metadata.ingress_port: EXACT     0001
Action entry: MyIngress.ipv4_forward - a001131,4,

[06:04:51.192] [bmv2] [T] [thread 247189] bm_table_add_entry
[06:04:51.192] [bmv2] [D] [thread 247189] Entry 62 added to table 'MyIngress.ipv4_lpm'
[06:04:51.192] [bmv2] [D] [thread 247189] Dumping entry 62
Match key:
* hdr.ipv4.dstAddr              : LPM       0a001132/32
* standard_metadata.ingress_port: EXACT     0001
Action entry: MyIngress.ipv4_forward - a001132,5,

[06:04:51.193] [bmv2] [T] [thread 247189] bm_table_add_entry
[06:04:51.193] [bmv2] [D] [thread 247189] Entry 63 added to table 'MyIngress.ipv4_lpm'
[06:04:51.193] [bmv2] [D] [thread 247189] Dumping entry 63
Match key:
* hdr.ipv4.dstAddr              : LPM       0a001133/32
* standard_metadata.ingress_port: EXACT     0001
Action entry: MyIngress.ipv4_forward - a001133,6,

[06:04:51.194] [bmv2] [T] [thread 247189] bm_table_add_entry
[06:04:51.194] [bmv2] [D] [thread 247189] Entry 64 added to table 'MyIngress.ipv4_lpm'
[06:04:51.194] [bmv2] [D] [thread 247189] Dumping entry 64
Match key:
* hdr.ipv4.dstAddr              : LPM       0a001234/32
* standard_metadata.ingress_port: EXACT     0001
Action entry: MyIngress.ipv4_forward - a001234,4,

[06:04:51.195] [bmv2] [T] [thread 247189] bm_table_add_entry
[06:04:51.195] [bmv2] [D] [thread 247189] Entry 65 added to table 'MyIngress.ipv4_lpm'
[06:04:51.195] [bmv2] [D] [thread 247189] Dumping entry 65
Match key:
* hdr.ipv4.dstAddr              : LPM       0a001235/32
* standard_metadata.ingress_port: EXACT     0001
Action entry: MyIngress.ipv4_forward - a001235,5,

[06:04:51.196] [bmv2] [T] [thread 247189] bm_table_add_entry
[06:04:51.196] [bmv2] [D] [thread 247189] Entry 66 added to table 'MyIngress.ipv4_lpm'
[06:04:51.196] [bmv2] [D] [thread 247189] Dumping entry 66
Match key:
* hdr.ipv4.dstAddr              : LPM       0a001236/32
* standard_metadata.ingress_port: EXACT     0001
Action entry: MyIngress.ipv4_forward - a001236,6,

[06:04:51.197] [bmv2] [T] [thread 247189] bm_table_add_entry
[06:04:51.197] [bmv2] [E] [thread 247189] Error when trying to add entry to table 'MyIngress.ipv4_lpm': DUPLICATE_ENTRY
[06:04:51.197] [bmv2] [T] [thread 247189] bm_table_add_entry
[06:04:51.198] [bmv2] [D] [thread 247189] Entry 67 added to table 'MyIngress.ipv4_lpm'
[06:04:51.198] [bmv2] [D] [thread 247189] Dumping entry 67
Match key:
* hdr.ipv4.dstAddr              : LPM       0a000102/32
* standard_metadata.ingress_port: EXACT     0002
Action entry: MyIngress.ipv4_forward - a000102,2,

[06:04:51.198] [bmv2] [T] [thread 247189] bm_table_add_entry
[06:04:51.198] [bmv2] [E] [thread 247189] Error when trying to add entry to table 'MyIngress.ipv4_lpm': DUPLICATE_ENTRY
[06:04:51.199] [bmv2] [T] [thread 247189] bm_table_add_entry
[06:04:51.199] [bmv2] [D] [thread 247189] Entry 68 added to table 'MyIngress.ipv4_lpm'
[06:04:51.199] [bmv2] [D] [thread 247189] Dumping entry 68
Match key:
* hdr.ipv4.dstAddr              : LPM       0a000204/32
* standard_metadata.ingress_port: EXACT     0002
Action entry: MyIngress.ipv4_forward - a000204,4,

[06:04:51.200] [bmv2] [T] [thread 247189] bm_table_add_entry
[06:04:51.200] [bmv2] [D] [thread 247189] Entry 69 added to table 'MyIngress.ipv4_lpm'
[06:04:51.200] [bmv2] [D] [thread 247189] Dumping entry 69
Match key:
* hdr.ipv4.dstAddr              : LPM       0a000205/32
* standard_metadata.ingress_port: EXACT     0002
Action entry: MyIngress.ipv4_forward - a000205,5,

[06:04:51.201] [bmv2] [T] [thread 247189] bm_table_add_entry
[06:04:51.201] [bmv2] [D] [thread 247189] Entry 70 added to table 'MyIngress.ipv4_lpm'
[06:04:51.201] [bmv2] [D] [thread 247189] Dumping entry 70
Match key:
* hdr.ipv4.dstAddr              : LPM       0a000206/32
* standard_metadata.ingress_port: EXACT     0002
Action entry: MyIngress.ipv4_forward - a000206,6,

[06:04:51.201] [bmv2] [T] [thread 247189] bm_table_add_entry
[06:04:51.202] [bmv2] [D] [thread 247189] Entry 71 added to table 'MyIngress.ipv4_lpm'
[06:04:51.202] [bmv2] [D] [thread 247189] Dumping entry 71
Match key:
* hdr.ipv4.dstAddr              : LPM       0a000307/32
* standard_metadata.ingress_port: EXACT     0002
Action entry: MyIngress.ipv4_forward - a000307,4,

[06:04:51.202] [bmv2] [T] [thread 247189] bm_table_add_entry
[06:04:51.202] [bmv2] [D] [thread 247189] Entry 72 added to table 'MyIngress.ipv4_lpm'
[06:04:51.202] [bmv2] [D] [thread 247189] Dumping entry 72
Match key:
* hdr.ipv4.dstAddr              : LPM       0a000308/32
* standard_metadata.ingress_port: EXACT     0002
Action entry: MyIngress.ipv4_forward - a000308,5,

[06:04:51.203] [bmv2] [T] [thread 247189] bm_table_add_entry
[06:04:51.203] [bmv2] [D] [thread 247189] Entry 73 added to table 'MyIngress.ipv4_lpm'
[06:04:51.203] [bmv2] [D] [thread 247189] Dumping entry 73
Match key:
* hdr.ipv4.dstAddr              : LPM       0a000309/32
* standard_metadata.ingress_port: EXACT     0002
Action entry: MyIngress.ipv4_forward - a000309,6,

[06:04:51.204] [bmv2] [T] [thread 247189] bm_table_add_entry
[06:04:51.204] [bmv2] [D] [thread 247189] Entry 74 added to table 'MyIngress.ipv4_lpm'
[06:04:51.204] [bmv2] [D] [thread 247189] Dumping entry 74
Match key:
* hdr.ipv4.dstAddr              : LPM       0a00040a/32
* standard_metadata.ingress_port: EXACT     0002
Action entry: MyIngress.ipv4_forward - a00040a,4,

[06:04:51.205] [bmv2] [T] [thread 247189] bm_table_add_entry
[06:04:51.205] [bmv2] [D] [thread 247189] Entry 75 added to table 'MyIngress.ipv4_lpm'
[06:04:51.205] [bmv2] [D] [thread 247189] Dumping entry 75
Match key:
* hdr.ipv4.dstAddr              : LPM       0a00040b/32
* standard_metadata.ingress_port: EXACT     0002
Action entry: MyIngress.ipv4_forward - a00040b,5,

[06:04:51.206] [bmv2] [T] [thread 247189] bm_table_add_entry
[06:04:51.206] [bmv2] [D] [thread 247189] Entry 76 added to table 'MyIngress.ipv4_lpm'
[06:04:51.206] [bmv2] [D] [thread 247189] Dumping entry 76
Match key:
* hdr.ipv4.dstAddr              : LPM       0a00040c/32
* standard_metadata.ingress_port: EXACT     0002
Action entry: MyIngress.ipv4_forward - a00040c,6,

[06:04:51.207] [bmv2] [T] [thread 247189] bm_table_add_entry
[06:04:51.207] [bmv2] [D] [thread 247189] Entry 77 added to table 'MyIngress.ipv4_lpm'
[06:04:51.207] [bmv2] [D] [thread 247189] Dumping entry 77
Match key:
* hdr.ipv4.dstAddr              : LPM       0a00050d/32
* standard_metadata.ingress_port: EXACT     0002
Action entry: MyIngress.ipv4_forward - a00050d,4,

[06:04:51.208] [bmv2] [T] [thread 247189] bm_table_add_entry
[06:04:51.208] [bmv2] [D] [thread 247189] Entry 78 added to table 'MyIngress.ipv4_lpm'
[06:04:51.208] [bmv2] [D] [thread 247189] Dumping entry 78
Match key:
* hdr.ipv4.dstAddr              : LPM       0a00050e/32
* standard_metadata.ingress_port: EXACT     0002
Action entry: MyIngress.ipv4_forward - a00050e,5,

[06:04:51.209] [bmv2] [T] [thread 247189] bm_table_add_entry
[06:04:51.209] [bmv2] [D] [thread 247189] Entry 79 added to table 'MyIngress.ipv4_lpm'
[06:04:51.209] [bmv2] [D] [thread 247189] Dumping entry 79
Match key:
* hdr.ipv4.dstAddr              : LPM       0a00050f/32
* standard_metadata.ingress_port: EXACT     0002
Action entry: MyIngress.ipv4_forward - a00050f,6,

[06:04:51.210] [bmv2] [T] [thread 247189] bm_table_add_entry
[06:04:51.210] [bmv2] [D] [thread 247189] Entry 80 added to table 'MyIngress.ipv4_lpm'
[06:04:51.211] [bmv2] [D] [thread 247189] Dumping entry 80
Match key:
* hdr.ipv4.dstAddr              : LPM       0a000610/32
* standard_metadata.ingress_port: EXACT     0002
Action entry: MyIngress.ipv4_forward - a000610,4,

[06:04:51.211] [bmv2] [T] [thread 247189] bm_table_add_entry
[06:04:51.211] [bmv2] [D] [thread 247189] Entry 81 added to table 'MyIngress.ipv4_lpm'
[06:04:51.212] [bmv2] [D] [thread 247189] Dumping entry 81
Match key:
* hdr.ipv4.dstAddr              : LPM       0a000611/32
* standard_metadata.ingress_port: EXACT     0002
Action entry: MyIngress.ipv4_forward - a000611,5,

[06:04:51.212] [bmv2] [T] [thread 247189] bm_table_add_entry
[06:04:51.212] [bmv2] [D] [thread 247189] Entry 82 added to table 'MyIngress.ipv4_lpm'
[06:04:51.213] [bmv2] [D] [thread 247189] Dumping entry 82
Match key:
* hdr.ipv4.dstAddr              : LPM       0a000612/32
* standard_metadata.ingress_port: EXACT     0002
Action entry: MyIngress.ipv4_forward - a000612,6,

[06:04:51.213] [bmv2] [T] [thread 247189] bm_table_add_entry
[06:04:51.214] [bmv2] [D] [thread 247189] Entry 83 added to table 'MyIngress.ipv4_lpm'
[06:04:51.214] [bmv2] [D] [thread 247189] Dumping entry 83
Match key:
* hdr.ipv4.dstAddr              : LPM       0a000713/32
* standard_metadata.ingress_port: EXACT     0002
Action entry: MyIngress.ipv4_forward - a000713,4,

[06:04:51.214] [bmv2] [T] [thread 247189] bm_table_add_entry
[06:04:51.215] [bmv2] [D] [thread 247189] Entry 84 added to table 'MyIngress.ipv4_lpm'
[06:04:51.215] [bmv2] [D] [thread 247189] Dumping entry 84
Match key:
* hdr.ipv4.dstAddr              : LPM       0a000714/32
* standard_metadata.ingress_port: EXACT     0002
Action entry: MyIngress.ipv4_forward - a000714,5,

[06:04:51.215] [bmv2] [T] [thread 247189] bm_table_add_entry
[06:04:51.215] [bmv2] [D] [thread 247189] Entry 85 added to table 'MyIngress.ipv4_lpm'
[06:04:51.216] [bmv2] [D] [thread 247189] Dumping entry 85
Match key:
* hdr.ipv4.dstAddr              : LPM       0a000715/32
* standard_metadata.ingress_port: EXACT     0002
Action entry: MyIngress.ipv4_forward - a000715,6,

[06:04:51.216] [bmv2] [T] [thread 247189] bm_table_add_entry
[06:04:51.216] [bmv2] [D] [thread 247189] Entry 86 added to table 'MyIngress.ipv4_lpm'
[06:04:51.216] [bmv2] [D] [thread 247189] Dumping entry 86
Match key:
* hdr.ipv4.dstAddr              : LPM       0a000816/32
* standard_metadata.ingress_port: EXACT     0002
Action entry: MyIngress.ipv4_forward - a000816,4,

[06:04:51.217] [bmv2] [T] [thread 247189] bm_table_add_entry
[06:04:51.217] [bmv2] [D] [thread 247189] Entry 87 added to table 'MyIngress.ipv4_lpm'
[06:04:51.217] [bmv2] [D] [thread 247189] Dumping entry 87
Match key:
* hdr.ipv4.dstAddr              : LPM       0a000817/32
* standard_metadata.ingress_port: EXACT     0002
Action entry: MyIngress.ipv4_forward - a000817,5,

[06:04:51.218] [bmv2] [T] [thread 247189] bm_table_add_entry
[06:04:51.218] [bmv2] [D] [thread 247189] Entry 88 added to table 'MyIngress.ipv4_lpm'
[06:04:51.218] [bmv2] [D] [thread 247189] Dumping entry 88
Match key:
* hdr.ipv4.dstAddr              : LPM       0a000818/32
* standard_metadata.ingress_port: EXACT     0002
Action entry: MyIngress.ipv4_forward - a000818,6,

[06:04:51.219] [bmv2] [T] [thread 247189] bm_table_add_entry
[06:04:51.219] [bmv2] [D] [thread 247189] Entry 89 added to table 'MyIngress.ipv4_lpm'
[06:04:51.219] [bmv2] [D] [thread 247189] Dumping entry 89
Match key:
* hdr.ipv4.dstAddr              : LPM       0a000919/32
* standard_metadata.ingress_port: EXACT     0002
Action entry: MyIngress.ipv4_forward - a000919,4,

[06:04:51.219] [bmv2] [T] [thread 247189] bm_table_add_entry
[06:04:51.219] [bmv2] [D] [thread 247189] Entry 90 added to table 'MyIngress.ipv4_lpm'
[06:04:51.220] [bmv2] [D] [thread 247189] Dumping entry 90
Match key:
* hdr.ipv4.dstAddr              : LPM       0a00091a/32
* standard_metadata.ingress_port: EXACT     0002
Action entry: MyIngress.ipv4_forward - a00091a,5,

[06:04:51.220] [bmv2] [T] [thread 247189] bm_table_add_entry
[06:04:51.220] [bmv2] [D] [thread 247189] Entry 91 added to table 'MyIngress.ipv4_lpm'
[06:04:51.221] [bmv2] [D] [thread 247189] Dumping entry 91
Match key:
* hdr.ipv4.dstAddr              : LPM       0a00091b/32
* standard_metadata.ingress_port: EXACT     0002
Action entry: MyIngress.ipv4_forward - a00091b,6,

[06:04:51.221] [bmv2] [T] [thread 247189] bm_table_add_entry
[06:04:51.221] [bmv2] [D] [thread 247189] Entry 92 added to table 'MyIngress.ipv4_lpm'
[06:04:51.221] [bmv2] [D] [thread 247189] Dumping entry 92
Match key:
* hdr.ipv4.dstAddr              : LPM       0a000a1c/32
* standard_metadata.ingress_port: EXACT     0002
Action entry: MyIngress.ipv4_forward - a000a1c,4,

[06:04:51.222] [bmv2] [T] [thread 247189] bm_table_add_entry
[06:04:51.222] [bmv2] [D] [thread 247189] Entry 93 added to table 'MyIngress.ipv4_lpm'
[06:04:51.222] [bmv2] [D] [thread 247189] Dumping entry 93
Match key:
* hdr.ipv4.dstAddr              : LPM       0a000a1d/32
* standard_metadata.ingress_port: EXACT     0002
Action entry: MyIngress.ipv4_forward - a000a1d,5,

[06:04:51.222] [bmv2] [T] [thread 247189] bm_table_add_entry
[06:04:51.223] [bmv2] [D] [thread 247189] Entry 94 added to table 'MyIngress.ipv4_lpm'
[06:04:51.223] [bmv2] [D] [thread 247189] Dumping entry 94
Match key:
* hdr.ipv4.dstAddr              : LPM       0a000a1e/32
* standard_metadata.ingress_port: EXACT     0002
Action entry: MyIngress.ipv4_forward - a000a1e,6,

[06:04:51.223] [bmv2] [T] [thread 247189] bm_table_add_entry
[06:04:51.223] [bmv2] [D] [thread 247189] Entry 95 added to table 'MyIngress.ipv4_lpm'
[06:04:51.224] [bmv2] [D] [thread 247189] Dumping entry 95
Match key:
* hdr.ipv4.dstAddr              : LPM       0a000b1f/32
* standard_metadata.ingress_port: EXACT     0002
Action entry: MyIngress.ipv4_forward - a000b1f,4,

[06:04:51.225] [bmv2] [T] [thread 247189] bm_table_add_entry
[06:04:51.225] [bmv2] [D] [thread 247189] Entry 96 added to table 'MyIngress.ipv4_lpm'
[06:04:51.225] [bmv2] [D] [thread 247189] Dumping entry 96
Match key:
* hdr.ipv4.dstAddr              : LPM       0a000b20/32
* standard_metadata.ingress_port: EXACT     0002
Action entry: MyIngress.ipv4_forward - a000b20,5,

[06:04:51.225] [bmv2] [T] [thread 247189] bm_table_add_entry
[06:04:51.225] [bmv2] [D] [thread 247189] Entry 97 added to table 'MyIngress.ipv4_lpm'
[06:04:51.225] [bmv2] [D] [thread 247189] Dumping entry 97
Match key:
* hdr.ipv4.dstAddr              : LPM       0a000b21/32
* standard_metadata.ingress_port: EXACT     0002
Action entry: MyIngress.ipv4_forward - a000b21,6,

[06:04:51.226] [bmv2] [T] [thread 247189] bm_table_add_entry
[06:04:51.226] [bmv2] [D] [thread 247189] Entry 98 added to table 'MyIngress.ipv4_lpm'
[06:04:51.226] [bmv2] [D] [thread 247189] Dumping entry 98
Match key:
* hdr.ipv4.dstAddr              : LPM       0a000c22/32
* standard_metadata.ingress_port: EXACT     0002
Action entry: MyIngress.ipv4_forward - a000c22,4,

[06:04:51.227] [bmv2] [T] [thread 247189] bm_table_add_entry
[06:04:51.227] [bmv2] [D] [thread 247189] Entry 99 added to table 'MyIngress.ipv4_lpm'
[06:04:51.227] [bmv2] [D] [thread 247189] Dumping entry 99
Match key:
* hdr.ipv4.dstAddr              : LPM       0a000c23/32
* standard_metadata.ingress_port: EXACT     0002
Action entry: MyIngress.ipv4_forward - a000c23,5,

[06:04:51.228] [bmv2] [T] [thread 247189] bm_table_add_entry
[06:04:51.228] [bmv2] [D] [thread 247189] Entry 100 added to table 'MyIngress.ipv4_lpm'
[06:04:51.228] [bmv2] [D] [thread 247189] Dumping entry 100
Match key:
* hdr.ipv4.dstAddr              : LPM       0a000c24/32
* standard_metadata.ingress_port: EXACT     0002
Action entry: MyIngress.ipv4_forward - a000c24,6,

[06:04:51.229] [bmv2] [T] [thread 247189] bm_table_add_entry
[06:04:51.229] [bmv2] [D] [thread 247189] Entry 101 added to table 'MyIngress.ipv4_lpm'
[06:04:51.229] [bmv2] [D] [thread 247189] Dumping entry 101
Match key:
* hdr.ipv4.dstAddr              : LPM       0a000d25/32
* standard_metadata.ingress_port: EXACT     0002
Action entry: MyIngress.ipv4_forward - a000d25,4,

[06:04:51.230] [bmv2] [T] [thread 247189] bm_table_add_entry
[06:04:51.230] [bmv2] [D] [thread 247189] Entry 102 added to table 'MyIngress.ipv4_lpm'
[06:04:51.230] [bmv2] [D] [thread 247189] Dumping entry 102
Match key:
* hdr.ipv4.dstAddr              : LPM       0a000d26/32
* standard_metadata.ingress_port: EXACT     0002
Action entry: MyIngress.ipv4_forward - a000d26,5,

[06:04:51.231] [bmv2] [T] [thread 247189] bm_table_add_entry
[06:04:51.231] [bmv2] [D] [thread 247189] Entry 103 added to table 'MyIngress.ipv4_lpm'
[06:04:51.231] [bmv2] [D] [thread 247189] Dumping entry 103
Match key:
* hdr.ipv4.dstAddr              : LPM       0a000d27/32
* standard_metadata.ingress_port: EXACT     0002
Action entry: MyIngress.ipv4_forward - a000d27,6,

[06:04:51.231] [bmv2] [T] [thread 247189] bm_table_add_entry
[06:04:51.232] [bmv2] [D] [thread 247189] Entry 104 added to table 'MyIngress.ipv4_lpm'
[06:04:51.232] [bmv2] [D] [thread 247189] Dumping entry 104
Match key:
* hdr.ipv4.dstAddr              : LPM       0a000e28/32
* standard_metadata.ingress_port: EXACT     0002
Action entry: MyIngress.ipv4_forward - a000e28,4,

[06:04:51.232] [bmv2] [T] [thread 247189] bm_table_add_entry
[06:04:51.233] [bmv2] [D] [thread 247189] Entry 105 added to table 'MyIngress.ipv4_lpm'
[06:04:51.233] [bmv2] [D] [thread 247189] Dumping entry 105
Match key:
* hdr.ipv4.dstAddr              : LPM       0a000e29/32
* standard_metadata.ingress_port: EXACT     0002
Action entry: MyIngress.ipv4_forward - a000e29,5,

[06:04:51.233] [bmv2] [T] [thread 247189] bm_table_add_entry
[06:04:51.234] [bmv2] [D] [thread 247189] Entry 106 added to table 'MyIngress.ipv4_lpm'
[06:04:51.234] [bmv2] [D] [thread 247189] Dumping entry 106
Match key:
* hdr.ipv4.dstAddr              : LPM       0a000e2a/32
* standard_metadata.ingress_port: EXACT     0002
Action entry: MyIngress.ipv4_forward - a000e2a,6,

[06:04:51.234] [bmv2] [T] [thread 247189] bm_table_add_entry
[06:04:51.234] [bmv2] [D] [thread 247189] Entry 107 added to table 'MyIngress.ipv4_lpm'
[06:04:51.234] [bmv2] [D] [thread 247189] Dumping entry 107
Match key:
* hdr.ipv4.dstAddr              : LPM       0a000f2b/32
* standard_metadata.ingress_port: EXACT     0002
Action entry: MyIngress.ipv4_forward - a000f2b,4,

[06:04:51.235] [bmv2] [T] [thread 247189] bm_table_add_entry
[06:04:51.235] [bmv2] [D] [thread 247189] Entry 108 added to table 'MyIngress.ipv4_lpm'
[06:04:51.235] [bmv2] [D] [thread 247189] Dumping entry 108
Match key:
* hdr.ipv4.dstAddr              : LPM       0a000f2c/32
* standard_metadata.ingress_port: EXACT     0002
Action entry: MyIngress.ipv4_forward - a000f2c,5,

[06:04:51.236] [bmv2] [T] [thread 247189] bm_table_add_entry
[06:04:51.236] [bmv2] [D] [thread 247189] Entry 109 added to table 'MyIngress.ipv4_lpm'
[06:04:51.236] [bmv2] [D] [thread 247189] Dumping entry 109
Match key:
* hdr.ipv4.dstAddr              : LPM       0a000f2d/32
* standard_metadata.ingress_port: EXACT     0002
Action entry: MyIngress.ipv4_forward - a000f2d,6,

[06:04:51.237] [bmv2] [T] [thread 247189] bm_table_add_entry
[06:04:51.237] [bmv2] [D] [thread 247189] Entry 110 added to table 'MyIngress.ipv4_lpm'
[06:04:51.237] [bmv2] [D] [thread 247189] Dumping entry 110
Match key:
* hdr.ipv4.dstAddr              : LPM       0a00102e/32
* standard_metadata.ingress_port: EXACT     0002
Action entry: MyIngress.ipv4_forward - a00102e,4,

[06:04:51.238] [bmv2] [T] [thread 247189] bm_table_add_entry
[06:04:51.238] [bmv2] [D] [thread 247189] Entry 111 added to table 'MyIngress.ipv4_lpm'
[06:04:51.238] [bmv2] [D] [thread 247189] Dumping entry 111
Match key:
* hdr.ipv4.dstAddr              : LPM       0a00102f/32
* standard_metadata.ingress_port: EXACT     0002
Action entry: MyIngress.ipv4_forward - a00102f,5,

[06:04:51.239] [bmv2] [T] [thread 247189] bm_table_add_entry
[06:04:51.239] [bmv2] [D] [thread 247189] Entry 112 added to table 'MyIngress.ipv4_lpm'
[06:04:51.239] [bmv2] [D] [thread 247189] Dumping entry 112
Match key:
* hdr.ipv4.dstAddr              : LPM       0a001030/32
* standard_metadata.ingress_port: EXACT     0002
Action entry: MyIngress.ipv4_forward - a001030,6,

[06:04:51.240] [bmv2] [T] [thread 247189] bm_table_add_entry
[06:04:51.240] [bmv2] [D] [thread 247189] Entry 113 added to table 'MyIngress.ipv4_lpm'
[06:04:51.240] [bmv2] [D] [thread 247189] Dumping entry 113
Match key:
* hdr.ipv4.dstAddr              : LPM       0a001131/32
* standard_metadata.ingress_port: EXACT     0002
Action entry: MyIngress.ipv4_forward - a001131,4,

[06:04:51.240] [bmv2] [T] [thread 247189] bm_table_add_entry
[06:04:51.240] [bmv2] [D] [thread 247189] Entry 114 added to table 'MyIngress.ipv4_lpm'
[06:04:51.241] [bmv2] [D] [thread 247189] Dumping entry 114
Match key:
* hdr.ipv4.dstAddr              : LPM       0a001132/32
* standard_metadata.ingress_port: EXACT     0002
Action entry: MyIngress.ipv4_forward - a001132,5,

[06:04:51.241] [bmv2] [T] [thread 247189] bm_table_add_entry
[06:04:51.241] [bmv2] [D] [thread 247189] Entry 115 added to table 'MyIngress.ipv4_lpm'
[06:04:51.242] [bmv2] [D] [thread 247189] Dumping entry 115
Match key:
* hdr.ipv4.dstAddr              : LPM       0a001133/32
* standard_metadata.ingress_port: EXACT     0002
Action entry: MyIngress.ipv4_forward - a001133,6,

[06:04:51.242] [bmv2] [T] [thread 247189] bm_table_add_entry
[06:04:51.242] [bmv2] [D] [thread 247189] Entry 116 added to table 'MyIngress.ipv4_lpm'
[06:04:51.243] [bmv2] [D] [thread 247189] Dumping entry 116
Match key:
* hdr.ipv4.dstAddr              : LPM       0a001234/32
* standard_metadata.ingress_port: EXACT     0002
Action entry: MyIngress.ipv4_forward - a001234,4,

[06:04:51.243] [bmv2] [T] [thread 247189] bm_table_add_entry
[06:04:51.243] [bmv2] [D] [thread 247189] Entry 117 added to table 'MyIngress.ipv4_lpm'
[06:04:51.243] [bmv2] [D] [thread 247189] Dumping entry 117
Match key:
* hdr.ipv4.dstAddr              : LPM       0a001235/32
* standard_metadata.ingress_port: EXACT     0002
Action entry: MyIngress.ipv4_forward - a001235,5,

[06:04:51.244] [bmv2] [T] [thread 247189] bm_table_add_entry
[06:04:51.245] [bmv2] [D] [thread 247189] Entry 118 added to table 'MyIngress.ipv4_lpm'
[06:04:51.245] [bmv2] [D] [thread 247189] Dumping entry 118
Match key:
* hdr.ipv4.dstAddr              : LPM       0a001236/32
* standard_metadata.ingress_port: EXACT     0002
Action entry: MyIngress.ipv4_forward - a001236,6,

[06:04:51.245] [bmv2] [T] [thread 247189] bm_table_add_entry
[06:04:51.246] [bmv2] [E] [thread 247189] Error when trying to add entry to table 'MyIngress.ipv4_lpm': DUPLICATE_ENTRY
[06:04:51.246] [bmv2] [T] [thread 247189] bm_table_add_entry
[06:04:51.246] [bmv2] [E] [thread 247189] Error when trying to add entry to table 'MyIngress.ipv4_lpm': DUPLICATE_ENTRY
[06:04:51.247] [bmv2] [T] [thread 247189] bm_table_add_entry
[06:04:51.247] [bmv2] [D] [thread 247189] Entry 119 added to table 'MyIngress.ipv4_lpm'
[06:04:51.247] [bmv2] [D] [thread 247189] Dumping entry 119
Match key:
* hdr.ipv4.dstAddr              : LPM       0a000103/32
* standard_metadata.ingress_port: EXACT     0003
Action entry: MyIngress.ipv4_forward - a000103,3,

[06:04:51.248] [bmv2] [T] [thread 247189] bm_table_add_entry
[06:04:51.248] [bmv2] [D] [thread 247189] Entry 120 added to table 'MyIngress.ipv4_lpm'
[06:04:51.248] [bmv2] [D] [thread 247189] Dumping entry 120
Match key:
* hdr.ipv4.dstAddr              : LPM       0a000204/32
* standard_metadata.ingress_port: EXACT     0003
Action entry: MyIngress.ipv4_forward - a000204,4,

[06:04:51.249] [bmv2] [T] [thread 247189] bm_table_add_entry
[06:04:51.249] [bmv2] [D] [thread 247189] Entry 121 added to table 'MyIngress.ipv4_lpm'
[06:04:51.249] [bmv2] [D] [thread 247189] Dumping entry 121
Match key:
* hdr.ipv4.dstAddr              : LPM       0a000205/32
* standard_metadata.ingress_port: EXACT     0003
Action entry: MyIngress.ipv4_forward - a000205,5,

[06:04:51.250] [bmv2] [T] [thread 247189] bm_table_add_entry
[06:04:51.250] [bmv2] [D] [thread 247189] Entry 122 added to table 'MyIngress.ipv4_lpm'
[06:04:51.250] [bmv2] [D] [thread 247189] Dumping entry 122
Match key:
* hdr.ipv4.dstAddr              : LPM       0a000206/32
* standard_metadata.ingress_port: EXACT     0003
Action entry: MyIngress.ipv4_forward - a000206,6,

[06:04:51.251] [bmv2] [T] [thread 247189] bm_table_add_entry
[06:04:51.251] [bmv2] [D] [thread 247189] Entry 123 added to table 'MyIngress.ipv4_lpm'
[06:04:51.251] [bmv2] [D] [thread 247189] Dumping entry 123
Match key:
* hdr.ipv4.dstAddr              : LPM       0a000307/32
* standard_metadata.ingress_port: EXACT     0003
Action entry: MyIngress.ipv4_forward - a000307,4,

[06:04:51.251] [bmv2] [T] [thread 247189] bm_table_add_entry
[06:04:51.251] [bmv2] [D] [thread 247189] Entry 124 added to table 'MyIngress.ipv4_lpm'
[06:04:51.251] [bmv2] [D] [thread 247189] Dumping entry 124
Match key:
* hdr.ipv4.dstAddr              : LPM       0a000308/32
* standard_metadata.ingress_port: EXACT     0003
Action entry: MyIngress.ipv4_forward - a000308,5,

[06:04:51.252] [bmv2] [T] [thread 247189] bm_table_add_entry
[06:04:51.252] [bmv2] [D] [thread 247189] Entry 125 added to table 'MyIngress.ipv4_lpm'
[06:04:51.253] [bmv2] [D] [thread 247189] Dumping entry 125
Match key:
* hdr.ipv4.dstAddr              : LPM       0a000309/32
* standard_metadata.ingress_port: EXACT     0003
Action entry: MyIngress.ipv4_forward - a000309,6,

[06:04:51.253] [bmv2] [T] [thread 247189] bm_table_add_entry
[06:04:51.253] [bmv2] [D] [thread 247189] Entry 126 added to table 'MyIngress.ipv4_lpm'
[06:04:51.253] [bmv2] [D] [thread 247189] Dumping entry 126
Match key:
* hdr.ipv4.dstAddr              : LPM       0a00040a/32
* standard_metadata.ingress_port: EXACT     0003
Action entry: MyIngress.ipv4_forward - a00040a,4,

[06:04:51.254] [bmv2] [T] [thread 247189] bm_table_add_entry
[06:04:51.254] [bmv2] [D] [thread 247189] Entry 127 added to table 'MyIngress.ipv4_lpm'
[06:04:51.254] [bmv2] [D] [thread 247189] Dumping entry 127
Match key:
* hdr.ipv4.dstAddr              : LPM       0a00040b/32
* standard_metadata.ingress_port: EXACT     0003
Action entry: MyIngress.ipv4_forward - a00040b,5,

[06:04:51.255] [bmv2] [T] [thread 247189] bm_table_add_entry
[06:04:51.255] [bmv2] [D] [thread 247189] Entry 128 added to table 'MyIngress.ipv4_lpm'
[06:04:51.255] [bmv2] [D] [thread 247189] Dumping entry 128
Match key:
* hdr.ipv4.dstAddr              : LPM       0a00040c/32
* standard_metadata.ingress_port: EXACT     0003
Action entry: MyIngress.ipv4_forward - a00040c,6,

[06:04:51.255] [bmv2] [T] [thread 247189] bm_table_add_entry
[06:04:51.255] [bmv2] [D] [thread 247189] Entry 129 added to table 'MyIngress.ipv4_lpm'
[06:04:51.256] [bmv2] [D] [thread 247189] Dumping entry 129
Match key:
* hdr.ipv4.dstAddr              : LPM       0a00050d/32
* standard_metadata.ingress_port: EXACT     0003
Action entry: MyIngress.ipv4_forward - a00050d,4,

[06:04:51.256] [bmv2] [T] [thread 247189] bm_table_add_entry
[06:04:51.256] [bmv2] [D] [thread 247189] Entry 130 added to table 'MyIngress.ipv4_lpm'
[06:04:51.256] [bmv2] [D] [thread 247189] Dumping entry 130
Match key:
* hdr.ipv4.dstAddr              : LPM       0a00050e/32
* standard_metadata.ingress_port: EXACT     0003
Action entry: MyIngress.ipv4_forward - a00050e,5,

[06:04:51.257] [bmv2] [T] [thread 247189] bm_table_add_entry
[06:04:51.257] [bmv2] [D] [thread 247189] Entry 131 added to table 'MyIngress.ipv4_lpm'
[06:04:51.257] [bmv2] [D] [thread 247189] Dumping entry 131
Match key:
* hdr.ipv4.dstAddr              : LPM       0a00050f/32
* standard_metadata.ingress_port: EXACT     0003
Action entry: MyIngress.ipv4_forward - a00050f,6,

[06:04:51.258] [bmv2] [T] [thread 247189] bm_table_add_entry
[06:04:51.258] [bmv2] [D] [thread 247189] Entry 132 added to table 'MyIngress.ipv4_lpm'
[06:04:51.258] [bmv2] [D] [thread 247189] Dumping entry 132
Match key:
* hdr.ipv4.dstAddr              : LPM       0a000610/32
* standard_metadata.ingress_port: EXACT     0003
Action entry: MyIngress.ipv4_forward - a000610,4,

[06:04:51.259] [bmv2] [T] [thread 247189] bm_table_add_entry
[06:04:51.259] [bmv2] [D] [thread 247189] Entry 133 added to table 'MyIngress.ipv4_lpm'
[06:04:51.259] [bmv2] [D] [thread 247189] Dumping entry 133
Match key:
* hdr.ipv4.dstAddr              : LPM       0a000611/32
* standard_metadata.ingress_port: EXACT     0003
Action entry: MyIngress.ipv4_forward - a000611,5,

[06:04:51.259] [bmv2] [T] [thread 247189] bm_table_add_entry
[06:04:51.259] [bmv2] [D] [thread 247189] Entry 134 added to table 'MyIngress.ipv4_lpm'
[06:04:51.259] [bmv2] [D] [thread 247189] Dumping entry 134
Match key:
* hdr.ipv4.dstAddr              : LPM       0a000612/32
* standard_metadata.ingress_port: EXACT     0003
Action entry: MyIngress.ipv4_forward - a000612,6,

[06:04:51.260] [bmv2] [T] [thread 247189] bm_table_add_entry
[06:04:51.260] [bmv2] [D] [thread 247189] Entry 135 added to table 'MyIngress.ipv4_lpm'
[06:04:51.260] [bmv2] [D] [thread 247189] Dumping entry 135
Match key:
* hdr.ipv4.dstAddr              : LPM       0a000713/32
* standard_metadata.ingress_port: EXACT     0003
Action entry: MyIngress.ipv4_forward - a000713,4,

[06:04:51.261] [bmv2] [T] [thread 247189] bm_table_add_entry
[06:04:51.261] [bmv2] [D] [thread 247189] Entry 136 added to table 'MyIngress.ipv4_lpm'
[06:04:51.261] [bmv2] [D] [thread 247189] Dumping entry 136
Match key:
* hdr.ipv4.dstAddr              : LPM       0a000714/32
* standard_metadata.ingress_port: EXACT     0003
Action entry: MyIngress.ipv4_forward - a000714,5,

[06:04:51.261] [bmv2] [T] [thread 247189] bm_table_add_entry
[06:04:51.262] [bmv2] [D] [thread 247189] Entry 137 added to table 'MyIngress.ipv4_lpm'
[06:04:51.262] [bmv2] [D] [thread 247189] Dumping entry 137
Match key:
* hdr.ipv4.dstAddr              : LPM       0a000715/32
* standard_metadata.ingress_port: EXACT     0003
Action entry: MyIngress.ipv4_forward - a000715,6,

[06:04:51.262] [bmv2] [T] [thread 247189] bm_table_add_entry
[06:04:51.262] [bmv2] [D] [thread 247189] Entry 138 added to table 'MyIngress.ipv4_lpm'
[06:04:51.262] [bmv2] [D] [thread 247189] Dumping entry 138
Match key:
* hdr.ipv4.dstAddr              : LPM       0a000816/32
* standard_metadata.ingress_port: EXACT     0003
Action entry: MyIngress.ipv4_forward - a000816,4,

[06:04:51.263] [bmv2] [T] [thread 247189] bm_table_add_entry
[06:04:51.263] [bmv2] [D] [thread 247189] Entry 139 added to table 'MyIngress.ipv4_lpm'
[06:04:51.263] [bmv2] [D] [thread 247189] Dumping entry 139
Match key:
* hdr.ipv4.dstAddr              : LPM       0a000817/32
* standard_metadata.ingress_port: EXACT     0003
Action entry: MyIngress.ipv4_forward - a000817,5,

[06:04:51.264] [bmv2] [T] [thread 247189] bm_table_add_entry
[06:04:51.264] [bmv2] [D] [thread 247189] Entry 140 added to table 'MyIngress.ipv4_lpm'
[06:04:51.264] [bmv2] [D] [thread 247189] Dumping entry 140
Match key:
* hdr.ipv4.dstAddr              : LPM       0a000818/32
* standard_metadata.ingress_port: EXACT     0003
Action entry: MyIngress.ipv4_forward - a000818,6,

[06:04:51.264] [bmv2] [T] [thread 247189] bm_table_add_entry
[06:04:51.265] [bmv2] [D] [thread 247189] Entry 141 added to table 'MyIngress.ipv4_lpm'
[06:04:51.265] [bmv2] [D] [thread 247189] Dumping entry 141
Match key:
* hdr.ipv4.dstAddr              : LPM       0a000919/32
* standard_metadata.ingress_port: EXACT     0003
Action entry: MyIngress.ipv4_forward - a000919,4,

[06:04:51.265] [bmv2] [T] [thread 247189] bm_table_add_entry
[06:04:51.266] [bmv2] [D] [thread 247189] Entry 142 added to table 'MyIngress.ipv4_lpm'
[06:04:51.266] [bmv2] [D] [thread 247189] Dumping entry 142
Match key:
* hdr.ipv4.dstAddr              : LPM       0a00091a/32
* standard_metadata.ingress_port: EXACT     0003
Action entry: MyIngress.ipv4_forward - a00091a,5,

[06:04:51.266] [bmv2] [T] [thread 247189] bm_table_add_entry
[06:04:51.266] [bmv2] [D] [thread 247189] Entry 143 added to table 'MyIngress.ipv4_lpm'
[06:04:51.266] [bmv2] [D] [thread 247189] Dumping entry 143
Match key:
* hdr.ipv4.dstAddr              : LPM       0a00091b/32
* standard_metadata.ingress_port: EXACT     0003
Action entry: MyIngress.ipv4_forward - a00091b,6,

[06:04:51.267] [bmv2] [T] [thread 247189] bm_table_add_entry
[06:04:51.267] [bmv2] [D] [thread 247189] Entry 144 added to table 'MyIngress.ipv4_lpm'
[06:04:51.267] [bmv2] [D] [thread 247189] Dumping entry 144
Match key:
* hdr.ipv4.dstAddr              : LPM       0a000a1c/32
* standard_metadata.ingress_port: EXACT     0003
Action entry: MyIngress.ipv4_forward - a000a1c,4,

[06:04:51.268] [bmv2] [T] [thread 247189] bm_table_add_entry
[06:04:51.268] [bmv2] [D] [thread 247189] Entry 145 added to table 'MyIngress.ipv4_lpm'
[06:04:51.268] [bmv2] [D] [thread 247189] Dumping entry 145
Match key:
* hdr.ipv4.dstAddr              : LPM       0a000a1d/32
* standard_metadata.ingress_port: EXACT     0003
Action entry: MyIngress.ipv4_forward - a000a1d,5,

[06:04:51.268] [bmv2] [T] [thread 247189] bm_table_add_entry
[06:04:51.269] [bmv2] [D] [thread 247189] Entry 146 added to table 'MyIngress.ipv4_lpm'
[06:04:51.269] [bmv2] [D] [thread 247189] Dumping entry 146
Match key:
* hdr.ipv4.dstAddr              : LPM       0a000a1e/32
* standard_metadata.ingress_port: EXACT     0003
Action entry: MyIngress.ipv4_forward - a000a1e,6,

[06:04:51.269] [bmv2] [T] [thread 247189] bm_table_add_entry
[06:04:51.269] [bmv2] [D] [thread 247189] Entry 147 added to table 'MyIngress.ipv4_lpm'
[06:04:51.269] [bmv2] [D] [thread 247189] Dumping entry 147
Match key:
* hdr.ipv4.dstAddr              : LPM       0a000b1f/32
* standard_metadata.ingress_port: EXACT     0003
Action entry: MyIngress.ipv4_forward - a000b1f,4,

[06:04:51.270] [bmv2] [T] [thread 247189] bm_table_add_entry
[06:04:51.270] [bmv2] [D] [thread 247189] Entry 148 added to table 'MyIngress.ipv4_lpm'
[06:04:51.270] [bmv2] [D] [thread 247189] Dumping entry 148
Match key:
* hdr.ipv4.dstAddr              : LPM       0a000b20/32
* standard_metadata.ingress_port: EXACT     0003
Action entry: MyIngress.ipv4_forward - a000b20,5,

[06:04:51.271] [bmv2] [T] [thread 247189] bm_table_add_entry
[06:04:51.271] [bmv2] [D] [thread 247189] Entry 149 added to table 'MyIngress.ipv4_lpm'
[06:04:51.271] [bmv2] [D] [thread 247189] Dumping entry 149
Match key:
* hdr.ipv4.dstAddr              : LPM       0a000b21/32
* standard_metadata.ingress_port: EXACT     0003
Action entry: MyIngress.ipv4_forward - a000b21,6,

[06:04:51.271] [bmv2] [T] [thread 247189] bm_table_add_entry
[06:04:51.272] [bmv2] [D] [thread 247189] Entry 150 added to table 'MyIngress.ipv4_lpm'
[06:04:51.272] [bmv2] [D] [thread 247189] Dumping entry 150
Match key:
* hdr.ipv4.dstAddr              : LPM       0a000c22/32
* standard_metadata.ingress_port: EXACT     0003
Action entry: MyIngress.ipv4_forward - a000c22,4,

[06:04:51.272] [bmv2] [T] [thread 247189] bm_table_add_entry
[06:04:51.272] [bmv2] [D] [thread 247189] Entry 151 added to table 'MyIngress.ipv4_lpm'
[06:04:51.272] [bmv2] [D] [thread 247189] Dumping entry 151
Match key:
* hdr.ipv4.dstAddr              : LPM       0a000c23/32
* standard_metadata.ingress_port: EXACT     0003
Action entry: MyIngress.ipv4_forward - a000c23,5,

[06:04:51.273] [bmv2] [T] [thread 247189] bm_table_add_entry
[06:04:51.273] [bmv2] [D] [thread 247189] Entry 152 added to table 'MyIngress.ipv4_lpm'
[06:04:51.273] [bmv2] [D] [thread 247189] Dumping entry 152
Match key:
* hdr.ipv4.dstAddr              : LPM       0a000c24/32
* standard_metadata.ingress_port: EXACT     0003
Action entry: MyIngress.ipv4_forward - a000c24,6,

[06:04:51.274] [bmv2] [T] [thread 247189] bm_table_add_entry
[06:04:51.274] [bmv2] [D] [thread 247189] Entry 153 added to table 'MyIngress.ipv4_lpm'
[06:04:51.274] [bmv2] [D] [thread 247189] Dumping entry 153
Match key:
* hdr.ipv4.dstAddr              : LPM       0a000d25/32
* standard_metadata.ingress_port: EXACT     0003
Action entry: MyIngress.ipv4_forward - a000d25,4,

[06:04:51.275] [bmv2] [T] [thread 247189] bm_table_add_entry
[06:04:51.275] [bmv2] [D] [thread 247189] Entry 154 added to table 'MyIngress.ipv4_lpm'
[06:04:51.275] [bmv2] [D] [thread 247189] Dumping entry 154
Match key:
* hdr.ipv4.dstAddr              : LPM       0a000d26/32
* standard_metadata.ingress_port: EXACT     0003
Action entry: MyIngress.ipv4_forward - a000d26,5,

[06:04:51.275] [bmv2] [T] [thread 247189] bm_table_add_entry
[06:04:51.276] [bmv2] [D] [thread 247189] Entry 155 added to table 'MyIngress.ipv4_lpm'
[06:04:51.276] [bmv2] [D] [thread 247189] Dumping entry 155
Match key:
* hdr.ipv4.dstAddr              : LPM       0a000d27/32
* standard_metadata.ingress_port: EXACT     0003
Action entry: MyIngress.ipv4_forward - a000d27,6,

[06:04:51.276] [bmv2] [T] [thread 247189] bm_table_add_entry
[06:04:51.276] [bmv2] [D] [thread 247189] Entry 156 added to table 'MyIngress.ipv4_lpm'
[06:04:51.276] [bmv2] [D] [thread 247189] Dumping entry 156
Match key:
* hdr.ipv4.dstAddr              : LPM       0a000e28/32
* standard_metadata.ingress_port: EXACT     0003
Action entry: MyIngress.ipv4_forward - a000e28,4,

[06:04:51.277] [bmv2] [T] [thread 247189] bm_table_add_entry
[06:04:51.277] [bmv2] [D] [thread 247189] Entry 157 added to table 'MyIngress.ipv4_lpm'
[06:04:51.277] [bmv2] [D] [thread 247189] Dumping entry 157
Match key:
* hdr.ipv4.dstAddr              : LPM       0a000e29/32
* standard_metadata.ingress_port: EXACT     0003
Action entry: MyIngress.ipv4_forward - a000e29,5,

[06:04:51.278] [bmv2] [T] [thread 247189] bm_table_add_entry
[06:04:51.278] [bmv2] [D] [thread 247189] Entry 158 added to table 'MyIngress.ipv4_lpm'
[06:04:51.278] [bmv2] [D] [thread 247189] Dumping entry 158
Match key:
* hdr.ipv4.dstAddr              : LPM       0a000e2a/32
* standard_metadata.ingress_port: EXACT     0003
Action entry: MyIngress.ipv4_forward - a000e2a,6,

[06:04:51.279] [bmv2] [T] [thread 247189] bm_table_add_entry
[06:04:51.279] [bmv2] [D] [thread 247189] Entry 159 added to table 'MyIngress.ipv4_lpm'
[06:04:51.279] [bmv2] [D] [thread 247189] Dumping entry 159
Match key:
* hdr.ipv4.dstAddr              : LPM       0a000f2b/32
* standard_metadata.ingress_port: EXACT     0003
Action entry: MyIngress.ipv4_forward - a000f2b,4,

[06:04:51.280] [bmv2] [T] [thread 247189] bm_table_add_entry
[06:04:51.280] [bmv2] [D] [thread 247189] Entry 160 added to table 'MyIngress.ipv4_lpm'
[06:04:51.281] [bmv2] [D] [thread 247189] Dumping entry 160
Match key:
* hdr.ipv4.dstAddr              : LPM       0a000f2c/32
* standard_metadata.ingress_port: EXACT     0003
Action entry: MyIngress.ipv4_forward - a000f2c,5,

[06:04:51.281] [bmv2] [T] [thread 247189] bm_table_add_entry
[06:04:51.281] [bmv2] [D] [thread 247189] Entry 161 added to table 'MyIngress.ipv4_lpm'
[06:04:51.281] [bmv2] [D] [thread 247189] Dumping entry 161
Match key:
* hdr.ipv4.dstAddr              : LPM       0a000f2d/32
* standard_metadata.ingress_port: EXACT     0003
Action entry: MyIngress.ipv4_forward - a000f2d,6,

[06:04:51.282] [bmv2] [T] [thread 247189] bm_table_add_entry
[06:04:51.282] [bmv2] [D] [thread 247189] Entry 162 added to table 'MyIngress.ipv4_lpm'
[06:04:51.282] [bmv2] [D] [thread 247189] Dumping entry 162
Match key:
* hdr.ipv4.dstAddr              : LPM       0a00102e/32
* standard_metadata.ingress_port: EXACT     0003
Action entry: MyIngress.ipv4_forward - a00102e,4,

[06:04:51.283] [bmv2] [T] [thread 247189] bm_table_add_entry
[06:04:51.283] [bmv2] [D] [thread 247189] Entry 163 added to table 'MyIngress.ipv4_lpm'
[06:04:51.283] [bmv2] [D] [thread 247189] Dumping entry 163
Match key:
* hdr.ipv4.dstAddr              : LPM       0a00102f/32
* standard_metadata.ingress_port: EXACT     0003
Action entry: MyIngress.ipv4_forward - a00102f,5,

[06:04:51.283] [bmv2] [T] [thread 247189] bm_table_add_entry
[06:04:51.284] [bmv2] [D] [thread 247189] Entry 164 added to table 'MyIngress.ipv4_lpm'
[06:04:51.284] [bmv2] [D] [thread 247189] Dumping entry 164
Match key:
* hdr.ipv4.dstAddr              : LPM       0a001030/32
* standard_metadata.ingress_port: EXACT     0003
Action entry: MyIngress.ipv4_forward - a001030,6,

[06:04:51.284] [bmv2] [T] [thread 247189] bm_table_add_entry
[06:04:51.284] [bmv2] [D] [thread 247189] Entry 165 added to table 'MyIngress.ipv4_lpm'
[06:04:51.285] [bmv2] [D] [thread 247189] Dumping entry 165
Match key:
* hdr.ipv4.dstAddr              : LPM       0a001131/32
* standard_metadata.ingress_port: EXACT     0003
Action entry: MyIngress.ipv4_forward - a001131,4,

[06:04:51.285] [bmv2] [T] [thread 247189] bm_table_add_entry
[06:04:51.285] [bmv2] [D] [thread 247189] Entry 166 added to table 'MyIngress.ipv4_lpm'
[06:04:51.285] [bmv2] [D] [thread 247189] Dumping entry 166
Match key:
* hdr.ipv4.dstAddr              : LPM       0a001132/32
* standard_metadata.ingress_port: EXACT     0003
Action entry: MyIngress.ipv4_forward - a001132,5,

[06:04:51.286] [bmv2] [T] [thread 247189] bm_table_add_entry
[06:04:51.286] [bmv2] [D] [thread 247189] Entry 167 added to table 'MyIngress.ipv4_lpm'
[06:04:51.286] [bmv2] [D] [thread 247189] Dumping entry 167
Match key:
* hdr.ipv4.dstAddr              : LPM       0a001133/32
* standard_metadata.ingress_port: EXACT     0003
Action entry: MyIngress.ipv4_forward - a001133,6,

[06:04:51.287] [bmv2] [T] [thread 247189] bm_table_add_entry
[06:04:51.287] [bmv2] [D] [thread 247189] Entry 168 added to table 'MyIngress.ipv4_lpm'
[06:04:51.287] [bmv2] [D] [thread 247189] Dumping entry 168
Match key:
* hdr.ipv4.dstAddr              : LPM       0a001234/32
* standard_metadata.ingress_port: EXACT     0003
Action entry: MyIngress.ipv4_forward - a001234,4,

[06:04:51.288] [bmv2] [T] [thread 247189] bm_table_add_entry
[06:04:51.288] [bmv2] [D] [thread 247189] Entry 169 added to table 'MyIngress.ipv4_lpm'
[06:04:51.288] [bmv2] [D] [thread 247189] Dumping entry 169
Match key:
* hdr.ipv4.dstAddr              : LPM       0a001235/32
* standard_metadata.ingress_port: EXACT     0003
Action entry: MyIngress.ipv4_forward - a001235,5,

[06:04:51.288] [bmv2] [T] [thread 247189] bm_table_add_entry
[06:04:51.289] [bmv2] [D] [thread 247189] Entry 170 added to table 'MyIngress.ipv4_lpm'
[06:04:51.289] [bmv2] [D] [thread 247189] Dumping entry 170
Match key:
* hdr.ipv4.dstAddr              : LPM       0a001236/32
* standard_metadata.ingress_port: EXACT     0003
Action entry: MyIngress.ipv4_forward - a001236,6,

[06:04:51.289] [bmv2] [T] [thread 247189] bm_set_default_action
[06:04:51.289] [bmv2] [D] [thread 247189] Set default entry for table 'MyEgress.tbl_prime': MyEgress.prime_multiply - 2,
[06:04:51.290] [bmv2] [T] [thread 247189] bm_set_default_action
[06:04:51.290] [bmv2] [D] [thread 247189] Set default entry for table 'MyEgress.swtrace': MyEgress.add_swtrace - 1,
[06:05:09.190] [bmv2] [D] [thread 244824] [12.0] [cxt 0] Processing packet received on port 1
[06:05:09.191] [bmv2] [D] [thread 244824] [12.0] [cxt 0] Parser 'parser': start
[06:05:09.191] [bmv2] [D] [thread 244824] [12.0] [cxt 0] Parser 'parser' entering state 'start'
[06:05:09.191] [bmv2] [D] [thread 244824] [12.0] [cxt 0] Extracting header 'ethernet'
[06:05:09.191] [bmv2] [D] [thread 244824] [12.0] [cxt 0] Parser state 'start': key is 0800
[06:05:09.191] [bmv2] [T] [thread 244824] [12.0] [cxt 0] Bytes parsed: 14
[06:05:09.191] [bmv2] [D] [thread 244824] [12.0] [cxt 0] Parser 'parser' entering state 'parse_ipv4'
[06:05:09.191] [bmv2] [D] [thread 244824] [12.0] [cxt 0] Extracting header 'ipv4'
[06:05:09.191] [bmv2] [D] [thread 244824] [12.0] [cxt 0] Parser set: setting field 'scalars.tmp' from expression, new value is 1
[06:05:09.191] [bmv2] [D] [thread 244824] [12.0] [cxt 0] Parser state 'parse_ipv4': key is 07
[06:05:09.191] [bmv2] [T] [thread 244824] [12.0] [cxt 0] Bytes parsed: 34
[06:05:09.191] [bmv2] [D] [thread 244824] [12.0] [cxt 0] Parser 'parser' entering state 'parse_ipv4_option'
[06:05:09.191] [bmv2] [D] [thread 244824] [12.0] [cxt 0] Extracting header 'ipv4_option'
[06:05:09.191] [bmv2] [D] [thread 244824] [12.0] [cxt 0] Parser state 'parse_ipv4_option': key is 01
[06:05:09.191] [bmv2] [T] [thread 244824] [12.0] [cxt 0] Bytes parsed: 35
[06:05:09.191] [bmv2] [D] [thread 244824] [12.0] [cxt 0] Parser 'parser' entering state 'parse_tag'
[06:05:09.191] [bmv2] [D] [thread 244824] [12.0] [cxt 0] Extracting header 'tag'
[06:05:09.191] [bmv2] [D] [thread 244824] [12.0] [cxt 0] Parser state 'parse_tag' has no switch, going to default next state
[06:05:09.191] [bmv2] [T] [thread 244824] [12.0] [cxt 0] Bytes parsed: 40
[06:05:09.191] [bmv2] [D] [thread 244824] [12.0] [cxt 0] Parser 'parser' entering state 'parse_next_protocol'
[06:05:09.191] [bmv2] [D] [thread 244824] [12.0] [cxt 0] Parser state 'parse_next_protocol': key is 11
[06:05:09.191] [bmv2] [T] [thread 244824] [12.0] [cxt 0] Bytes parsed: 40
[06:05:09.191] [bmv2] [D] [thread 244824] [12.0] [cxt 0] Parser 'parser' entering state 'parse_udp'
[06:05:09.191] [bmv2] [D] [thread 244824] [12.0] [cxt 0] Extracting header 'udp'
[06:05:09.191] [bmv2] [D] [thread 244824] [12.0] [cxt 0] Parser set: setting field 'scalars.metadata.srcPort' from field 'udp.srcPort' (0)
[06:05:09.191] [bmv2] [D] [thread 244824] [12.0] [cxt 0] Parser set: setting field 'scalars.metadata.dstPort' from field 'udp.dstPort' (7777)
[06:05:09.191] [bmv2] [D] [thread 244824] [12.0] [cxt 0] Parser state 'parse_udp' has no switch, going to default next state
[06:05:09.191] [bmv2] [T] [thread 244824] [12.0] [cxt 0] Bytes parsed: 48
[06:05:09.191] [bmv2] [D] [thread 244824] [12.0] [cxt 0] Parser 'parser': end
[06:05:09.191] [bmv2] [D] [thread 244824] [12.0] [cxt 0] Pipeline 'ingress': start
[06:05:09.192] [bmv2] [T] [thread 244824] [12.0] [cxt 0] /home/p4/Desktop/html/p4src/switch.p4(291) Condition "hdr.ipv4.isValid()" (node_2) is true
[06:05:09.192] [bmv2] [T] [thread 244824] [12.0] [cxt 0] Applying table 'MyIngress.ipv4_lpm'
[06:05:09.192] [bmv2] [D] [thread 244824] [12.0] [cxt 0] Looking up key:
* hdr.ipv4.dstAddr              : 0a000610
* standard_metadata.ingress_port: 0001

[06:05:09.192] [bmv2] [D] [thread 244824] [12.0] [cxt 0] Table 'MyIngress.ipv4_lpm': hit with handle 28
[06:05:09.192] [bmv2] [D] [thread 244824] [12.0] [cxt 0] Dumping entry 28
Match key:
* hdr.ipv4.dstAddr              : LPM       0a000610/32
* standard_metadata.ingress_port: EXACT     0001
Action entry: MyIngress.ipv4_forward - a000610,4,

[06:05:09.192] [bmv2] [D] [thread 244824] [12.0] [cxt 0] Action entry is MyIngress.ipv4_forward - a000610,4,
[06:05:09.192] [bmv2] [T] [thread 244824] [12.0] [cxt 0] Action MyIngress.ipv4_forward
[06:05:09.192] [bmv2] [T] [thread 244824] [12.0] [cxt 0] /home/p4/Desktop/html/p4src/switch.p4(243) Primitive standard_metadata.egress_spec = port
[06:05:09.192] [bmv2] [T] [thread 244824] [12.0] [cxt 0] /home/p4/Desktop/html/p4src/switch.p4(244) Primitive standard_metadata.egress_port = port
[06:05:09.192] [bmv2] [T] [thread 244824] [12.0] [cxt 0] /home/p4/Desktop/html/p4src/switch.p4(246) Primitive hdr.ethernet.srcAddr = hdr.ethernet.dstAddr
[06:05:09.192] [bmv2] [T] [thread 244824] [12.0] [cxt 0] /home/p4/Desktop/html/p4src/switch.p4(247) Primitive hdr.ethernet.dstAddr = dstAddr
[06:05:09.192] [bmv2] [T] [thread 244824] [12.0] [cxt 0] /home/p4/Desktop/html/p4src/switch.p4(248) Primitive hdr.ipv4.ttl = hdr.ipv4.ttl - 1
[06:05:09.192] [bmv2] [T] [thread 244824] [12.0] [cxt 0] Applying table 'MyIngress.tb_set_role'
[06:05:09.192] [bmv2] [D] [thread 244824] [12.0] [cxt 0] Looking up key:
* standard_metadata.ingress_port: 0001

[06:05:09.192] [bmv2] [D] [thread 244824] [12.0] [cxt 0] Table 'MyIngress.tb_set_role': miss
[06:05:09.192] [bmv2] [D] [thread 244824] [12.0] [cxt 0] Action entry is NoAction - 
[06:05:09.192] [bmv2] [T] [thread 244824] [12.0] [cxt 0] Action NoAction
[06:05:09.192] [bmv2] [D] [thread 244824] [12.0] [cxt 0] Pipeline 'ingress': end
[06:05:09.193] [bmv2] [D] [thread 244824] [12.0] [cxt 0] Egress port is 4
[06:05:09.193] [bmv2] [D] [thread 244825] [12.0] [cxt 0] Pipeline 'egress': start
[06:05:09.193] [bmv2] [T] [thread 244825] [12.0] [cxt 0] /home/p4/Desktop/html/p4src/switch.p4(381) Condition "hdr.tag.isValid()" (node_7) is true
[06:05:09.193] [bmv2] [T] [thread 244825] [12.0] [cxt 0] Applying table 'MyEgress.tbl_prime'
[06:05:09.193] [bmv2] [D] [thread 244825] [12.0] [cxt 0] Looking up key:

[06:05:09.193] [bmv2] [D] [thread 244825] [12.0] [cxt 0] Table 'MyEgress.tbl_prime': miss
[06:05:09.193] [bmv2] [D] [thread 244825] [12.0] [cxt 0] Action entry is MyEgress.prime_multiply - 2,
[06:05:09.193] [bmv2] [T] [thread 244825] [12.0] [cxt 0] Action MyEgress.prime_multiply
[06:05:09.194] [bmv2] [T] [thread 244825] [12.0] [cxt 0] /home/p4/Desktop/html/p4src/switch.p4(368) Primitive hdr.tag.prime_product = hdr.tag.prime_product * switch_prime
[06:05:09.194] [bmv2] [T] [thread 244825] [12.0] [cxt 0] /home/p4/Desktop/html/p4src/switch.p4(386) Condition "hdr.mri.isValid()" (node_9) is false
[06:05:09.194] [bmv2] [D] [thread 244825] [12.0] [cxt 0] Pipeline 'egress': end
[06:05:09.194] [bmv2] [D] [thread 244825] [12.0] [cxt 0] Deparser 'deparser': start
[06:05:09.194] [bmv2] [D] [thread 244825] [12.0] [cxt 0] Updating checksum 'cksum'
[06:05:09.194] [bmv2] [D] [thread 244825] [12.0] [cxt 0] Deparsing header 'ethernet'
[06:05:09.194] [bmv2] [D] [thread 244825] [12.0] [cxt 0] Deparsing header 'ipv4'
[06:05:09.194] [bmv2] [D] [thread 244825] [12.0] [cxt 0] Deparsing header 'ipv4_option'
[06:05:09.194] [bmv2] [D] [thread 244825] [12.0] [cxt 0] Deparsing header 'tag'
[06:05:09.194] [bmv2] [D] [thread 244825] [12.0] [cxt 0] Deparsing header 'udp'
[06:05:09.194] [bmv2] [D] [thread 244825] [12.0] [cxt 0] Deparser 'deparser': end
[06:05:09.194] [bmv2] [D] [thread 244829] [12.0] [cxt 0] Transmitting packet of size 50 out of port 4
