Warning: you requested the nanomsg event logger, but bmv2 was compiled without -DBMELOG, and the event logger cannot be activated
Calling target program-options parser
[06:04:42.631] [bmv2] [D] [thread 245296] Set default default entry for table 'MyIngress.ipv4_lpm': MyIngress.drop - 
[06:04:42.632] [bmv2] [D] [thread 245296] Set default default entry for table 'MyIngress.tb_set_role': NoAction - 
[06:04:42.632] [bmv2] [D] [thread 245296] Set default default entry for table 'MyEgress.tbl_prime': NoAction - 
[06:04:42.632] [bmv2] [D] [thread 245296] Set default default entry for table 'MyEgress.swtrace': NoAction - 
Adding interface s37-eth1 as port 1
[06:04:42.634] [bmv2] [D] [thread 245296] Adding interface s37-eth1 as port 1
Adding interface s37-eth2 as port 2
[06:04:42.701] [bmv2] [D] [thread 245296] Adding interface s37-eth2 as port 2
Adding interface s37-eth3 as port 3
[06:04:42.796] [bmv2] [D] [thread 245296] Adding interface s37-eth3 as port 3
Adding interface s37-eth4 as port 4
[06:04:42.881] [bmv2] [D] [thread 245296] Adding interface s37-eth4 as port 4
Adding interface s37-eth5 as port 5
[06:04:42.941] [bmv2] [D] [thread 245296] Adding interface s37-eth5 as port 5
Adding interface s37-eth6 as port 6
[06:04:43.025] [bmv2] [D] [thread 245296] Adding interface s37-eth6 as port 6
Adding interface s37-cpu-eth0 as port 7
[06:04:43.089] [bmv2] [D] [thread 245296] Adding interface s37-cpu-eth0 as port 7
[06:04:43.153] [bmv2] [I] [thread 245296] Starting Thrift server on port 9126
[06:04:43.154] [bmv2] [I] [thread 245296] Thrift server was started
[06:04:48.154] [bmv2] [D] [thread 245308] [0.0] [cxt 0] Processing packet received on port 7
[06:04:48.154] [bmv2] [D] [thread 245308] [0.0] [cxt 0] Parser 'parser': start
[06:04:48.154] [bmv2] [D] [thread 245308] [0.0] [cxt 0] Parser 'parser' entering state 'start'
[06:04:48.154] [bmv2] [D] [thread 245308] [0.0] [cxt 0] Extracting header 'ethernet'
[06:04:48.154] [bmv2] [D] [thread 245308] [0.0] [cxt 0] Parser state 'start': key is 86dd
[06:04:48.154] [bmv2] [T] [thread 245308] [0.0] [cxt 0] Bytes parsed: 14
[06:04:48.154] [bmv2] [D] [thread 245308] [0.0] [cxt 0] Parser 'parser': end
[06:04:48.154] [bmv2] [D] [thread 245308] [0.0] [cxt 0] Pipeline 'ingress': start
[06:04:48.154] [bmv2] [T] [thread 245308] [0.0] [cxt 0] /home/p4/Desktop/html/p4src/switch.p4(291) Condition "hdr.ipv4.isValid()" (node_2) is false
[06:04:48.154] [bmv2] [T] [thread 245308] [0.0] [cxt 0] Applying table 'MyIngress.tb_set_role'
[06:04:48.154] [bmv2] [D] [thread 245308] [0.0] [cxt 0] Looking up key:
* standard_metadata.ingress_port: 0007

[06:04:48.154] [bmv2] [D] [thread 245308] [0.0] [cxt 0] Table 'MyIngress.tb_set_role': miss
[06:04:48.154] [bmv2] [D] [thread 245308] [0.0] [cxt 0] Action entry is NoAction - 
[06:04:48.154] [bmv2] [T] [thread 245308] [0.0] [cxt 0] Action NoAction
[06:04:48.154] [bmv2] [D] [thread 245308] [0.0] [cxt 0] Pipeline 'ingress': end
[06:04:48.154] [bmv2] [D] [thread 245308] [0.0] [cxt 0] Egress port is 0
[06:04:48.154] [bmv2] [D] [thread 245309] [0.0] [cxt 0] Pipeline 'egress': start
[06:04:48.154] [bmv2] [T] [thread 245309] [0.0] [cxt 0] /home/p4/Desktop/html/p4src/switch.p4(381) Condition "hdr.tag.isValid()" (node_7) is false
[06:04:48.154] [bmv2] [T] [thread 245309] [0.0] [cxt 0] /home/p4/Desktop/html/p4src/switch.p4(386) Condition "hdr.mri.isValid()" (node_9) is false
[06:04:48.154] [bmv2] [D] [thread 245309] [0.0] [cxt 0] Pipeline 'egress': end
[06:04:48.154] [bmv2] [D] [thread 245309] [0.0] [cxt 0] Deparser 'deparser': start
[06:04:48.154] [bmv2] [T] [thread 245309] [0.0] [cxt 0] Skipping checksum 'cksum' update because condition not met
[06:04:48.154] [bmv2] [D] [thread 245309] [0.0] [cxt 0] Deparsing header 'ethernet'
[06:04:48.154] [bmv2] [D] [thread 245309] [0.0] [cxt 0] Deparser 'deparser': end
[06:04:48.155] [bmv2] [D] [thread 245313] [0.0] [cxt 0] Transmitting packet of size 70 out of port 0
[06:04:48.157] [bmv2] [D] [thread 245308] [1.0] [cxt 0] Processing packet received on port 5
[06:04:48.157] [bmv2] [D] [thread 245308] [1.0] [cxt 0] Parser 'parser': start
[06:04:48.157] [bmv2] [D] [thread 245308] [1.0] [cxt 0] Parser 'parser' entering state 'start'
[06:04:48.157] [bmv2] [D] [thread 245308] [1.0] [cxt 0] Extracting header 'ethernet'
[06:04:48.157] [bmv2] [D] [thread 245308] [1.0] [cxt 0] Parser state 'start': key is 86dd
[06:04:48.157] [bmv2] [T] [thread 245308] [1.0] [cxt 0] Bytes parsed: 14
[06:04:48.157] [bmv2] [D] [thread 245308] [1.0] [cxt 0] Parser 'parser': end
[06:04:48.157] [bmv2] [D] [thread 245308] [1.0] [cxt 0] Pipeline 'ingress': start
[06:04:48.157] [bmv2] [T] [thread 245308] [1.0] [cxt 0] /home/p4/Desktop/html/p4src/switch.p4(291) Condition "hdr.ipv4.isValid()" (node_2) is false
[06:04:48.157] [bmv2] [T] [thread 245308] [1.0] [cxt 0] Applying table 'MyIngress.tb_set_role'
[06:04:48.157] [bmv2] [D] [thread 245308] [1.0] [cxt 0] Looking up key:
* standard_metadata.ingress_port: 0005

[06:04:48.158] [bmv2] [D] [thread 245308] [1.0] [cxt 0] Table 'MyIngress.tb_set_role': miss
[06:04:48.158] [bmv2] [D] [thread 245308] [1.0] [cxt 0] Action entry is NoAction - 
[06:04:48.158] [bmv2] [T] [thread 245308] [1.0] [cxt 0] Action NoAction
[06:04:48.158] [bmv2] [D] [thread 245308] [1.0] [cxt 0] Pipeline 'ingress': end
[06:04:48.158] [bmv2] [D] [thread 245308] [1.0] [cxt 0] Egress port is 0
[06:04:48.158] [bmv2] [D] [thread 245309] [1.0] [cxt 0] Pipeline 'egress': start
[06:04:48.158] [bmv2] [T] [thread 245309] [1.0] [cxt 0] /home/p4/Desktop/html/p4src/switch.p4(381) Condition "hdr.tag.isValid()" (node_7) is false
[06:04:48.158] [bmv2] [T] [thread 245309] [1.0] [cxt 0] /home/p4/Desktop/html/p4src/switch.p4(386) Condition "hdr.mri.isValid()" (node_9) is false
[06:04:48.158] [bmv2] [D] [thread 245309] [1.0] [cxt 0] Pipeline 'egress': end
[06:04:48.158] [bmv2] [D] [thread 245309] [1.0] [cxt 0] Deparser 'deparser': start
[06:04:48.158] [bmv2] [T] [thread 245309] [1.0] [cxt 0] Skipping checksum 'cksum' update because condition not met
[06:04:48.158] [bmv2] [D] [thread 245309] [1.0] [cxt 0] Deparsing header 'ethernet'
[06:04:48.158] [bmv2] [D] [thread 245309] [1.0] [cxt 0] Deparser 'deparser': end
[06:04:48.159] [bmv2] [D] [thread 245313] [1.0] [cxt 0] Transmitting packet of size 70 out of port 0
[06:04:58.871] [bmv2] [T] [thread 247324] bm_get_config
[06:04:58.873] [bmv2] [T] [thread 247324] bm_table_add_entry
[06:04:58.874] [bmv2] [D] [thread 247324] Entry 0 added to table 'MyIngress.ipv4_lpm'
[06:04:58.874] [bmv2] [D] [thread 247324] Dumping entry 0
Match key:
* hdr.ipv4.dstAddr              : LPM       0a000101/32
* standard_metadata.ingress_port: EXACT     0002
Action entry: MyIngress.ipv4_forward - a000101,1,

[06:04:58.875] [bmv2] [T] [thread 247324] bm_table_add_entry
[06:04:58.875] [bmv2] [D] [thread 247324] Entry 1 added to table 'MyIngress.ipv4_lpm'
[06:04:58.875] [bmv2] [D] [thread 247324] Dumping entry 1
Match key:
* hdr.ipv4.dstAddr              : LPM       0a000101/32
* standard_metadata.ingress_port: EXACT     0003
Action entry: MyIngress.ipv4_forward - a000101,1,

[06:04:58.876] [bmv2] [T] [thread 247324] bm_table_add_entry
[06:04:58.876] [bmv2] [D] [thread 247324] Entry 2 added to table 'MyIngress.ipv4_lpm'
[06:04:58.876] [bmv2] [D] [thread 247324] Dumping entry 2
Match key:
* hdr.ipv4.dstAddr              : LPM       0a000101/32
* standard_metadata.ingress_port: EXACT     0004
Action entry: MyIngress.ipv4_forward - a000101,1,

[06:04:58.877] [bmv2] [T] [thread 247324] bm_table_add_entry
[06:04:58.877] [bmv2] [D] [thread 247324] Entry 3 added to table 'MyIngress.ipv4_lpm'
[06:04:58.877] [bmv2] [D] [thread 247324] Dumping entry 3
Match key:
* hdr.ipv4.dstAddr              : LPM       0a000101/32
* standard_metadata.ingress_port: EXACT     0005
Action entry: MyIngress.ipv4_forward - a000101,1,

[06:04:58.878] [bmv2] [T] [thread 247324] bm_table_add_entry
[06:04:58.879] [bmv2] [D] [thread 247324] Entry 4 added to table 'MyIngress.ipv4_lpm'
[06:04:58.879] [bmv2] [D] [thread 247324] Dumping entry 4
Match key:
* hdr.ipv4.dstAddr              : LPM       0a000101/32
* standard_metadata.ingress_port: EXACT     0006
Action entry: MyIngress.ipv4_forward - a000101,1,

[06:04:58.879] [bmv2] [T] [thread 247324] bm_table_add_entry
[06:04:58.879] [bmv2] [D] [thread 247324] Entry 5 added to table 'MyIngress.ipv4_lpm'
[06:04:58.879] [bmv2] [D] [thread 247324] Dumping entry 5
Match key:
* hdr.ipv4.dstAddr              : LPM       0a000102/32
* standard_metadata.ingress_port: EXACT     0002
Action entry: MyIngress.ipv4_forward - a000102,1,

[06:04:58.880] [bmv2] [T] [thread 247324] bm_table_add_entry
[06:04:58.880] [bmv2] [D] [thread 247324] Entry 6 added to table 'MyIngress.ipv4_lpm'
[06:04:58.880] [bmv2] [D] [thread 247324] Dumping entry 6
Match key:
* hdr.ipv4.dstAddr              : LPM       0a000102/32
* standard_metadata.ingress_port: EXACT     0003
Action entry: MyIngress.ipv4_forward - a000102,1,

[06:04:58.881] [bmv2] [T] [thread 247324] bm_table_add_entry
[06:04:58.881] [bmv2] [D] [thread 247324] Entry 7 added to table 'MyIngress.ipv4_lpm'
[06:04:58.881] [bmv2] [D] [thread 247324] Dumping entry 7
Match key:
* hdr.ipv4.dstAddr              : LPM       0a000102/32
* standard_metadata.ingress_port: EXACT     0004
Action entry: MyIngress.ipv4_forward - a000102,1,

[06:04:58.882] [bmv2] [T] [thread 247324] bm_table_add_entry
[06:04:58.882] [bmv2] [D] [thread 247324] Entry 8 added to table 'MyIngress.ipv4_lpm'
[06:04:58.882] [bmv2] [D] [thread 247324] Dumping entry 8
Match key:
* hdr.ipv4.dstAddr              : LPM       0a000102/32
* standard_metadata.ingress_port: EXACT     0005
Action entry: MyIngress.ipv4_forward - a000102,1,

[06:04:58.882] [bmv2] [T] [thread 247324] bm_table_add_entry
[06:04:58.882] [bmv2] [D] [thread 247324] Entry 9 added to table 'MyIngress.ipv4_lpm'
[06:04:58.883] [bmv2] [D] [thread 247324] Dumping entry 9
Match key:
* hdr.ipv4.dstAddr              : LPM       0a000102/32
* standard_metadata.ingress_port: EXACT     0006
Action entry: MyIngress.ipv4_forward - a000102,1,

[06:04:58.883] [bmv2] [T] [thread 247324] bm_table_add_entry
[06:04:58.883] [bmv2] [D] [thread 247324] Entry 10 added to table 'MyIngress.ipv4_lpm'
[06:04:58.883] [bmv2] [D] [thread 247324] Dumping entry 10
Match key:
* hdr.ipv4.dstAddr              : LPM       0a000103/32
* standard_metadata.ingress_port: EXACT     0002
Action entry: MyIngress.ipv4_forward - a000103,1,

[06:04:58.884] [bmv2] [T] [thread 247324] bm_table_add_entry
[06:04:58.884] [bmv2] [D] [thread 247324] Entry 11 added to table 'MyIngress.ipv4_lpm'
[06:04:58.884] [bmv2] [D] [thread 247324] Dumping entry 11
Match key:
* hdr.ipv4.dstAddr              : LPM       0a000103/32
* standard_metadata.ingress_port: EXACT     0003
Action entry: MyIngress.ipv4_forward - a000103,1,

[06:04:58.885] [bmv2] [T] [thread 247324] bm_table_add_entry
[06:04:58.885] [bmv2] [D] [thread 247324] Entry 12 added to table 'MyIngress.ipv4_lpm'
[06:04:58.885] [bmv2] [D] [thread 247324] Dumping entry 12
Match key:
* hdr.ipv4.dstAddr              : LPM       0a000103/32
* standard_metadata.ingress_port: EXACT     0004
Action entry: MyIngress.ipv4_forward - a000103,1,

[06:04:58.885] [bmv2] [T] [thread 247324] bm_table_add_entry
[06:04:58.886] [bmv2] [D] [thread 247324] Entry 13 added to table 'MyIngress.ipv4_lpm'
[06:04:58.886] [bmv2] [D] [thread 247324] Dumping entry 13
Match key:
* hdr.ipv4.dstAddr              : LPM       0a000103/32
* standard_metadata.ingress_port: EXACT     0005
Action entry: MyIngress.ipv4_forward - a000103,1,

[06:04:58.886] [bmv2] [T] [thread 247324] bm_table_add_entry
[06:04:58.886] [bmv2] [D] [thread 247324] Entry 14 added to table 'MyIngress.ipv4_lpm'
[06:04:58.886] [bmv2] [D] [thread 247324] Dumping entry 14
Match key:
* hdr.ipv4.dstAddr              : LPM       0a000103/32
* standard_metadata.ingress_port: EXACT     0006
Action entry: MyIngress.ipv4_forward - a000103,1,

[06:04:58.887] [bmv2] [T] [thread 247324] bm_table_add_entry
[06:04:58.887] [bmv2] [D] [thread 247324] Entry 15 added to table 'MyIngress.ipv4_lpm'
[06:04:58.887] [bmv2] [D] [thread 247324] Dumping entry 15
Match key:
* hdr.ipv4.dstAddr              : LPM       0a000204/32
* standard_metadata.ingress_port: EXACT     0002
Action entry: MyIngress.ipv4_forward - a000204,1,

[06:04:58.888] [bmv2] [T] [thread 247324] bm_table_add_entry
[06:04:58.888] [bmv2] [D] [thread 247324] Entry 16 added to table 'MyIngress.ipv4_lpm'
[06:04:58.888] [bmv2] [D] [thread 247324] Dumping entry 16
Match key:
* hdr.ipv4.dstAddr              : LPM       0a000204/32
* standard_metadata.ingress_port: EXACT     0003
Action entry: MyIngress.ipv4_forward - a000204,1,

[06:04:58.889] [bmv2] [T] [thread 247324] bm_table_add_entry
[06:04:58.889] [bmv2] [D] [thread 247324] Entry 17 added to table 'MyIngress.ipv4_lpm'
[06:04:58.889] [bmv2] [D] [thread 247324] Dumping entry 17
Match key:
* hdr.ipv4.dstAddr              : LPM       0a000204/32
* standard_metadata.ingress_port: EXACT     0004
Action entry: MyIngress.ipv4_forward - a000204,1,

[06:04:58.889] [bmv2] [T] [thread 247324] bm_table_add_entry
[06:04:58.889] [bmv2] [D] [thread 247324] Entry 18 added to table 'MyIngress.ipv4_lpm'
[06:04:58.889] [bmv2] [D] [thread 247324] Dumping entry 18
Match key:
* hdr.ipv4.dstAddr              : LPM       0a000204/32
* standard_metadata.ingress_port: EXACT     0005
Action entry: MyIngress.ipv4_forward - a000204,1,

[06:04:58.890] [bmv2] [T] [thread 247324] bm_table_add_entry
[06:04:58.890] [bmv2] [D] [thread 247324] Entry 19 added to table 'MyIngress.ipv4_lpm'
[06:04:58.890] [bmv2] [D] [thread 247324] Dumping entry 19
Match key:
* hdr.ipv4.dstAddr              : LPM       0a000204/32
* standard_metadata.ingress_port: EXACT     0006
Action entry: MyIngress.ipv4_forward - a000204,1,

[06:04:58.891] [bmv2] [T] [thread 247324] bm_table_add_entry
[06:04:58.891] [bmv2] [D] [thread 247324] Entry 20 added to table 'MyIngress.ipv4_lpm'
[06:04:58.891] [bmv2] [D] [thread 247324] Dumping entry 20
Match key:
* hdr.ipv4.dstAddr              : LPM       0a000205/32
* standard_metadata.ingress_port: EXACT     0002
Action entry: MyIngress.ipv4_forward - a000205,1,

[06:04:58.891] [bmv2] [T] [thread 247324] bm_table_add_entry
[06:04:58.892] [bmv2] [D] [thread 247324] Entry 21 added to table 'MyIngress.ipv4_lpm'
[06:04:58.892] [bmv2] [D] [thread 247324] Dumping entry 21
Match key:
* hdr.ipv4.dstAddr              : LPM       0a000205/32
* standard_metadata.ingress_port: EXACT     0003
Action entry: MyIngress.ipv4_forward - a000205,1,

[06:04:58.892] [bmv2] [T] [thread 247324] bm_table_add_entry
[06:04:58.892] [bmv2] [D] [thread 247324] Entry 22 added to table 'MyIngress.ipv4_lpm'
[06:04:58.892] [bmv2] [D] [thread 247324] Dumping entry 22
Match key:
* hdr.ipv4.dstAddr              : LPM       0a000205/32
* standard_metadata.ingress_port: EXACT     0004
Action entry: MyIngress.ipv4_forward - a000205,1,

[06:04:58.893] [bmv2] [T] [thread 247324] bm_table_add_entry
[06:04:58.893] [bmv2] [D] [thread 247324] Entry 23 added to table 'MyIngress.ipv4_lpm'
[06:04:58.893] [bmv2] [D] [thread 247324] Dumping entry 23
Match key:
* hdr.ipv4.dstAddr              : LPM       0a000205/32
* standard_metadata.ingress_port: EXACT     0005
Action entry: MyIngress.ipv4_forward - a000205,1,

[06:04:58.894] [bmv2] [T] [thread 247324] bm_table_add_entry
[06:04:58.894] [bmv2] [D] [thread 247324] Entry 24 added to table 'MyIngress.ipv4_lpm'
[06:04:58.894] [bmv2] [D] [thread 247324] Dumping entry 24
Match key:
* hdr.ipv4.dstAddr              : LPM       0a000205/32
* standard_metadata.ingress_port: EXACT     0006
Action entry: MyIngress.ipv4_forward - a000205,1,

[06:04:58.895] [bmv2] [T] [thread 247324] bm_table_add_entry
[06:04:58.895] [bmv2] [D] [thread 247324] Entry 25 added to table 'MyIngress.ipv4_lpm'
[06:04:58.895] [bmv2] [D] [thread 247324] Dumping entry 25
Match key:
* hdr.ipv4.dstAddr              : LPM       0a000206/32
* standard_metadata.ingress_port: EXACT     0002
Action entry: MyIngress.ipv4_forward - a000206,1,

[06:04:58.895] [bmv2] [T] [thread 247324] bm_table_add_entry
[06:04:58.896] [bmv2] [D] [thread 247324] Entry 26 added to table 'MyIngress.ipv4_lpm'
[06:04:58.896] [bmv2] [D] [thread 247324] Dumping entry 26
Match key:
* hdr.ipv4.dstAddr              : LPM       0a000206/32
* standard_metadata.ingress_port: EXACT     0003
Action entry: MyIngress.ipv4_forward - a000206,1,

[06:04:58.896] [bmv2] [T] [thread 247324] bm_table_add_entry
[06:04:58.896] [bmv2] [D] [thread 247324] Entry 27 added to table 'MyIngress.ipv4_lpm'
[06:04:58.896] [bmv2] [D] [thread 247324] Dumping entry 27
Match key:
* hdr.ipv4.dstAddr              : LPM       0a000206/32
* standard_metadata.ingress_port: EXACT     0004
Action entry: MyIngress.ipv4_forward - a000206,1,

[06:04:58.897] [bmv2] [T] [thread 247324] bm_table_add_entry
[06:04:58.897] [bmv2] [D] [thread 247324] Entry 28 added to table 'MyIngress.ipv4_lpm'
[06:04:58.897] [bmv2] [D] [thread 247324] Dumping entry 28
Match key:
* hdr.ipv4.dstAddr              : LPM       0a000206/32
* standard_metadata.ingress_port: EXACT     0005
Action entry: MyIngress.ipv4_forward - a000206,1,

[06:04:58.898] [bmv2] [T] [thread 247324] bm_table_add_entry
[06:04:58.898] [bmv2] [D] [thread 247324] Entry 29 added to table 'MyIngress.ipv4_lpm'
[06:04:58.898] [bmv2] [D] [thread 247324] Dumping entry 29
Match key:
* hdr.ipv4.dstAddr              : LPM       0a000206/32
* standard_metadata.ingress_port: EXACT     0006
Action entry: MyIngress.ipv4_forward - a000206,1,

[06:04:58.899] [bmv2] [T] [thread 247324] bm_table_add_entry
[06:04:58.899] [bmv2] [D] [thread 247324] Entry 30 added to table 'MyIngress.ipv4_lpm'
[06:04:58.899] [bmv2] [D] [thread 247324] Dumping entry 30
Match key:
* hdr.ipv4.dstAddr              : LPM       0a000307/32
* standard_metadata.ingress_port: EXACT     0002
Action entry: MyIngress.ipv4_forward - a000307,1,

[06:04:58.899] [bmv2] [T] [thread 247324] bm_table_add_entry
[06:04:58.900] [bmv2] [D] [thread 247324] Entry 31 added to table 'MyIngress.ipv4_lpm'
[06:04:58.900] [bmv2] [D] [thread 247324] Dumping entry 31
Match key:
* hdr.ipv4.dstAddr              : LPM       0a000307/32
* standard_metadata.ingress_port: EXACT     0003
Action entry: MyIngress.ipv4_forward - a000307,1,

[06:04:58.900] [bmv2] [T] [thread 247324] bm_table_add_entry
[06:04:58.900] [bmv2] [D] [thread 247324] Entry 32 added to table 'MyIngress.ipv4_lpm'
[06:04:58.900] [bmv2] [D] [thread 247324] Dumping entry 32
Match key:
* hdr.ipv4.dstAddr              : LPM       0a000307/32
* standard_metadata.ingress_port: EXACT     0004
Action entry: MyIngress.ipv4_forward - a000307,1,

[06:04:58.901] [bmv2] [T] [thread 247324] bm_table_add_entry
[06:04:58.901] [bmv2] [D] [thread 247324] Entry 33 added to table 'MyIngress.ipv4_lpm'
[06:04:58.901] [bmv2] [D] [thread 247324] Dumping entry 33
Match key:
* hdr.ipv4.dstAddr              : LPM       0a000307/32
* standard_metadata.ingress_port: EXACT     0005
Action entry: MyIngress.ipv4_forward - a000307,1,

[06:04:58.902] [bmv2] [T] [thread 247324] bm_table_add_entry
[06:04:58.902] [bmv2] [D] [thread 247324] Entry 34 added to table 'MyIngress.ipv4_lpm'
[06:04:58.902] [bmv2] [D] [thread 247324] Dumping entry 34
Match key:
* hdr.ipv4.dstAddr              : LPM       0a000307/32
* standard_metadata.ingress_port: EXACT     0006
Action entry: MyIngress.ipv4_forward - a000307,1,

[06:04:58.902] [bmv2] [T] [thread 247324] bm_table_add_entry
[06:04:58.903] [bmv2] [D] [thread 247324] Entry 35 added to table 'MyIngress.ipv4_lpm'
[06:04:58.903] [bmv2] [D] [thread 247324] Dumping entry 35
Match key:
* hdr.ipv4.dstAddr              : LPM       0a000308/32
* standard_metadata.ingress_port: EXACT     0002
Action entry: MyIngress.ipv4_forward - a000308,1,

[06:04:58.903] [bmv2] [T] [thread 247324] bm_table_add_entry
[06:04:58.903] [bmv2] [D] [thread 247324] Entry 36 added to table 'MyIngress.ipv4_lpm'
[06:04:58.903] [bmv2] [D] [thread 247324] Dumping entry 36
Match key:
* hdr.ipv4.dstAddr              : LPM       0a000308/32
* standard_metadata.ingress_port: EXACT     0003
Action entry: MyIngress.ipv4_forward - a000308,1,

[06:04:58.904] [bmv2] [T] [thread 247324] bm_table_add_entry
[06:04:58.904] [bmv2] [D] [thread 247324] Entry 37 added to table 'MyIngress.ipv4_lpm'
[06:04:58.904] [bmv2] [D] [thread 247324] Dumping entry 37
Match key:
* hdr.ipv4.dstAddr              : LPM       0a000308/32
* standard_metadata.ingress_port: EXACT     0004
Action entry: MyIngress.ipv4_forward - a000308,1,

[06:04:58.905] [bmv2] [T] [thread 247324] bm_table_add_entry
[06:04:58.905] [bmv2] [D] [thread 247324] Entry 38 added to table 'MyIngress.ipv4_lpm'
[06:04:58.905] [bmv2] [D] [thread 247324] Dumping entry 38
Match key:
* hdr.ipv4.dstAddr              : LPM       0a000308/32
* standard_metadata.ingress_port: EXACT     0005
Action entry: MyIngress.ipv4_forward - a000308,1,

[06:04:58.906] [bmv2] [T] [thread 247324] bm_table_add_entry
[06:04:58.906] [bmv2] [D] [thread 247324] Entry 39 added to table 'MyIngress.ipv4_lpm'
[06:04:58.906] [bmv2] [D] [thread 247324] Dumping entry 39
Match key:
* hdr.ipv4.dstAddr              : LPM       0a000308/32
* standard_metadata.ingress_port: EXACT     0006
Action entry: MyIngress.ipv4_forward - a000308,1,

[06:04:58.906] [bmv2] [T] [thread 247324] bm_table_add_entry
[06:04:58.906] [bmv2] [D] [thread 247324] Entry 40 added to table 'MyIngress.ipv4_lpm'
[06:04:58.907] [bmv2] [D] [thread 247324] Dumping entry 40
Match key:
* hdr.ipv4.dstAddr              : LPM       0a000309/32
* standard_metadata.ingress_port: EXACT     0002
Action entry: MyIngress.ipv4_forward - a000309,1,

[06:04:58.907] [bmv2] [T] [thread 247324] bm_table_add_entry
[06:04:58.907] [bmv2] [D] [thread 247324] Entry 41 added to table 'MyIngress.ipv4_lpm'
[06:04:58.907] [bmv2] [D] [thread 247324] Dumping entry 41
Match key:
* hdr.ipv4.dstAddr              : LPM       0a000309/32
* standard_metadata.ingress_port: EXACT     0003
Action entry: MyIngress.ipv4_forward - a000309,1,

[06:04:58.908] [bmv2] [T] [thread 247324] bm_table_add_entry
[06:04:58.908] [bmv2] [D] [thread 247324] Entry 42 added to table 'MyIngress.ipv4_lpm'
[06:04:58.908] [bmv2] [D] [thread 247324] Dumping entry 42
Match key:
* hdr.ipv4.dstAddr              : LPM       0a000309/32
* standard_metadata.ingress_port: EXACT     0004
Action entry: MyIngress.ipv4_forward - a000309,1,

[06:04:58.909] [bmv2] [T] [thread 247324] bm_table_add_entry
[06:04:58.909] [bmv2] [D] [thread 247324] Entry 43 added to table 'MyIngress.ipv4_lpm'
[06:04:58.909] [bmv2] [D] [thread 247324] Dumping entry 43
Match key:
* hdr.ipv4.dstAddr              : LPM       0a000309/32
* standard_metadata.ingress_port: EXACT     0005
Action entry: MyIngress.ipv4_forward - a000309,1,

[06:04:58.909] [bmv2] [T] [thread 247324] bm_table_add_entry
[06:04:58.910] [bmv2] [D] [thread 247324] Entry 44 added to table 'MyIngress.ipv4_lpm'
[06:04:58.910] [bmv2] [D] [thread 247324] Dumping entry 44
Match key:
* hdr.ipv4.dstAddr              : LPM       0a000309/32
* standard_metadata.ingress_port: EXACT     0006
Action entry: MyIngress.ipv4_forward - a000309,1,

[06:04:58.910] [bmv2] [T] [thread 247324] bm_table_add_entry
[06:04:58.910] [bmv2] [D] [thread 247324] Entry 45 added to table 'MyIngress.ipv4_lpm'
[06:04:58.910] [bmv2] [D] [thread 247324] Dumping entry 45
Match key:
* hdr.ipv4.dstAddr              : LPM       0a00040a/32
* standard_metadata.ingress_port: EXACT     0001
Action entry: MyIngress.ipv4_forward - a00040a,2,

[06:04:58.911] [bmv2] [T] [thread 247324] bm_table_add_entry
[06:04:58.911] [bmv2] [D] [thread 247324] Entry 46 added to table 'MyIngress.ipv4_lpm'
[06:04:58.912] [bmv2] [D] [thread 247324] Dumping entry 46
Match key:
* hdr.ipv4.dstAddr              : LPM       0a00040a/32
* standard_metadata.ingress_port: EXACT     0003
Action entry: MyIngress.ipv4_forward - a00040a,2,

[06:04:58.912] [bmv2] [T] [thread 247324] bm_table_add_entry
[06:04:58.912] [bmv2] [D] [thread 247324] Entry 47 added to table 'MyIngress.ipv4_lpm'
[06:04:58.912] [bmv2] [D] [thread 247324] Dumping entry 47
Match key:
* hdr.ipv4.dstAddr              : LPM       0a00040a/32
* standard_metadata.ingress_port: EXACT     0004
Action entry: MyIngress.ipv4_forward - a00040a,2,

[06:04:58.913] [bmv2] [T] [thread 247324] bm_table_add_entry
[06:04:58.913] [bmv2] [D] [thread 247324] Entry 48 added to table 'MyIngress.ipv4_lpm'
[06:04:58.913] [bmv2] [D] [thread 247324] Dumping entry 48
Match key:
* hdr.ipv4.dstAddr              : LPM       0a00040a/32
* standard_metadata.ingress_port: EXACT     0005
Action entry: MyIngress.ipv4_forward - a00040a,2,

[06:04:58.914] [bmv2] [T] [thread 247324] bm_table_add_entry
[06:04:58.914] [bmv2] [D] [thread 247324] Entry 49 added to table 'MyIngress.ipv4_lpm'
[06:04:58.914] [bmv2] [D] [thread 247324] Dumping entry 49
Match key:
* hdr.ipv4.dstAddr              : LPM       0a00040a/32
* standard_metadata.ingress_port: EXACT     0006
Action entry: MyIngress.ipv4_forward - a00040a,2,

[06:04:58.915] [bmv2] [T] [thread 247324] bm_table_add_entry
[06:04:58.915] [bmv2] [D] [thread 247324] Entry 50 added to table 'MyIngress.ipv4_lpm'
[06:04:58.915] [bmv2] [D] [thread 247324] Dumping entry 50
Match key:
* hdr.ipv4.dstAddr              : LPM       0a00040b/32
* standard_metadata.ingress_port: EXACT     0001
Action entry: MyIngress.ipv4_forward - a00040b,2,

[06:04:58.915] [bmv2] [T] [thread 247324] bm_table_add_entry
[06:04:58.916] [bmv2] [D] [thread 247324] Entry 51 added to table 'MyIngress.ipv4_lpm'
[06:04:58.916] [bmv2] [D] [thread 247324] Dumping entry 51
Match key:
* hdr.ipv4.dstAddr              : LPM       0a00040b/32
* standard_metadata.ingress_port: EXACT     0003
Action entry: MyIngress.ipv4_forward - a00040b,2,

[06:04:58.916] [bmv2] [T] [thread 247324] bm_table_add_entry
[06:04:58.916] [bmv2] [D] [thread 247324] Entry 52 added to table 'MyIngress.ipv4_lpm'
[06:04:58.916] [bmv2] [D] [thread 247324] Dumping entry 52
Match key:
* hdr.ipv4.dstAddr              : LPM       0a00040b/32
* standard_metadata.ingress_port: EXACT     0004
Action entry: MyIngress.ipv4_forward - a00040b,2,

[06:04:58.917] [bmv2] [T] [thread 247324] bm_table_add_entry
[06:04:58.917] [bmv2] [D] [thread 247324] Entry 53 added to table 'MyIngress.ipv4_lpm'
[06:04:58.917] [bmv2] [D] [thread 247324] Dumping entry 53
Match key:
* hdr.ipv4.dstAddr              : LPM       0a00040b/32
* standard_metadata.ingress_port: EXACT     0005
Action entry: MyIngress.ipv4_forward - a00040b,2,

[06:04:58.918] [bmv2] [T] [thread 247324] bm_table_add_entry
[06:04:58.918] [bmv2] [D] [thread 247324] Entry 54 added to table 'MyIngress.ipv4_lpm'
[06:04:58.918] [bmv2] [D] [thread 247324] Dumping entry 54
Match key:
* hdr.ipv4.dstAddr              : LPM       0a00040b/32
* standard_metadata.ingress_port: EXACT     0006
Action entry: MyIngress.ipv4_forward - a00040b,2,

[06:04:58.919] [bmv2] [T] [thread 247324] bm_table_add_entry
[06:04:58.919] [bmv2] [D] [thread 247324] Entry 55 added to table 'MyIngress.ipv4_lpm'
[06:04:58.919] [bmv2] [D] [thread 247324] Dumping entry 55
Match key:
* hdr.ipv4.dstAddr              : LPM       0a00040c/32
* standard_metadata.ingress_port: EXACT     0001
Action entry: MyIngress.ipv4_forward - a00040c,2,

[06:04:58.919] [bmv2] [T] [thread 247324] bm_table_add_entry
[06:04:58.920] [bmv2] [D] [thread 247324] Entry 56 added to table 'MyIngress.ipv4_lpm'
[06:04:58.920] [bmv2] [D] [thread 247324] Dumping entry 56
Match key:
* hdr.ipv4.dstAddr              : LPM       0a00040c/32
* standard_metadata.ingress_port: EXACT     0003
Action entry: MyIngress.ipv4_forward - a00040c,2,

[06:04:58.920] [bmv2] [T] [thread 247324] bm_table_add_entry
[06:04:58.920] [bmv2] [D] [thread 247324] Entry 57 added to table 'MyIngress.ipv4_lpm'
[06:04:58.920] [bmv2] [D] [thread 247324] Dumping entry 57
Match key:
* hdr.ipv4.dstAddr              : LPM       0a00040c/32
* standard_metadata.ingress_port: EXACT     0004
Action entry: MyIngress.ipv4_forward - a00040c,2,

[06:04:58.921] [bmv2] [T] [thread 247324] bm_table_add_entry
[06:04:58.921] [bmv2] [D] [thread 247324] Entry 58 added to table 'MyIngress.ipv4_lpm'
[06:04:58.921] [bmv2] [D] [thread 247324] Dumping entry 58
Match key:
* hdr.ipv4.dstAddr              : LPM       0a00040c/32
* standard_metadata.ingress_port: EXACT     0005
Action entry: MyIngress.ipv4_forward - a00040c,2,

[06:04:58.922] [bmv2] [T] [thread 247324] bm_table_add_entry
[06:04:58.922] [bmv2] [D] [thread 247324] Entry 59 added to table 'MyIngress.ipv4_lpm'
[06:04:58.922] [bmv2] [D] [thread 247324] Dumping entry 59
Match key:
* hdr.ipv4.dstAddr              : LPM       0a00040c/32
* standard_metadata.ingress_port: EXACT     0006
Action entry: MyIngress.ipv4_forward - a00040c,2,

[06:04:58.922] [bmv2] [T] [thread 247324] bm_table_add_entry
[06:04:58.922] [bmv2] [D] [thread 247324] Entry 60 added to table 'MyIngress.ipv4_lpm'
[06:04:58.923] [bmv2] [D] [thread 247324] Dumping entry 60
Match key:
* hdr.ipv4.dstAddr              : LPM       0a00050d/32
* standard_metadata.ingress_port: EXACT     0001
Action entry: MyIngress.ipv4_forward - a00050d,2,

[06:04:58.923] [bmv2] [T] [thread 247324] bm_table_add_entry
[06:04:58.923] [bmv2] [D] [thread 247324] Entry 61 added to table 'MyIngress.ipv4_lpm'
[06:04:58.923] [bmv2] [D] [thread 247324] Dumping entry 61
Match key:
* hdr.ipv4.dstAddr              : LPM       0a00050d/32
* standard_metadata.ingress_port: EXACT     0003
Action entry: MyIngress.ipv4_forward - a00050d,2,

[06:04:58.924] [bmv2] [T] [thread 247324] bm_table_add_entry
[06:04:58.924] [bmv2] [D] [thread 247324] Entry 62 added to table 'MyIngress.ipv4_lpm'
[06:04:58.924] [bmv2] [D] [thread 247324] Dumping entry 62
Match key:
* hdr.ipv4.dstAddr              : LPM       0a00050d/32
* standard_metadata.ingress_port: EXACT     0004
Action entry: MyIngress.ipv4_forward - a00050d,2,

[06:04:58.925] [bmv2] [T] [thread 247324] bm_table_add_entry
[06:04:58.925] [bmv2] [D] [thread 247324] Entry 63 added to table 'MyIngress.ipv4_lpm'
[06:04:58.925] [bmv2] [D] [thread 247324] Dumping entry 63
Match key:
* hdr.ipv4.dstAddr              : LPM       0a00050d/32
* standard_metadata.ingress_port: EXACT     0005
Action entry: MyIngress.ipv4_forward - a00050d,2,

[06:04:58.925] [bmv2] [T] [thread 247324] bm_table_add_entry
[06:04:58.925] [bmv2] [D] [thread 247324] Entry 64 added to table 'MyIngress.ipv4_lpm'
[06:04:58.926] [bmv2] [D] [thread 247324] Dumping entry 64
Match key:
* hdr.ipv4.dstAddr              : LPM       0a00050d/32
* standard_metadata.ingress_port: EXACT     0006
Action entry: MyIngress.ipv4_forward - a00050d,2,

[06:04:58.926] [bmv2] [T] [thread 247324] bm_table_add_entry
[06:04:58.926] [bmv2] [D] [thread 247324] Entry 65 added to table 'MyIngress.ipv4_lpm'
[06:04:58.926] [bmv2] [D] [thread 247324] Dumping entry 65
Match key:
* hdr.ipv4.dstAddr              : LPM       0a00050e/32
* standard_metadata.ingress_port: EXACT     0001
Action entry: MyIngress.ipv4_forward - a00050e,2,

[06:04:58.927] [bmv2] [T] [thread 247324] bm_table_add_entry
[06:04:58.927] [bmv2] [D] [thread 247324] Entry 66 added to table 'MyIngress.ipv4_lpm'
[06:04:58.927] [bmv2] [D] [thread 247324] Dumping entry 66
Match key:
* hdr.ipv4.dstAddr              : LPM       0a00050e/32
* standard_metadata.ingress_port: EXACT     0003
Action entry: MyIngress.ipv4_forward - a00050e,2,

[06:04:58.927] [bmv2] [T] [thread 247324] bm_table_add_entry
[06:04:58.928] [bmv2] [D] [thread 247324] Entry 67 added to table 'MyIngress.ipv4_lpm'
[06:04:58.928] [bmv2] [D] [thread 247324] Dumping entry 67
Match key:
* hdr.ipv4.dstAddr              : LPM       0a00050e/32
* standard_metadata.ingress_port: EXACT     0004
Action entry: MyIngress.ipv4_forward - a00050e,2,

[06:04:58.928] [bmv2] [T] [thread 247324] bm_table_add_entry
[06:04:58.928] [bmv2] [D] [thread 247324] Entry 68 added to table 'MyIngress.ipv4_lpm'
[06:04:58.928] [bmv2] [D] [thread 247324] Dumping entry 68
Match key:
* hdr.ipv4.dstAddr              : LPM       0a00050e/32
* standard_metadata.ingress_port: EXACT     0005
Action entry: MyIngress.ipv4_forward - a00050e,2,

[06:04:58.929] [bmv2] [T] [thread 247324] bm_table_add_entry
[06:04:58.929] [bmv2] [D] [thread 247324] Entry 69 added to table 'MyIngress.ipv4_lpm'
[06:04:58.929] [bmv2] [D] [thread 247324] Dumping entry 69
Match key:
* hdr.ipv4.dstAddr              : LPM       0a00050e/32
* standard_metadata.ingress_port: EXACT     0006
Action entry: MyIngress.ipv4_forward - a00050e,2,

[06:04:58.930] [bmv2] [T] [thread 247324] bm_table_add_entry
[06:04:58.930] [bmv2] [D] [thread 247324] Entry 70 added to table 'MyIngress.ipv4_lpm'
[06:04:58.930] [bmv2] [D] [thread 247324] Dumping entry 70
Match key:
* hdr.ipv4.dstAddr              : LPM       0a00050f/32
* standard_metadata.ingress_port: EXACT     0001
Action entry: MyIngress.ipv4_forward - a00050f,2,

[06:04:58.930] [bmv2] [T] [thread 247324] bm_table_add_entry
[06:04:58.930] [bmv2] [D] [thread 247324] Entry 71 added to table 'MyIngress.ipv4_lpm'
[06:04:58.930] [bmv2] [D] [thread 247324] Dumping entry 71
Match key:
* hdr.ipv4.dstAddr              : LPM       0a00050f/32
* standard_metadata.ingress_port: EXACT     0003
Action entry: MyIngress.ipv4_forward - a00050f,2,

[06:04:58.931] [bmv2] [T] [thread 247324] bm_table_add_entry
[06:04:58.931] [bmv2] [D] [thread 247324] Entry 72 added to table 'MyIngress.ipv4_lpm'
[06:04:58.931] [bmv2] [D] [thread 247324] Dumping entry 72
Match key:
* hdr.ipv4.dstAddr              : LPM       0a00050f/32
* standard_metadata.ingress_port: EXACT     0004
Action entry: MyIngress.ipv4_forward - a00050f,2,

[06:04:58.932] [bmv2] [T] [thread 247324] bm_table_add_entry
[06:04:58.932] [bmv2] [D] [thread 247324] Entry 73 added to table 'MyIngress.ipv4_lpm'
[06:04:58.932] [bmv2] [D] [thread 247324] Dumping entry 73
Match key:
* hdr.ipv4.dstAddr              : LPM       0a00050f/32
* standard_metadata.ingress_port: EXACT     0005
Action entry: MyIngress.ipv4_forward - a00050f,2,

[06:04:58.932] [bmv2] [T] [thread 247324] bm_table_add_entry
[06:04:58.933] [bmv2] [D] [thread 247324] Entry 74 added to table 'MyIngress.ipv4_lpm'
[06:04:58.933] [bmv2] [D] [thread 247324] Dumping entry 74
Match key:
* hdr.ipv4.dstAddr              : LPM       0a00050f/32
* standard_metadata.ingress_port: EXACT     0006
Action entry: MyIngress.ipv4_forward - a00050f,2,

[06:04:58.933] [bmv2] [T] [thread 247324] bm_table_add_entry
[06:04:58.933] [bmv2] [D] [thread 247324] Entry 75 added to table 'MyIngress.ipv4_lpm'
[06:04:58.934] [bmv2] [D] [thread 247324] Dumping entry 75
Match key:
* hdr.ipv4.dstAddr              : LPM       0a000610/32
* standard_metadata.ingress_port: EXACT     0001
Action entry: MyIngress.ipv4_forward - a000610,2,

[06:04:58.934] [bmv2] [T] [thread 247324] bm_table_add_entry
[06:04:58.934] [bmv2] [D] [thread 247324] Entry 76 added to table 'MyIngress.ipv4_lpm'
[06:04:58.934] [bmv2] [D] [thread 247324] Dumping entry 76
Match key:
* hdr.ipv4.dstAddr              : LPM       0a000610/32
* standard_metadata.ingress_port: EXACT     0003
Action entry: MyIngress.ipv4_forward - a000610,2,

[06:04:58.935] [bmv2] [T] [thread 247324] bm_table_add_entry
[06:04:58.935] [bmv2] [D] [thread 247324] Entry 77 added to table 'MyIngress.ipv4_lpm'
[06:04:58.935] [bmv2] [D] [thread 247324] Dumping entry 77
Match key:
* hdr.ipv4.dstAddr              : LPM       0a000610/32
* standard_metadata.ingress_port: EXACT     0004
Action entry: MyIngress.ipv4_forward - a000610,2,

[06:04:58.935] [bmv2] [T] [thread 247324] bm_table_add_entry
[06:04:58.936] [bmv2] [D] [thread 247324] Entry 78 added to table 'MyIngress.ipv4_lpm'
[06:04:58.936] [bmv2] [D] [thread 247324] Dumping entry 78
Match key:
* hdr.ipv4.dstAddr              : LPM       0a000610/32
* standard_metadata.ingress_port: EXACT     0005
Action entry: MyIngress.ipv4_forward - a000610,2,

[06:04:58.936] [bmv2] [T] [thread 247324] bm_table_add_entry
[06:04:58.936] [bmv2] [D] [thread 247324] Entry 79 added to table 'MyIngress.ipv4_lpm'
[06:04:58.937] [bmv2] [D] [thread 247324] Dumping entry 79
Match key:
* hdr.ipv4.dstAddr              : LPM       0a000610/32
* standard_metadata.ingress_port: EXACT     0006
Action entry: MyIngress.ipv4_forward - a000610,2,

[06:04:58.937] [bmv2] [T] [thread 247324] bm_table_add_entry
[06:04:58.937] [bmv2] [D] [thread 247324] Entry 80 added to table 'MyIngress.ipv4_lpm'
[06:04:58.937] [bmv2] [D] [thread 247324] Dumping entry 80
Match key:
* hdr.ipv4.dstAddr              : LPM       0a000611/32
* standard_metadata.ingress_port: EXACT     0001
Action entry: MyIngress.ipv4_forward - a000611,2,

[06:04:58.938] [bmv2] [T] [thread 247324] bm_table_add_entry
[06:04:58.938] [bmv2] [D] [thread 247324] Entry 81 added to table 'MyIngress.ipv4_lpm'
[06:04:58.938] [bmv2] [D] [thread 247324] Dumping entry 81
Match key:
* hdr.ipv4.dstAddr              : LPM       0a000611/32
* standard_metadata.ingress_port: EXACT     0003
Action entry: MyIngress.ipv4_forward - a000611,2,

[06:04:58.939] [bmv2] [T] [thread 247324] bm_table_add_entry
[06:04:58.939] [bmv2] [D] [thread 247324] Entry 82 added to table 'MyIngress.ipv4_lpm'
[06:04:58.939] [bmv2] [D] [thread 247324] Dumping entry 82
Match key:
* hdr.ipv4.dstAddr              : LPM       0a000611/32
* standard_metadata.ingress_port: EXACT     0004
Action entry: MyIngress.ipv4_forward - a000611,2,

[06:04:58.940] [bmv2] [T] [thread 247324] bm_table_add_entry
[06:04:58.940] [bmv2] [D] [thread 247324] Entry 83 added to table 'MyIngress.ipv4_lpm'
[06:04:58.940] [bmv2] [D] [thread 247324] Dumping entry 83
Match key:
* hdr.ipv4.dstAddr              : LPM       0a000611/32
* standard_metadata.ingress_port: EXACT     0005
Action entry: MyIngress.ipv4_forward - a000611,2,

[06:04:58.941] [bmv2] [T] [thread 247324] bm_table_add_entry
[06:04:58.941] [bmv2] [D] [thread 247324] Entry 84 added to table 'MyIngress.ipv4_lpm'
[06:04:58.941] [bmv2] [D] [thread 247324] Dumping entry 84
Match key:
* hdr.ipv4.dstAddr              : LPM       0a000611/32
* standard_metadata.ingress_port: EXACT     0006
Action entry: MyIngress.ipv4_forward - a000611,2,

[06:04:58.941] [bmv2] [T] [thread 247324] bm_table_add_entry
[06:04:58.942] [bmv2] [D] [thread 247324] Entry 85 added to table 'MyIngress.ipv4_lpm'
[06:04:58.942] [bmv2] [D] [thread 247324] Dumping entry 85
Match key:
* hdr.ipv4.dstAddr              : LPM       0a000612/32
* standard_metadata.ingress_port: EXACT     0001
Action entry: MyIngress.ipv4_forward - a000612,2,

[06:04:58.942] [bmv2] [T] [thread 247324] bm_table_add_entry
[06:04:58.942] [bmv2] [D] [thread 247324] Entry 86 added to table 'MyIngress.ipv4_lpm'
[06:04:58.943] [bmv2] [D] [thread 247324] Dumping entry 86
Match key:
* hdr.ipv4.dstAddr              : LPM       0a000612/32
* standard_metadata.ingress_port: EXACT     0003
Action entry: MyIngress.ipv4_forward - a000612,2,

[06:04:58.943] [bmv2] [T] [thread 247324] bm_table_add_entry
[06:04:58.943] [bmv2] [D] [thread 247324] Entry 87 added to table 'MyIngress.ipv4_lpm'
[06:04:58.943] [bmv2] [D] [thread 247324] Dumping entry 87
Match key:
* hdr.ipv4.dstAddr              : LPM       0a000612/32
* standard_metadata.ingress_port: EXACT     0004
Action entry: MyIngress.ipv4_forward - a000612,2,

[06:04:58.944] [bmv2] [T] [thread 247324] bm_table_add_entry
[06:04:58.944] [bmv2] [D] [thread 247324] Entry 88 added to table 'MyIngress.ipv4_lpm'
[06:04:58.944] [bmv2] [D] [thread 247324] Dumping entry 88
Match key:
* hdr.ipv4.dstAddr              : LPM       0a000612/32
* standard_metadata.ingress_port: EXACT     0005
Action entry: MyIngress.ipv4_forward - a000612,2,

[06:04:58.945] [bmv2] [T] [thread 247324] bm_table_add_entry
[06:04:58.945] [bmv2] [D] [thread 247324] Entry 89 added to table 'MyIngress.ipv4_lpm'
[06:04:58.945] [bmv2] [D] [thread 247324] Dumping entry 89
Match key:
* hdr.ipv4.dstAddr              : LPM       0a000612/32
* standard_metadata.ingress_port: EXACT     0006
Action entry: MyIngress.ipv4_forward - a000612,2,

[06:04:58.945] [bmv2] [T] [thread 247324] bm_table_add_entry
[06:04:58.946] [bmv2] [D] [thread 247324] Entry 90 added to table 'MyIngress.ipv4_lpm'
[06:04:58.946] [bmv2] [D] [thread 247324] Dumping entry 90
Match key:
* hdr.ipv4.dstAddr              : LPM       0a000713/32
* standard_metadata.ingress_port: EXACT     0001
Action entry: MyIngress.ipv4_forward - a000713,3,

[06:04:58.946] [bmv2] [T] [thread 247324] bm_table_add_entry
[06:04:58.946] [bmv2] [D] [thread 247324] Entry 91 added to table 'MyIngress.ipv4_lpm'
[06:04:58.946] [bmv2] [D] [thread 247324] Dumping entry 91
Match key:
* hdr.ipv4.dstAddr              : LPM       0a000713/32
* standard_metadata.ingress_port: EXACT     0002
Action entry: MyIngress.ipv4_forward - a000713,3,

[06:04:58.947] [bmv2] [T] [thread 247324] bm_table_add_entry
[06:04:58.947] [bmv2] [D] [thread 247324] Entry 92 added to table 'MyIngress.ipv4_lpm'
[06:04:58.947] [bmv2] [D] [thread 247324] Dumping entry 92
Match key:
* hdr.ipv4.dstAddr              : LPM       0a000713/32
* standard_metadata.ingress_port: EXACT     0004
Action entry: MyIngress.ipv4_forward - a000713,3,

[06:04:58.948] [bmv2] [T] [thread 247324] bm_table_add_entry
[06:04:58.948] [bmv2] [D] [thread 247324] Entry 93 added to table 'MyIngress.ipv4_lpm'
[06:04:58.948] [bmv2] [D] [thread 247324] Dumping entry 93
Match key:
* hdr.ipv4.dstAddr              : LPM       0a000713/32
* standard_metadata.ingress_port: EXACT     0005
Action entry: MyIngress.ipv4_forward - a000713,3,

[06:04:58.949] [bmv2] [T] [thread 247324] bm_table_add_entry
[06:04:58.949] [bmv2] [D] [thread 247324] Entry 94 added to table 'MyIngress.ipv4_lpm'
[06:04:58.949] [bmv2] [D] [thread 247324] Dumping entry 94
Match key:
* hdr.ipv4.dstAddr              : LPM       0a000713/32
* standard_metadata.ingress_port: EXACT     0006
Action entry: MyIngress.ipv4_forward - a000713,3,

[06:04:58.950] [bmv2] [T] [thread 247324] bm_table_add_entry
[06:04:58.950] [bmv2] [D] [thread 247324] Entry 95 added to table 'MyIngress.ipv4_lpm'
[06:04:58.950] [bmv2] [D] [thread 247324] Dumping entry 95
Match key:
* hdr.ipv4.dstAddr              : LPM       0a000714/32
* standard_metadata.ingress_port: EXACT     0001
Action entry: MyIngress.ipv4_forward - a000714,3,

[06:04:58.950] [bmv2] [T] [thread 247324] bm_table_add_entry
[06:04:58.951] [bmv2] [D] [thread 247324] Entry 96 added to table 'MyIngress.ipv4_lpm'
[06:04:58.951] [bmv2] [D] [thread 247324] Dumping entry 96
Match key:
* hdr.ipv4.dstAddr              : LPM       0a000714/32
* standard_metadata.ingress_port: EXACT     0002
Action entry: MyIngress.ipv4_forward - a000714,3,

[06:04:58.951] [bmv2] [T] [thread 247324] bm_table_add_entry
[06:04:58.951] [bmv2] [D] [thread 247324] Entry 97 added to table 'MyIngress.ipv4_lpm'
[06:04:58.951] [bmv2] [D] [thread 247324] Dumping entry 97
Match key:
* hdr.ipv4.dstAddr              : LPM       0a000714/32
* standard_metadata.ingress_port: EXACT     0004
Action entry: MyIngress.ipv4_forward - a000714,3,

[06:04:58.952] [bmv2] [T] [thread 247324] bm_table_add_entry
[06:04:58.952] [bmv2] [D] [thread 247324] Entry 98 added to table 'MyIngress.ipv4_lpm'
[06:04:58.952] [bmv2] [D] [thread 247324] Dumping entry 98
Match key:
* hdr.ipv4.dstAddr              : LPM       0a000714/32
* standard_metadata.ingress_port: EXACT     0005
Action entry: MyIngress.ipv4_forward - a000714,3,

[06:04:58.953] [bmv2] [T] [thread 247324] bm_table_add_entry
[06:04:58.953] [bmv2] [D] [thread 247324] Entry 99 added to table 'MyIngress.ipv4_lpm'
[06:04:58.953] [bmv2] [D] [thread 247324] Dumping entry 99
Match key:
* hdr.ipv4.dstAddr              : LPM       0a000714/32
* standard_metadata.ingress_port: EXACT     0006
Action entry: MyIngress.ipv4_forward - a000714,3,

[06:04:58.954] [bmv2] [T] [thread 247324] bm_table_add_entry
[06:04:58.954] [bmv2] [D] [thread 247324] Entry 100 added to table 'MyIngress.ipv4_lpm'
[06:04:58.954] [bmv2] [D] [thread 247324] Dumping entry 100
Match key:
* hdr.ipv4.dstAddr              : LPM       0a000715/32
* standard_metadata.ingress_port: EXACT     0001
Action entry: MyIngress.ipv4_forward - a000715,3,

[06:04:58.954] [bmv2] [T] [thread 247324] bm_table_add_entry
[06:04:58.954] [bmv2] [D] [thread 247324] Entry 101 added to table 'MyIngress.ipv4_lpm'
[06:04:58.954] [bmv2] [D] [thread 247324] Dumping entry 101
Match key:
* hdr.ipv4.dstAddr              : LPM       0a000715/32
* standard_metadata.ingress_port: EXACT     0002
Action entry: MyIngress.ipv4_forward - a000715,3,

[06:04:58.955] [bmv2] [T] [thread 247324] bm_table_add_entry
[06:04:58.955] [bmv2] [D] [thread 247324] Entry 102 added to table 'MyIngress.ipv4_lpm'
[06:04:58.955] [bmv2] [D] [thread 247324] Dumping entry 102
Match key:
* hdr.ipv4.dstAddr              : LPM       0a000715/32
* standard_metadata.ingress_port: EXACT     0004
Action entry: MyIngress.ipv4_forward - a000715,3,

[06:04:58.956] [bmv2] [T] [thread 247324] bm_table_add_entry
[06:04:58.956] [bmv2] [D] [thread 247324] Entry 103 added to table 'MyIngress.ipv4_lpm'
[06:04:58.956] [bmv2] [D] [thread 247324] Dumping entry 103
Match key:
* hdr.ipv4.dstAddr              : LPM       0a000715/32
* standard_metadata.ingress_port: EXACT     0005
Action entry: MyIngress.ipv4_forward - a000715,3,

[06:04:58.956] [bmv2] [T] [thread 247324] bm_table_add_entry
[06:04:58.957] [bmv2] [D] [thread 247324] Entry 104 added to table 'MyIngress.ipv4_lpm'
[06:04:58.957] [bmv2] [D] [thread 247324] Dumping entry 104
Match key:
* hdr.ipv4.dstAddr              : LPM       0a000715/32
* standard_metadata.ingress_port: EXACT     0006
Action entry: MyIngress.ipv4_forward - a000715,3,

[06:04:58.957] [bmv2] [T] [thread 247324] bm_table_add_entry
[06:04:58.957] [bmv2] [D] [thread 247324] Entry 105 added to table 'MyIngress.ipv4_lpm'
[06:04:58.957] [bmv2] [D] [thread 247324] Dumping entry 105
Match key:
* hdr.ipv4.dstAddr              : LPM       0a000816/32
* standard_metadata.ingress_port: EXACT     0001
Action entry: MyIngress.ipv4_forward - a000816,3,

[06:04:58.958] [bmv2] [T] [thread 247324] bm_table_add_entry
[06:04:58.958] [bmv2] [D] [thread 247324] Entry 106 added to table 'MyIngress.ipv4_lpm'
[06:04:58.958] [bmv2] [D] [thread 247324] Dumping entry 106
Match key:
* hdr.ipv4.dstAddr              : LPM       0a000816/32
* standard_metadata.ingress_port: EXACT     0002
Action entry: MyIngress.ipv4_forward - a000816,3,

[06:04:58.958] [bmv2] [T] [thread 247324] bm_table_add_entry
[06:04:58.959] [bmv2] [D] [thread 247324] Entry 107 added to table 'MyIngress.ipv4_lpm'
[06:04:58.959] [bmv2] [D] [thread 247324] Dumping entry 107
Match key:
* hdr.ipv4.dstAddr              : LPM       0a000816/32
* standard_metadata.ingress_port: EXACT     0004
Action entry: MyIngress.ipv4_forward - a000816,3,

[06:04:58.959] [bmv2] [T] [thread 247324] bm_table_add_entry
[06:04:58.959] [bmv2] [D] [thread 247324] Entry 108 added to table 'MyIngress.ipv4_lpm'
[06:04:58.959] [bmv2] [D] [thread 247324] Dumping entry 108
Match key:
* hdr.ipv4.dstAddr              : LPM       0a000816/32
* standard_metadata.ingress_port: EXACT     0005
Action entry: MyIngress.ipv4_forward - a000816,3,

[06:04:58.960] [bmv2] [T] [thread 247324] bm_table_add_entry
[06:04:58.960] [bmv2] [D] [thread 247324] Entry 109 added to table 'MyIngress.ipv4_lpm'
[06:04:58.960] [bmv2] [D] [thread 247324] Dumping entry 109
Match key:
* hdr.ipv4.dstAddr              : LPM       0a000816/32
* standard_metadata.ingress_port: EXACT     0006
Action entry: MyIngress.ipv4_forward - a000816,3,

[06:04:58.961] [bmv2] [T] [thread 247324] bm_table_add_entry
[06:04:58.961] [bmv2] [D] [thread 247324] Entry 110 added to table 'MyIngress.ipv4_lpm'
[06:04:58.961] [bmv2] [D] [thread 247324] Dumping entry 110
Match key:
* hdr.ipv4.dstAddr              : LPM       0a000817/32
* standard_metadata.ingress_port: EXACT     0001
Action entry: MyIngress.ipv4_forward - a000817,3,

[06:04:58.961] [bmv2] [T] [thread 247324] bm_table_add_entry
[06:04:58.962] [bmv2] [D] [thread 247324] Entry 111 added to table 'MyIngress.ipv4_lpm'
[06:04:58.962] [bmv2] [D] [thread 247324] Dumping entry 111
Match key:
* hdr.ipv4.dstAddr              : LPM       0a000817/32
* standard_metadata.ingress_port: EXACT     0002
Action entry: MyIngress.ipv4_forward - a000817,3,

[06:04:58.962] [bmv2] [T] [thread 247324] bm_table_add_entry
[06:04:58.962] [bmv2] [D] [thread 247324] Entry 112 added to table 'MyIngress.ipv4_lpm'
[06:04:58.962] [bmv2] [D] [thread 247324] Dumping entry 112
Match key:
* hdr.ipv4.dstAddr              : LPM       0a000817/32
* standard_metadata.ingress_port: EXACT     0004
Action entry: MyIngress.ipv4_forward - a000817,3,

[06:04:58.963] [bmv2] [T] [thread 247324] bm_table_add_entry
[06:04:58.963] [bmv2] [D] [thread 247324] Entry 113 added to table 'MyIngress.ipv4_lpm'
[06:04:58.963] [bmv2] [D] [thread 247324] Dumping entry 113
Match key:
* hdr.ipv4.dstAddr              : LPM       0a000817/32
* standard_metadata.ingress_port: EXACT     0005
Action entry: MyIngress.ipv4_forward - a000817,3,

[06:04:58.964] [bmv2] [T] [thread 247324] bm_table_add_entry
[06:04:58.964] [bmv2] [D] [thread 247324] Entry 114 added to table 'MyIngress.ipv4_lpm'
[06:04:58.964] [bmv2] [D] [thread 247324] Dumping entry 114
Match key:
* hdr.ipv4.dstAddr              : LPM       0a000817/32
* standard_metadata.ingress_port: EXACT     0006
Action entry: MyIngress.ipv4_forward - a000817,3,

[06:04:58.964] [bmv2] [T] [thread 247324] bm_table_add_entry
[06:04:58.964] [bmv2] [D] [thread 247324] Entry 115 added to table 'MyIngress.ipv4_lpm'
[06:04:58.964] [bmv2] [D] [thread 247324] Dumping entry 115
Match key:
* hdr.ipv4.dstAddr              : LPM       0a000818/32
* standard_metadata.ingress_port: EXACT     0001
Action entry: MyIngress.ipv4_forward - a000818,3,

[06:04:58.965] [bmv2] [T] [thread 247324] bm_table_add_entry
[06:04:58.965] [bmv2] [D] [thread 247324] Entry 116 added to table 'MyIngress.ipv4_lpm'
[06:04:58.965] [bmv2] [D] [thread 247324] Dumping entry 116
Match key:
* hdr.ipv4.dstAddr              : LPM       0a000818/32
* standard_metadata.ingress_port: EXACT     0002
Action entry: MyIngress.ipv4_forward - a000818,3,

[06:04:58.966] [bmv2] [T] [thread 247324] bm_table_add_entry
[06:04:58.966] [bmv2] [D] [thread 247324] Entry 117 added to table 'MyIngress.ipv4_lpm'
[06:04:58.966] [bmv2] [D] [thread 247324] Dumping entry 117
Match key:
* hdr.ipv4.dstAddr              : LPM       0a000818/32
* standard_metadata.ingress_port: EXACT     0004
Action entry: MyIngress.ipv4_forward - a000818,3,

[06:04:58.966] [bmv2] [T] [thread 247324] bm_table_add_entry
[06:04:58.966] [bmv2] [D] [thread 247324] Entry 118 added to table 'MyIngress.ipv4_lpm'
[06:04:58.966] [bmv2] [D] [thread 247324] Dumping entry 118
Match key:
* hdr.ipv4.dstAddr              : LPM       0a000818/32
* standard_metadata.ingress_port: EXACT     0005
Action entry: MyIngress.ipv4_forward - a000818,3,

[06:04:58.967] [bmv2] [T] [thread 247324] bm_table_add_entry
[06:04:58.967] [bmv2] [D] [thread 247324] Entry 119 added to table 'MyIngress.ipv4_lpm'
[06:04:58.967] [bmv2] [D] [thread 247324] Dumping entry 119
Match key:
* hdr.ipv4.dstAddr              : LPM       0a000818/32
* standard_metadata.ingress_port: EXACT     0006
Action entry: MyIngress.ipv4_forward - a000818,3,

[06:04:58.968] [bmv2] [T] [thread 247324] bm_table_add_entry
[06:04:58.968] [bmv2] [D] [thread 247324] Entry 120 added to table 'MyIngress.ipv4_lpm'
[06:04:58.968] [bmv2] [D] [thread 247324] Dumping entry 120
Match key:
* hdr.ipv4.dstAddr              : LPM       0a000919/32
* standard_metadata.ingress_port: EXACT     0001
Action entry: MyIngress.ipv4_forward - a000919,3,

[06:04:58.968] [bmv2] [T] [thread 247324] bm_table_add_entry
[06:04:58.969] [bmv2] [D] [thread 247324] Entry 121 added to table 'MyIngress.ipv4_lpm'
[06:04:58.969] [bmv2] [D] [thread 247324] Dumping entry 121
Match key:
* hdr.ipv4.dstAddr              : LPM       0a000919/32
* standard_metadata.ingress_port: EXACT     0002
Action entry: MyIngress.ipv4_forward - a000919,3,

[06:04:58.969] [bmv2] [T] [thread 247324] bm_table_add_entry
[06:04:58.969] [bmv2] [D] [thread 247324] Entry 122 added to table 'MyIngress.ipv4_lpm'
[06:04:58.969] [bmv2] [D] [thread 247324] Dumping entry 122
Match key:
* hdr.ipv4.dstAddr              : LPM       0a000919/32
* standard_metadata.ingress_port: EXACT     0004
Action entry: MyIngress.ipv4_forward - a000919,3,

[06:04:58.970] [bmv2] [T] [thread 247324] bm_table_add_entry
[06:04:58.970] [bmv2] [D] [thread 247324] Entry 123 added to table 'MyIngress.ipv4_lpm'
[06:04:58.970] [bmv2] [D] [thread 247324] Dumping entry 123
Match key:
* hdr.ipv4.dstAddr              : LPM       0a000919/32
* standard_metadata.ingress_port: EXACT     0005
Action entry: MyIngress.ipv4_forward - a000919,3,

[06:04:58.971] [bmv2] [T] [thread 247324] bm_table_add_entry
[06:04:58.971] [bmv2] [D] [thread 247324] Entry 124 added to table 'MyIngress.ipv4_lpm'
[06:04:58.971] [bmv2] [D] [thread 247324] Dumping entry 124
Match key:
* hdr.ipv4.dstAddr              : LPM       0a000919/32
* standard_metadata.ingress_port: EXACT     0006
Action entry: MyIngress.ipv4_forward - a000919,3,

[06:04:58.971] [bmv2] [T] [thread 247324] bm_table_add_entry
[06:04:58.972] [bmv2] [D] [thread 247324] Entry 125 added to table 'MyIngress.ipv4_lpm'
[06:04:58.972] [bmv2] [D] [thread 247324] Dumping entry 125
Match key:
* hdr.ipv4.dstAddr              : LPM       0a00091a/32
* standard_metadata.ingress_port: EXACT     0001
Action entry: MyIngress.ipv4_forward - a00091a,3,

[06:04:58.972] [bmv2] [T] [thread 247324] bm_table_add_entry
[06:04:58.972] [bmv2] [D] [thread 247324] Entry 126 added to table 'MyIngress.ipv4_lpm'
[06:04:58.972] [bmv2] [D] [thread 247324] Dumping entry 126
Match key:
* hdr.ipv4.dstAddr              : LPM       0a00091a/32
* standard_metadata.ingress_port: EXACT     0002
Action entry: MyIngress.ipv4_forward - a00091a,3,

[06:04:58.973] [bmv2] [T] [thread 247324] bm_table_add_entry
[06:04:58.973] [bmv2] [D] [thread 247324] Entry 127 added to table 'MyIngress.ipv4_lpm'
[06:04:58.973] [bmv2] [D] [thread 247324] Dumping entry 127
Match key:
* hdr.ipv4.dstAddr              : LPM       0a00091a/32
* standard_metadata.ingress_port: EXACT     0004
Action entry: MyIngress.ipv4_forward - a00091a,3,

[06:04:58.974] [bmv2] [T] [thread 247324] bm_table_add_entry
[06:04:58.974] [bmv2] [D] [thread 247324] Entry 128 added to table 'MyIngress.ipv4_lpm'
[06:04:58.974] [bmv2] [D] [thread 247324] Dumping entry 128
Match key:
* hdr.ipv4.dstAddr              : LPM       0a00091a/32
* standard_metadata.ingress_port: EXACT     0005
Action entry: MyIngress.ipv4_forward - a00091a,3,

[06:04:58.974] [bmv2] [T] [thread 247324] bm_table_add_entry
[06:04:58.975] [bmv2] [D] [thread 247324] Entry 129 added to table 'MyIngress.ipv4_lpm'
[06:04:58.975] [bmv2] [D] [thread 247324] Dumping entry 129
Match key:
* hdr.ipv4.dstAddr              : LPM       0a00091a/32
* standard_metadata.ingress_port: EXACT     0006
Action entry: MyIngress.ipv4_forward - a00091a,3,

[06:04:58.975] [bmv2] [T] [thread 247324] bm_table_add_entry
[06:04:58.975] [bmv2] [D] [thread 247324] Entry 130 added to table 'MyIngress.ipv4_lpm'
[06:04:58.975] [bmv2] [D] [thread 247324] Dumping entry 130
Match key:
* hdr.ipv4.dstAddr              : LPM       0a00091b/32
* standard_metadata.ingress_port: EXACT     0001
Action entry: MyIngress.ipv4_forward - a00091b,3,

[06:04:58.976] [bmv2] [T] [thread 247324] bm_table_add_entry
[06:04:58.976] [bmv2] [D] [thread 247324] Entry 131 added to table 'MyIngress.ipv4_lpm'
[06:04:58.976] [bmv2] [D] [thread 247324] Dumping entry 131
Match key:
* hdr.ipv4.dstAddr              : LPM       0a00091b/32
* standard_metadata.ingress_port: EXACT     0002
Action entry: MyIngress.ipv4_forward - a00091b,3,

[06:04:58.976] [bmv2] [T] [thread 247324] bm_table_add_entry
[06:04:58.977] [bmv2] [D] [thread 247324] Entry 132 added to table 'MyIngress.ipv4_lpm'
[06:04:58.977] [bmv2] [D] [thread 247324] Dumping entry 132
Match key:
* hdr.ipv4.dstAddr              : LPM       0a00091b/32
* standard_metadata.ingress_port: EXACT     0004
Action entry: MyIngress.ipv4_forward - a00091b,3,

[06:04:58.977] [bmv2] [T] [thread 247324] bm_table_add_entry
[06:04:58.977] [bmv2] [D] [thread 247324] Entry 133 added to table 'MyIngress.ipv4_lpm'
[06:04:58.977] [bmv2] [D] [thread 247324] Dumping entry 133
Match key:
* hdr.ipv4.dstAddr              : LPM       0a00091b/32
* standard_metadata.ingress_port: EXACT     0005
Action entry: MyIngress.ipv4_forward - a00091b,3,

[06:04:58.978] [bmv2] [T] [thread 247324] bm_table_add_entry
[06:04:58.978] [bmv2] [D] [thread 247324] Entry 134 added to table 'MyIngress.ipv4_lpm'
[06:04:58.978] [bmv2] [D] [thread 247324] Dumping entry 134
Match key:
* hdr.ipv4.dstAddr              : LPM       0a00091b/32
* standard_metadata.ingress_port: EXACT     0006
Action entry: MyIngress.ipv4_forward - a00091b,3,

[06:04:58.979] [bmv2] [T] [thread 247324] bm_table_add_entry
[06:04:58.979] [bmv2] [D] [thread 247324] Entry 135 added to table 'MyIngress.ipv4_lpm'
[06:04:58.979] [bmv2] [D] [thread 247324] Dumping entry 135
Match key:
* hdr.ipv4.dstAddr              : LPM       0a000a1c/32
* standard_metadata.ingress_port: EXACT     0001
Action entry: MyIngress.ipv4_forward - a000a1c,4,

[06:04:58.980] [bmv2] [T] [thread 247324] bm_table_add_entry
[06:04:58.980] [bmv2] [D] [thread 247324] Entry 136 added to table 'MyIngress.ipv4_lpm'
[06:04:58.980] [bmv2] [D] [thread 247324] Dumping entry 136
Match key:
* hdr.ipv4.dstAddr              : LPM       0a000a1c/32
* standard_metadata.ingress_port: EXACT     0002
Action entry: MyIngress.ipv4_forward - a000a1c,4,

[06:04:58.980] [bmv2] [T] [thread 247324] bm_table_add_entry
[06:04:58.981] [bmv2] [D] [thread 247324] Entry 137 added to table 'MyIngress.ipv4_lpm'
[06:04:58.981] [bmv2] [D] [thread 247324] Dumping entry 137
Match key:
* hdr.ipv4.dstAddr              : LPM       0a000a1c/32
* standard_metadata.ingress_port: EXACT     0003
Action entry: MyIngress.ipv4_forward - a000a1c,4,

[06:04:58.981] [bmv2] [T] [thread 247324] bm_table_add_entry
[06:04:58.981] [bmv2] [D] [thread 247324] Entry 138 added to table 'MyIngress.ipv4_lpm'
[06:04:58.981] [bmv2] [D] [thread 247324] Dumping entry 138
Match key:
* hdr.ipv4.dstAddr              : LPM       0a000a1c/32
* standard_metadata.ingress_port: EXACT     0005
Action entry: MyIngress.ipv4_forward - a000a1c,4,

[06:04:58.982] [bmv2] [T] [thread 247324] bm_table_add_entry
[06:04:58.982] [bmv2] [D] [thread 247324] Entry 139 added to table 'MyIngress.ipv4_lpm'
[06:04:58.982] [bmv2] [D] [thread 247324] Dumping entry 139
Match key:
* hdr.ipv4.dstAddr              : LPM       0a000a1c/32
* standard_metadata.ingress_port: EXACT     0006
Action entry: MyIngress.ipv4_forward - a000a1c,4,

[06:04:58.982] [bmv2] [T] [thread 247324] bm_table_add_entry
[06:04:58.983] [bmv2] [D] [thread 247324] Entry 140 added to table 'MyIngress.ipv4_lpm'
[06:04:58.983] [bmv2] [D] [thread 247324] Dumping entry 140
Match key:
* hdr.ipv4.dstAddr              : LPM       0a000a1d/32
* standard_metadata.ingress_port: EXACT     0001
Action entry: MyIngress.ipv4_forward - a000a1d,4,

[06:04:58.983] [bmv2] [T] [thread 247324] bm_table_add_entry
[06:04:58.983] [bmv2] [D] [thread 247324] Entry 141 added to table 'MyIngress.ipv4_lpm'
[06:04:58.984] [bmv2] [D] [thread 247324] Dumping entry 141
Match key:
* hdr.ipv4.dstAddr              : LPM       0a000a1d/32
* standard_metadata.ingress_port: EXACT     0002
Action entry: MyIngress.ipv4_forward - a000a1d,4,

[06:04:58.984] [bmv2] [T] [thread 247324] bm_table_add_entry
[06:04:58.984] [bmv2] [D] [thread 247324] Entry 142 added to table 'MyIngress.ipv4_lpm'
[06:04:58.984] [bmv2] [D] [thread 247324] Dumping entry 142
Match key:
* hdr.ipv4.dstAddr              : LPM       0a000a1d/32
* standard_metadata.ingress_port: EXACT     0003
Action entry: MyIngress.ipv4_forward - a000a1d,4,

[06:04:58.985] [bmv2] [T] [thread 247324] bm_table_add_entry
[06:04:58.985] [bmv2] [D] [thread 247324] Entry 143 added to table 'MyIngress.ipv4_lpm'
[06:04:58.985] [bmv2] [D] [thread 247324] Dumping entry 143
Match key:
* hdr.ipv4.dstAddr              : LPM       0a000a1d/32
* standard_metadata.ingress_port: EXACT     0005
Action entry: MyIngress.ipv4_forward - a000a1d,4,

[06:04:58.986] [bmv2] [T] [thread 247324] bm_table_add_entry
[06:04:58.986] [bmv2] [D] [thread 247324] Entry 144 added to table 'MyIngress.ipv4_lpm'
[06:04:58.986] [bmv2] [D] [thread 247324] Dumping entry 144
Match key:
* hdr.ipv4.dstAddr              : LPM       0a000a1d/32
* standard_metadata.ingress_port: EXACT     0006
Action entry: MyIngress.ipv4_forward - a000a1d,4,

[06:04:58.986] [bmv2] [T] [thread 247324] bm_table_add_entry
[06:04:58.986] [bmv2] [D] [thread 247324] Entry 145 added to table 'MyIngress.ipv4_lpm'
[06:04:58.987] [bmv2] [D] [thread 247324] Dumping entry 145
Match key:
* hdr.ipv4.dstAddr              : LPM       0a000a1e/32
* standard_metadata.ingress_port: EXACT     0001
Action entry: MyIngress.ipv4_forward - a000a1e,4,

[06:04:58.987] [bmv2] [T] [thread 247324] bm_table_add_entry
[06:04:58.987] [bmv2] [D] [thread 247324] Entry 146 added to table 'MyIngress.ipv4_lpm'
[06:04:58.987] [bmv2] [D] [thread 247324] Dumping entry 146
Match key:
* hdr.ipv4.dstAddr              : LPM       0a000a1e/32
* standard_metadata.ingress_port: EXACT     0002
Action entry: MyIngress.ipv4_forward - a000a1e,4,

[06:04:58.988] [bmv2] [T] [thread 247324] bm_table_add_entry
[06:04:58.988] [bmv2] [D] [thread 247324] Entry 147 added to table 'MyIngress.ipv4_lpm'
[06:04:58.988] [bmv2] [D] [thread 247324] Dumping entry 147
Match key:
* hdr.ipv4.dstAddr              : LPM       0a000a1e/32
* standard_metadata.ingress_port: EXACT     0003
Action entry: MyIngress.ipv4_forward - a000a1e,4,

[06:04:58.989] [bmv2] [T] [thread 247324] bm_table_add_entry
[06:04:58.989] [bmv2] [D] [thread 247324] Entry 148 added to table 'MyIngress.ipv4_lpm'
[06:04:58.989] [bmv2] [D] [thread 247324] Dumping entry 148
Match key:
* hdr.ipv4.dstAddr              : LPM       0a000a1e/32
* standard_metadata.ingress_port: EXACT     0005
Action entry: MyIngress.ipv4_forward - a000a1e,4,

[06:04:58.990] [bmv2] [T] [thread 247324] bm_table_add_entry
[06:04:58.990] [bmv2] [D] [thread 247324] Entry 149 added to table 'MyIngress.ipv4_lpm'
[06:04:58.990] [bmv2] [D] [thread 247324] Dumping entry 149
Match key:
* hdr.ipv4.dstAddr              : LPM       0a000a1e/32
* standard_metadata.ingress_port: EXACT     0006
Action entry: MyIngress.ipv4_forward - a000a1e,4,

[06:04:58.991] [bmv2] [T] [thread 247324] bm_table_add_entry
[06:04:58.991] [bmv2] [D] [thread 247324] Entry 150 added to table 'MyIngress.ipv4_lpm'
[06:04:58.991] [bmv2] [D] [thread 247324] Dumping entry 150
Match key:
* hdr.ipv4.dstAddr              : LPM       0a000b1f/32
* standard_metadata.ingress_port: EXACT     0001
Action entry: MyIngress.ipv4_forward - a000b1f,4,

[06:04:58.991] [bmv2] [T] [thread 247324] bm_table_add_entry
[06:04:58.991] [bmv2] [D] [thread 247324] Entry 151 added to table 'MyIngress.ipv4_lpm'
[06:04:58.992] [bmv2] [D] [thread 247324] Dumping entry 151
Match key:
* hdr.ipv4.dstAddr              : LPM       0a000b1f/32
* standard_metadata.ingress_port: EXACT     0002
Action entry: MyIngress.ipv4_forward - a000b1f,4,

[06:04:58.992] [bmv2] [T] [thread 247324] bm_table_add_entry
[06:04:58.992] [bmv2] [D] [thread 247324] Entry 152 added to table 'MyIngress.ipv4_lpm'
[06:04:58.992] [bmv2] [D] [thread 247324] Dumping entry 152
Match key:
* hdr.ipv4.dstAddr              : LPM       0a000b1f/32
* standard_metadata.ingress_port: EXACT     0003
Action entry: MyIngress.ipv4_forward - a000b1f,4,

[06:04:58.993] [bmv2] [T] [thread 247324] bm_table_add_entry
[06:04:58.993] [bmv2] [D] [thread 247324] Entry 153 added to table 'MyIngress.ipv4_lpm'
[06:04:58.993] [bmv2] [D] [thread 247324] Dumping entry 153
Match key:
* hdr.ipv4.dstAddr              : LPM       0a000b1f/32
* standard_metadata.ingress_port: EXACT     0005
Action entry: MyIngress.ipv4_forward - a000b1f,4,

[06:04:58.994] [bmv2] [T] [thread 247324] bm_table_add_entry
[06:04:58.994] [bmv2] [D] [thread 247324] Entry 154 added to table 'MyIngress.ipv4_lpm'
[06:04:58.994] [bmv2] [D] [thread 247324] Dumping entry 154
Match key:
* hdr.ipv4.dstAddr              : LPM       0a000b1f/32
* standard_metadata.ingress_port: EXACT     0006
Action entry: MyIngress.ipv4_forward - a000b1f,4,

[06:04:58.995] [bmv2] [T] [thread 247324] bm_table_add_entry
[06:04:58.995] [bmv2] [D] [thread 247324] Entry 155 added to table 'MyIngress.ipv4_lpm'
[06:04:58.995] [bmv2] [D] [thread 247324] Dumping entry 155
Match key:
* hdr.ipv4.dstAddr              : LPM       0a000b20/32
* standard_metadata.ingress_port: EXACT     0001
Action entry: MyIngress.ipv4_forward - a000b20,4,

[06:04:58.995] [bmv2] [T] [thread 247324] bm_table_add_entry
[06:04:58.996] [bmv2] [D] [thread 247324] Entry 156 added to table 'MyIngress.ipv4_lpm'
[06:04:58.996] [bmv2] [D] [thread 247324] Dumping entry 156
Match key:
* hdr.ipv4.dstAddr              : LPM       0a000b20/32
* standard_metadata.ingress_port: EXACT     0002
Action entry: MyIngress.ipv4_forward - a000b20,4,

[06:04:58.996] [bmv2] [T] [thread 247324] bm_table_add_entry
[06:04:58.996] [bmv2] [D] [thread 247324] Entry 157 added to table 'MyIngress.ipv4_lpm'
[06:04:58.996] [bmv2] [D] [thread 247324] Dumping entry 157
Match key:
* hdr.ipv4.dstAddr              : LPM       0a000b20/32
* standard_metadata.ingress_port: EXACT     0003
Action entry: MyIngress.ipv4_forward - a000b20,4,

[06:04:58.997] [bmv2] [T] [thread 247324] bm_table_add_entry
[06:04:58.997] [bmv2] [D] [thread 247324] Entry 158 added to table 'MyIngress.ipv4_lpm'
[06:04:58.997] [bmv2] [D] [thread 247324] Dumping entry 158
Match key:
* hdr.ipv4.dstAddr              : LPM       0a000b20/32
* standard_metadata.ingress_port: EXACT     0005
Action entry: MyIngress.ipv4_forward - a000b20,4,

[06:04:58.998] [bmv2] [T] [thread 247324] bm_table_add_entry
[06:04:58.998] [bmv2] [D] [thread 247324] Entry 159 added to table 'MyIngress.ipv4_lpm'
[06:04:58.998] [bmv2] [D] [thread 247324] Dumping entry 159
Match key:
* hdr.ipv4.dstAddr              : LPM       0a000b20/32
* standard_metadata.ingress_port: EXACT     0006
Action entry: MyIngress.ipv4_forward - a000b20,4,

[06:04:58.998] [bmv2] [T] [thread 247324] bm_table_add_entry
[06:04:58.999] [bmv2] [D] [thread 247324] Entry 160 added to table 'MyIngress.ipv4_lpm'
[06:04:58.999] [bmv2] [D] [thread 247324] Dumping entry 160
Match key:
* hdr.ipv4.dstAddr              : LPM       0a000b21/32
* standard_metadata.ingress_port: EXACT     0001
Action entry: MyIngress.ipv4_forward - a000b21,4,

[06:04:58.999] [bmv2] [T] [thread 247324] bm_table_add_entry
[06:04:58.999] [bmv2] [D] [thread 247324] Entry 161 added to table 'MyIngress.ipv4_lpm'
[06:04:58.999] [bmv2] [D] [thread 247324] Dumping entry 161
Match key:
* hdr.ipv4.dstAddr              : LPM       0a000b21/32
* standard_metadata.ingress_port: EXACT     0002
Action entry: MyIngress.ipv4_forward - a000b21,4,

[06:04:59.000] [bmv2] [T] [thread 247324] bm_table_add_entry
[06:04:59.000] [bmv2] [D] [thread 247324] Entry 162 added to table 'MyIngress.ipv4_lpm'
[06:04:59.000] [bmv2] [D] [thread 247324] Dumping entry 162
Match key:
* hdr.ipv4.dstAddr              : LPM       0a000b21/32
* standard_metadata.ingress_port: EXACT     0003
Action entry: MyIngress.ipv4_forward - a000b21,4,

[06:04:59.001] [bmv2] [T] [thread 247324] bm_table_add_entry
[06:04:59.001] [bmv2] [D] [thread 247324] Entry 163 added to table 'MyIngress.ipv4_lpm'
[06:04:59.001] [bmv2] [D] [thread 247324] Dumping entry 163
Match key:
* hdr.ipv4.dstAddr              : LPM       0a000b21/32
* standard_metadata.ingress_port: EXACT     0005
Action entry: MyIngress.ipv4_forward - a000b21,4,

[06:04:59.002] [bmv2] [T] [thread 247324] bm_table_add_entry
[06:04:59.002] [bmv2] [D] [thread 247324] Entry 164 added to table 'MyIngress.ipv4_lpm'
[06:04:59.002] [bmv2] [D] [thread 247324] Dumping entry 164
Match key:
* hdr.ipv4.dstAddr              : LPM       0a000b21/32
* standard_metadata.ingress_port: EXACT     0006
Action entry: MyIngress.ipv4_forward - a000b21,4,

[06:04:59.002] [bmv2] [T] [thread 247324] bm_table_add_entry
[06:04:59.003] [bmv2] [D] [thread 247324] Entry 165 added to table 'MyIngress.ipv4_lpm'
[06:04:59.003] [bmv2] [D] [thread 247324] Dumping entry 165
Match key:
* hdr.ipv4.dstAddr              : LPM       0a000c22/32
* standard_metadata.ingress_port: EXACT     0001
Action entry: MyIngress.ipv4_forward - a000c22,4,

[06:04:59.004] [bmv2] [T] [thread 247324] bm_table_add_entry
[06:04:59.004] [bmv2] [D] [thread 247324] Entry 166 added to table 'MyIngress.ipv4_lpm'
[06:04:59.004] [bmv2] [D] [thread 247324] Dumping entry 166
Match key:
* hdr.ipv4.dstAddr              : LPM       0a000c22/32
* standard_metadata.ingress_port: EXACT     0002
Action entry: MyIngress.ipv4_forward - a000c22,4,

[06:04:59.005] [bmv2] [T] [thread 247324] bm_table_add_entry
[06:04:59.005] [bmv2] [D] [thread 247324] Entry 167 added to table 'MyIngress.ipv4_lpm'
[06:04:59.005] [bmv2] [D] [thread 247324] Dumping entry 167
Match key:
* hdr.ipv4.dstAddr              : LPM       0a000c22/32
* standard_metadata.ingress_port: EXACT     0003
Action entry: MyIngress.ipv4_forward - a000c22,4,

[06:04:59.006] [bmv2] [T] [thread 247324] bm_table_add_entry
[06:04:59.006] [bmv2] [D] [thread 247324] Entry 168 added to table 'MyIngress.ipv4_lpm'
[06:04:59.006] [bmv2] [D] [thread 247324] Dumping entry 168
Match key:
* hdr.ipv4.dstAddr              : LPM       0a000c22/32
* standard_metadata.ingress_port: EXACT     0005
Action entry: MyIngress.ipv4_forward - a000c22,4,

[06:04:59.006] [bmv2] [T] [thread 247324] bm_table_add_entry
[06:04:59.006] [bmv2] [D] [thread 247324] Entry 169 added to table 'MyIngress.ipv4_lpm'
[06:04:59.007] [bmv2] [D] [thread 247324] Dumping entry 169
Match key:
* hdr.ipv4.dstAddr              : LPM       0a000c22/32
* standard_metadata.ingress_port: EXACT     0006
Action entry: MyIngress.ipv4_forward - a000c22,4,

[06:04:59.007] [bmv2] [T] [thread 247324] bm_table_add_entry
[06:04:59.007] [bmv2] [D] [thread 247324] Entry 170 added to table 'MyIngress.ipv4_lpm'
[06:04:59.007] [bmv2] [D] [thread 247324] Dumping entry 170
Match key:
* hdr.ipv4.dstAddr              : LPM       0a000c23/32
* standard_metadata.ingress_port: EXACT     0001
Action entry: MyIngress.ipv4_forward - a000c23,4,

[06:04:59.008] [bmv2] [T] [thread 247324] bm_table_add_entry
[06:04:59.008] [bmv2] [D] [thread 247324] Entry 171 added to table 'MyIngress.ipv4_lpm'
[06:04:59.008] [bmv2] [D] [thread 247324] Dumping entry 171
Match key:
* hdr.ipv4.dstAddr              : LPM       0a000c23/32
* standard_metadata.ingress_port: EXACT     0002
Action entry: MyIngress.ipv4_forward - a000c23,4,

[06:04:59.009] [bmv2] [T] [thread 247324] bm_table_add_entry
[06:04:59.009] [bmv2] [D] [thread 247324] Entry 172 added to table 'MyIngress.ipv4_lpm'
[06:04:59.009] [bmv2] [D] [thread 247324] Dumping entry 172
Match key:
* hdr.ipv4.dstAddr              : LPM       0a000c23/32
* standard_metadata.ingress_port: EXACT     0003
Action entry: MyIngress.ipv4_forward - a000c23,4,

[06:04:59.009] [bmv2] [T] [thread 247324] bm_table_add_entry
[06:04:59.010] [bmv2] [D] [thread 247324] Entry 173 added to table 'MyIngress.ipv4_lpm'
[06:04:59.010] [bmv2] [D] [thread 247324] Dumping entry 173
Match key:
* hdr.ipv4.dstAddr              : LPM       0a000c23/32
* standard_metadata.ingress_port: EXACT     0005
Action entry: MyIngress.ipv4_forward - a000c23,4,

[06:04:59.010] [bmv2] [T] [thread 247324] bm_table_add_entry
[06:04:59.010] [bmv2] [D] [thread 247324] Entry 174 added to table 'MyIngress.ipv4_lpm'
[06:04:59.010] [bmv2] [D] [thread 247324] Dumping entry 174
Match key:
* hdr.ipv4.dstAddr              : LPM       0a000c23/32
* standard_metadata.ingress_port: EXACT     0006
Action entry: MyIngress.ipv4_forward - a000c23,4,

[06:04:59.011] [bmv2] [T] [thread 247324] bm_table_add_entry
[06:04:59.011] [bmv2] [D] [thread 247324] Entry 175 added to table 'MyIngress.ipv4_lpm'
[06:04:59.011] [bmv2] [D] [thread 247324] Dumping entry 175
Match key:
* hdr.ipv4.dstAddr              : LPM       0a000c24/32
* standard_metadata.ingress_port: EXACT     0001
Action entry: MyIngress.ipv4_forward - a000c24,4,

[06:04:59.011] [bmv2] [T] [thread 247324] bm_table_add_entry
[06:04:59.012] [bmv2] [D] [thread 247324] Entry 176 added to table 'MyIngress.ipv4_lpm'
[06:04:59.012] [bmv2] [D] [thread 247324] Dumping entry 176
Match key:
* hdr.ipv4.dstAddr              : LPM       0a000c24/32
* standard_metadata.ingress_port: EXACT     0002
Action entry: MyIngress.ipv4_forward - a000c24,4,

[06:04:59.012] [bmv2] [T] [thread 247324] bm_table_add_entry
[06:04:59.013] [bmv2] [D] [thread 247324] Entry 177 added to table 'MyIngress.ipv4_lpm'
[06:04:59.013] [bmv2] [D] [thread 247324] Dumping entry 177
Match key:
* hdr.ipv4.dstAddr              : LPM       0a000c24/32
* standard_metadata.ingress_port: EXACT     0003
Action entry: MyIngress.ipv4_forward - a000c24,4,

[06:04:59.013] [bmv2] [T] [thread 247324] bm_table_add_entry
[06:04:59.013] [bmv2] [D] [thread 247324] Entry 178 added to table 'MyIngress.ipv4_lpm'
[06:04:59.013] [bmv2] [D] [thread 247324] Dumping entry 178
Match key:
* hdr.ipv4.dstAddr              : LPM       0a000c24/32
* standard_metadata.ingress_port: EXACT     0005
Action entry: MyIngress.ipv4_forward - a000c24,4,

[06:04:59.014] [bmv2] [T] [thread 247324] bm_table_add_entry
[06:04:59.014] [bmv2] [D] [thread 247324] Entry 179 added to table 'MyIngress.ipv4_lpm'
[06:04:59.014] [bmv2] [D] [thread 247324] Dumping entry 179
Match key:
* hdr.ipv4.dstAddr              : LPM       0a000c24/32
* standard_metadata.ingress_port: EXACT     0006
Action entry: MyIngress.ipv4_forward - a000c24,4,

[06:04:59.015] [bmv2] [T] [thread 247324] bm_table_add_entry
[06:04:59.015] [bmv2] [D] [thread 247324] Entry 180 added to table 'MyIngress.ipv4_lpm'
[06:04:59.015] [bmv2] [D] [thread 247324] Dumping entry 180
Match key:
* hdr.ipv4.dstAddr              : LPM       0a000d25/32
* standard_metadata.ingress_port: EXACT     0001
Action entry: MyIngress.ipv4_forward - a000d25,5,

[06:04:59.015] [bmv2] [T] [thread 247324] bm_table_add_entry
[06:04:59.015] [bmv2] [D] [thread 247324] Entry 181 added to table 'MyIngress.ipv4_lpm'
[06:04:59.015] [bmv2] [D] [thread 247324] Dumping entry 181
Match key:
* hdr.ipv4.dstAddr              : LPM       0a000d25/32
* standard_metadata.ingress_port: EXACT     0002
Action entry: MyIngress.ipv4_forward - a000d25,5,

[06:04:59.016] [bmv2] [T] [thread 247324] bm_table_add_entry
[06:04:59.016] [bmv2] [D] [thread 247324] Entry 182 added to table 'MyIngress.ipv4_lpm'
[06:04:59.016] [bmv2] [D] [thread 247324] Dumping entry 182
Match key:
* hdr.ipv4.dstAddr              : LPM       0a000d25/32
* standard_metadata.ingress_port: EXACT     0003
Action entry: MyIngress.ipv4_forward - a000d25,5,

[06:04:59.017] [bmv2] [T] [thread 247324] bm_table_add_entry
[06:04:59.017] [bmv2] [D] [thread 247324] Entry 183 added to table 'MyIngress.ipv4_lpm'
[06:04:59.017] [bmv2] [D] [thread 247324] Dumping entry 183
Match key:
* hdr.ipv4.dstAddr              : LPM       0a000d25/32
* standard_metadata.ingress_port: EXACT     0004
Action entry: MyIngress.ipv4_forward - a000d25,5,

[06:04:59.017] [bmv2] [T] [thread 247324] bm_table_add_entry
[06:04:59.018] [bmv2] [D] [thread 247324] Entry 184 added to table 'MyIngress.ipv4_lpm'
[06:04:59.018] [bmv2] [D] [thread 247324] Dumping entry 184
Match key:
* hdr.ipv4.dstAddr              : LPM       0a000d25/32
* standard_metadata.ingress_port: EXACT     0006
Action entry: MyIngress.ipv4_forward - a000d25,5,

[06:04:59.018] [bmv2] [T] [thread 247324] bm_table_add_entry
[06:04:59.019] [bmv2] [D] [thread 247324] Entry 185 added to table 'MyIngress.ipv4_lpm'
[06:04:59.019] [bmv2] [D] [thread 247324] Dumping entry 185
Match key:
* hdr.ipv4.dstAddr              : LPM       0a000d26/32
* standard_metadata.ingress_port: EXACT     0001
Action entry: MyIngress.ipv4_forward - a000d26,5,

[06:04:59.019] [bmv2] [T] [thread 247324] bm_table_add_entry
[06:04:59.019] [bmv2] [D] [thread 247324] Entry 186 added to table 'MyIngress.ipv4_lpm'
[06:04:59.019] [bmv2] [D] [thread 247324] Dumping entry 186
Match key:
* hdr.ipv4.dstAddr              : LPM       0a000d26/32
* standard_metadata.ingress_port: EXACT     0002
Action entry: MyIngress.ipv4_forward - a000d26,5,

[06:04:59.020] [bmv2] [T] [thread 247324] bm_table_add_entry
[06:04:59.020] [bmv2] [D] [thread 247324] Entry 187 added to table 'MyIngress.ipv4_lpm'
[06:04:59.020] [bmv2] [D] [thread 247324] Dumping entry 187
Match key:
* hdr.ipv4.dstAddr              : LPM       0a000d26/32
* standard_metadata.ingress_port: EXACT     0003
Action entry: MyIngress.ipv4_forward - a000d26,5,

[06:04:59.021] [bmv2] [T] [thread 247324] bm_table_add_entry
[06:04:59.021] [bmv2] [D] [thread 247324] Entry 188 added to table 'MyIngress.ipv4_lpm'
[06:04:59.021] [bmv2] [D] [thread 247324] Dumping entry 188
Match key:
* hdr.ipv4.dstAddr              : LPM       0a000d26/32
* standard_metadata.ingress_port: EXACT     0004
Action entry: MyIngress.ipv4_forward - a000d26,5,

[06:04:59.021] [bmv2] [T] [thread 247324] bm_table_add_entry
[06:04:59.022] [bmv2] [D] [thread 247324] Entry 189 added to table 'MyIngress.ipv4_lpm'
[06:04:59.022] [bmv2] [D] [thread 247324] Dumping entry 189
Match key:
* hdr.ipv4.dstAddr              : LPM       0a000d26/32
* standard_metadata.ingress_port: EXACT     0006
Action entry: MyIngress.ipv4_forward - a000d26,5,

[06:04:59.022] [bmv2] [T] [thread 247324] bm_table_add_entry
[06:04:59.022] [bmv2] [D] [thread 247324] Entry 190 added to table 'MyIngress.ipv4_lpm'
[06:04:59.022] [bmv2] [D] [thread 247324] Dumping entry 190
Match key:
* hdr.ipv4.dstAddr              : LPM       0a000d27/32
* standard_metadata.ingress_port: EXACT     0001
Action entry: MyIngress.ipv4_forward - a000d27,5,

[06:04:59.023] [bmv2] [T] [thread 247324] bm_table_add_entry
[06:04:59.023] [bmv2] [D] [thread 247324] Entry 191 added to table 'MyIngress.ipv4_lpm'
[06:04:59.023] [bmv2] [D] [thread 247324] Dumping entry 191
Match key:
* hdr.ipv4.dstAddr              : LPM       0a000d27/32
* standard_metadata.ingress_port: EXACT     0002
Action entry: MyIngress.ipv4_forward - a000d27,5,

[06:04:59.024] [bmv2] [T] [thread 247324] bm_table_add_entry
[06:04:59.024] [bmv2] [D] [thread 247324] Entry 192 added to table 'MyIngress.ipv4_lpm'
[06:04:59.024] [bmv2] [D] [thread 247324] Dumping entry 192
Match key:
* hdr.ipv4.dstAddr              : LPM       0a000d27/32
* standard_metadata.ingress_port: EXACT     0003
Action entry: MyIngress.ipv4_forward - a000d27,5,

[06:04:59.024] [bmv2] [T] [thread 247324] bm_table_add_entry
[06:04:59.025] [bmv2] [D] [thread 247324] Entry 193 added to table 'MyIngress.ipv4_lpm'
[06:04:59.025] [bmv2] [D] [thread 247324] Dumping entry 193
Match key:
* hdr.ipv4.dstAddr              : LPM       0a000d27/32
* standard_metadata.ingress_port: EXACT     0004
Action entry: MyIngress.ipv4_forward - a000d27,5,

[06:04:59.025] [bmv2] [T] [thread 247324] bm_table_add_entry
[06:04:59.025] [bmv2] [D] [thread 247324] Entry 194 added to table 'MyIngress.ipv4_lpm'
[06:04:59.025] [bmv2] [D] [thread 247324] Dumping entry 194
Match key:
* hdr.ipv4.dstAddr              : LPM       0a000d27/32
* standard_metadata.ingress_port: EXACT     0006
Action entry: MyIngress.ipv4_forward - a000d27,5,

[06:04:59.026] [bmv2] [T] [thread 247324] bm_table_add_entry
[06:04:59.026] [bmv2] [D] [thread 247324] Entry 195 added to table 'MyIngress.ipv4_lpm'
[06:04:59.026] [bmv2] [D] [thread 247324] Dumping entry 195
Match key:
* hdr.ipv4.dstAddr              : LPM       0a000e28/32
* standard_metadata.ingress_port: EXACT     0001
Action entry: MyIngress.ipv4_forward - a000e28,5,

[06:04:59.026] [bmv2] [T] [thread 247324] bm_table_add_entry
[06:04:59.027] [bmv2] [D] [thread 247324] Entry 196 added to table 'MyIngress.ipv4_lpm'
[06:04:59.027] [bmv2] [D] [thread 247324] Dumping entry 196
Match key:
* hdr.ipv4.dstAddr              : LPM       0a000e28/32
* standard_metadata.ingress_port: EXACT     0002
Action entry: MyIngress.ipv4_forward - a000e28,5,

[06:04:59.027] [bmv2] [T] [thread 247324] bm_table_add_entry
[06:04:59.027] [bmv2] [D] [thread 247324] Entry 197 added to table 'MyIngress.ipv4_lpm'
[06:04:59.027] [bmv2] [D] [thread 247324] Dumping entry 197
Match key:
* hdr.ipv4.dstAddr              : LPM       0a000e28/32
* standard_metadata.ingress_port: EXACT     0003
Action entry: MyIngress.ipv4_forward - a000e28,5,

[06:04:59.028] [bmv2] [T] [thread 247324] bm_table_add_entry
[06:04:59.028] [bmv2] [D] [thread 247324] Entry 198 added to table 'MyIngress.ipv4_lpm'
[06:04:59.028] [bmv2] [D] [thread 247324] Dumping entry 198
Match key:
* hdr.ipv4.dstAddr              : LPM       0a000e28/32
* standard_metadata.ingress_port: EXACT     0004
Action entry: MyIngress.ipv4_forward - a000e28,5,

[06:04:59.029] [bmv2] [T] [thread 247324] bm_table_add_entry
[06:04:59.029] [bmv2] [D] [thread 247324] Entry 199 added to table 'MyIngress.ipv4_lpm'
[06:04:59.029] [bmv2] [D] [thread 247324] Dumping entry 199
Match key:
* hdr.ipv4.dstAddr              : LPM       0a000e28/32
* standard_metadata.ingress_port: EXACT     0006
Action entry: MyIngress.ipv4_forward - a000e28,5,

[06:04:59.030] [bmv2] [T] [thread 247324] bm_table_add_entry
[06:04:59.030] [bmv2] [D] [thread 247324] Entry 200 added to table 'MyIngress.ipv4_lpm'
[06:04:59.030] [bmv2] [D] [thread 247324] Dumping entry 200
Match key:
* hdr.ipv4.dstAddr              : LPM       0a000e29/32
* standard_metadata.ingress_port: EXACT     0001
Action entry: MyIngress.ipv4_forward - a000e29,5,

[06:04:59.030] [bmv2] [T] [thread 247324] bm_table_add_entry
[06:04:59.030] [bmv2] [D] [thread 247324] Entry 201 added to table 'MyIngress.ipv4_lpm'
[06:04:59.030] [bmv2] [D] [thread 247324] Dumping entry 201
Match key:
* hdr.ipv4.dstAddr              : LPM       0a000e29/32
* standard_metadata.ingress_port: EXACT     0002
Action entry: MyIngress.ipv4_forward - a000e29,5,

[06:04:59.031] [bmv2] [T] [thread 247324] bm_table_add_entry
[06:04:59.031] [bmv2] [D] [thread 247324] Entry 202 added to table 'MyIngress.ipv4_lpm'
[06:04:59.031] [bmv2] [D] [thread 247324] Dumping entry 202
Match key:
* hdr.ipv4.dstAddr              : LPM       0a000e29/32
* standard_metadata.ingress_port: EXACT     0003
Action entry: MyIngress.ipv4_forward - a000e29,5,

[06:04:59.032] [bmv2] [T] [thread 247324] bm_table_add_entry
[06:04:59.032] [bmv2] [D] [thread 247324] Entry 203 added to table 'MyIngress.ipv4_lpm'
[06:04:59.032] [bmv2] [D] [thread 247324] Dumping entry 203
Match key:
* hdr.ipv4.dstAddr              : LPM       0a000e29/32
* standard_metadata.ingress_port: EXACT     0004
Action entry: MyIngress.ipv4_forward - a000e29,5,

[06:04:59.032] [bmv2] [T] [thread 247324] bm_table_add_entry
[06:04:59.032] [bmv2] [D] [thread 247324] Entry 204 added to table 'MyIngress.ipv4_lpm'
[06:04:59.033] [bmv2] [D] [thread 247324] Dumping entry 204
Match key:
* hdr.ipv4.dstAddr              : LPM       0a000e29/32
* standard_metadata.ingress_port: EXACT     0006
Action entry: MyIngress.ipv4_forward - a000e29,5,

[06:04:59.033] [bmv2] [T] [thread 247324] bm_table_add_entry
[06:04:59.033] [bmv2] [D] [thread 247324] Entry 205 added to table 'MyIngress.ipv4_lpm'
[06:04:59.033] [bmv2] [D] [thread 247324] Dumping entry 205
Match key:
* hdr.ipv4.dstAddr              : LPM       0a000e2a/32
* standard_metadata.ingress_port: EXACT     0001
Action entry: MyIngress.ipv4_forward - a000e2a,5,

[06:04:59.034] [bmv2] [T] [thread 247324] bm_table_add_entry
[06:04:59.035] [bmv2] [D] [thread 247324] Entry 206 added to table 'MyIngress.ipv4_lpm'
[06:04:59.035] [bmv2] [D] [thread 247324] Dumping entry 206
Match key:
* hdr.ipv4.dstAddr              : LPM       0a000e2a/32
* standard_metadata.ingress_port: EXACT     0002
Action entry: MyIngress.ipv4_forward - a000e2a,5,

[06:04:59.035] [bmv2] [T] [thread 247324] bm_table_add_entry
[06:04:59.035] [bmv2] [D] [thread 247324] Entry 207 added to table 'MyIngress.ipv4_lpm'
[06:04:59.036] [bmv2] [D] [thread 247324] Dumping entry 207
Match key:
* hdr.ipv4.dstAddr              : LPM       0a000e2a/32
* standard_metadata.ingress_port: EXACT     0003
Action entry: MyIngress.ipv4_forward - a000e2a,5,

[06:04:59.036] [bmv2] [T] [thread 247324] bm_table_add_entry
[06:04:59.036] [bmv2] [D] [thread 247324] Entry 208 added to table 'MyIngress.ipv4_lpm'
[06:04:59.036] [bmv2] [D] [thread 247324] Dumping entry 208
Match key:
* hdr.ipv4.dstAddr              : LPM       0a000e2a/32
* standard_metadata.ingress_port: EXACT     0004
Action entry: MyIngress.ipv4_forward - a000e2a,5,

[06:04:59.037] [bmv2] [T] [thread 247324] bm_table_add_entry
[06:04:59.037] [bmv2] [D] [thread 247324] Entry 209 added to table 'MyIngress.ipv4_lpm'
[06:04:59.037] [bmv2] [D] [thread 247324] Dumping entry 209
Match key:
* hdr.ipv4.dstAddr              : LPM       0a000e2a/32
* standard_metadata.ingress_port: EXACT     0006
Action entry: MyIngress.ipv4_forward - a000e2a,5,

[06:04:59.038] [bmv2] [T] [thread 247324] bm_table_add_entry
[06:04:59.038] [bmv2] [D] [thread 247324] Entry 210 added to table 'MyIngress.ipv4_lpm'
[06:04:59.038] [bmv2] [D] [thread 247324] Dumping entry 210
Match key:
* hdr.ipv4.dstAddr              : LPM       0a000f2b/32
* standard_metadata.ingress_port: EXACT     0001
Action entry: MyIngress.ipv4_forward - a000f2b,5,

[06:04:59.039] [bmv2] [T] [thread 247324] bm_table_add_entry
[06:04:59.039] [bmv2] [D] [thread 247324] Entry 211 added to table 'MyIngress.ipv4_lpm'
[06:04:59.039] [bmv2] [D] [thread 247324] Dumping entry 211
Match key:
* hdr.ipv4.dstAddr              : LPM       0a000f2b/32
* standard_metadata.ingress_port: EXACT     0002
Action entry: MyIngress.ipv4_forward - a000f2b,5,

[06:04:59.040] [bmv2] [T] [thread 247324] bm_table_add_entry
[06:04:59.040] [bmv2] [D] [thread 247324] Entry 212 added to table 'MyIngress.ipv4_lpm'
[06:04:59.040] [bmv2] [D] [thread 247324] Dumping entry 212
Match key:
* hdr.ipv4.dstAddr              : LPM       0a000f2b/32
* standard_metadata.ingress_port: EXACT     0003
Action entry: MyIngress.ipv4_forward - a000f2b,5,

[06:04:59.041] [bmv2] [T] [thread 247324] bm_table_add_entry
[06:04:59.041] [bmv2] [D] [thread 247324] Entry 213 added to table 'MyIngress.ipv4_lpm'
[06:04:59.041] [bmv2] [D] [thread 247324] Dumping entry 213
Match key:
* hdr.ipv4.dstAddr              : LPM       0a000f2b/32
* standard_metadata.ingress_port: EXACT     0004
Action entry: MyIngress.ipv4_forward - a000f2b,5,

[06:04:59.042] [bmv2] [T] [thread 247324] bm_table_add_entry
[06:04:59.042] [bmv2] [D] [thread 247324] Entry 214 added to table 'MyIngress.ipv4_lpm'
[06:04:59.042] [bmv2] [D] [thread 247324] Dumping entry 214
Match key:
* hdr.ipv4.dstAddr              : LPM       0a000f2b/32
* standard_metadata.ingress_port: EXACT     0006
Action entry: MyIngress.ipv4_forward - a000f2b,5,

[06:04:59.042] [bmv2] [T] [thread 247324] bm_table_add_entry
[06:04:59.042] [bmv2] [D] [thread 247324] Entry 215 added to table 'MyIngress.ipv4_lpm'
[06:04:59.042] [bmv2] [D] [thread 247324] Dumping entry 215
Match key:
* hdr.ipv4.dstAddr              : LPM       0a000f2c/32
* standard_metadata.ingress_port: EXACT     0001
Action entry: MyIngress.ipv4_forward - a000f2c,5,

[06:04:59.043] [bmv2] [T] [thread 247324] bm_table_add_entry
[06:04:59.043] [bmv2] [D] [thread 247324] Entry 216 added to table 'MyIngress.ipv4_lpm'
[06:04:59.043] [bmv2] [D] [thread 247324] Dumping entry 216
Match key:
* hdr.ipv4.dstAddr              : LPM       0a000f2c/32
* standard_metadata.ingress_port: EXACT     0002
Action entry: MyIngress.ipv4_forward - a000f2c,5,

[06:04:59.044] [bmv2] [T] [thread 247324] bm_table_add_entry
[06:04:59.044] [bmv2] [D] [thread 247324] Entry 217 added to table 'MyIngress.ipv4_lpm'
[06:04:59.044] [bmv2] [D] [thread 247324] Dumping entry 217
Match key:
* hdr.ipv4.dstAddr              : LPM       0a000f2c/32
* standard_metadata.ingress_port: EXACT     0003
Action entry: MyIngress.ipv4_forward - a000f2c,5,

[06:04:59.045] [bmv2] [T] [thread 247324] bm_table_add_entry
[06:04:59.045] [bmv2] [D] [thread 247324] Entry 218 added to table 'MyIngress.ipv4_lpm'
[06:04:59.045] [bmv2] [D] [thread 247324] Dumping entry 218
Match key:
* hdr.ipv4.dstAddr              : LPM       0a000f2c/32
* standard_metadata.ingress_port: EXACT     0004
Action entry: MyIngress.ipv4_forward - a000f2c,5,

[06:04:59.046] [bmv2] [T] [thread 247324] bm_table_add_entry
[06:04:59.046] [bmv2] [D] [thread 247324] Entry 219 added to table 'MyIngress.ipv4_lpm'
[06:04:59.046] [bmv2] [D] [thread 247324] Dumping entry 219
Match key:
* hdr.ipv4.dstAddr              : LPM       0a000f2c/32
* standard_metadata.ingress_port: EXACT     0006
Action entry: MyIngress.ipv4_forward - a000f2c,5,

[06:04:59.046] [bmv2] [T] [thread 247324] bm_table_add_entry
[06:04:59.047] [bmv2] [D] [thread 247324] Entry 220 added to table 'MyIngress.ipv4_lpm'
[06:04:59.047] [bmv2] [D] [thread 247324] Dumping entry 220
Match key:
* hdr.ipv4.dstAddr              : LPM       0a000f2d/32
* standard_metadata.ingress_port: EXACT     0001
Action entry: MyIngress.ipv4_forward - a000f2d,5,

[06:04:59.047] [bmv2] [T] [thread 247324] bm_table_add_entry
[06:04:59.047] [bmv2] [D] [thread 247324] Entry 221 added to table 'MyIngress.ipv4_lpm'
[06:04:59.047] [bmv2] [D] [thread 247324] Dumping entry 221
Match key:
* hdr.ipv4.dstAddr              : LPM       0a000f2d/32
* standard_metadata.ingress_port: EXACT     0002
Action entry: MyIngress.ipv4_forward - a000f2d,5,

[06:04:59.048] [bmv2] [T] [thread 247324] bm_table_add_entry
[06:04:59.048] [bmv2] [D] [thread 247324] Entry 222 added to table 'MyIngress.ipv4_lpm'
[06:04:59.048] [bmv2] [D] [thread 247324] Dumping entry 222
Match key:
* hdr.ipv4.dstAddr              : LPM       0a000f2d/32
* standard_metadata.ingress_port: EXACT     0003
Action entry: MyIngress.ipv4_forward - a000f2d,5,

[06:04:59.049] [bmv2] [T] [thread 247324] bm_table_add_entry
[06:04:59.049] [bmv2] [D] [thread 247324] Entry 223 added to table 'MyIngress.ipv4_lpm'
[06:04:59.049] [bmv2] [D] [thread 247324] Dumping entry 223
Match key:
* hdr.ipv4.dstAddr              : LPM       0a000f2d/32
* standard_metadata.ingress_port: EXACT     0004
Action entry: MyIngress.ipv4_forward - a000f2d,5,

[06:04:59.050] [bmv2] [T] [thread 247324] bm_table_add_entry
[06:04:59.050] [bmv2] [D] [thread 247324] Entry 224 added to table 'MyIngress.ipv4_lpm'
[06:04:59.050] [bmv2] [D] [thread 247324] Dumping entry 224
Match key:
* hdr.ipv4.dstAddr              : LPM       0a000f2d/32
* standard_metadata.ingress_port: EXACT     0006
Action entry: MyIngress.ipv4_forward - a000f2d,5,

[06:04:59.050] [bmv2] [T] [thread 247324] bm_table_add_entry
[06:04:59.051] [bmv2] [D] [thread 247324] Entry 225 added to table 'MyIngress.ipv4_lpm'
[06:04:59.051] [bmv2] [D] [thread 247324] Dumping entry 225
Match key:
* hdr.ipv4.dstAddr              : LPM       0a00102e/32
* standard_metadata.ingress_port: EXACT     0001
Action entry: MyIngress.ipv4_forward - a00102e,6,

[06:04:59.051] [bmv2] [T] [thread 247324] bm_table_add_entry
[06:04:59.051] [bmv2] [D] [thread 247324] Entry 226 added to table 'MyIngress.ipv4_lpm'
[06:04:59.051] [bmv2] [D] [thread 247324] Dumping entry 226
Match key:
* hdr.ipv4.dstAddr              : LPM       0a00102e/32
* standard_metadata.ingress_port: EXACT     0002
Action entry: MyIngress.ipv4_forward - a00102e,6,

[06:04:59.052] [bmv2] [T] [thread 247324] bm_table_add_entry
[06:04:59.052] [bmv2] [D] [thread 247324] Entry 227 added to table 'MyIngress.ipv4_lpm'
[06:04:59.052] [bmv2] [D] [thread 247324] Dumping entry 227
Match key:
* hdr.ipv4.dstAddr              : LPM       0a00102e/32
* standard_metadata.ingress_port: EXACT     0003
Action entry: MyIngress.ipv4_forward - a00102e,6,

[06:04:59.053] [bmv2] [T] [thread 247324] bm_table_add_entry
[06:04:59.053] [bmv2] [D] [thread 247324] Entry 228 added to table 'MyIngress.ipv4_lpm'
[06:04:59.053] [bmv2] [D] [thread 247324] Dumping entry 228
Match key:
* hdr.ipv4.dstAddr              : LPM       0a00102e/32
* standard_metadata.ingress_port: EXACT     0004
Action entry: MyIngress.ipv4_forward - a00102e,6,

[06:04:59.054] [bmv2] [T] [thread 247324] bm_table_add_entry
[06:04:59.054] [bmv2] [D] [thread 247324] Entry 229 added to table 'MyIngress.ipv4_lpm'
[06:04:59.054] [bmv2] [D] [thread 247324] Dumping entry 229
Match key:
* hdr.ipv4.dstAddr              : LPM       0a00102e/32
* standard_metadata.ingress_port: EXACT     0005
Action entry: MyIngress.ipv4_forward - a00102e,6,

[06:04:59.054] [bmv2] [T] [thread 247324] bm_table_add_entry
[06:04:59.054] [bmv2] [D] [thread 247324] Entry 230 added to table 'MyIngress.ipv4_lpm'
[06:04:59.054] [bmv2] [D] [thread 247324] Dumping entry 230
Match key:
* hdr.ipv4.dstAddr              : LPM       0a00102f/32
* standard_metadata.ingress_port: EXACT     0001
Action entry: MyIngress.ipv4_forward - a00102f,6,

[06:04:59.055] [bmv2] [T] [thread 247324] bm_table_add_entry
[06:04:59.055] [bmv2] [D] [thread 247324] Entry 231 added to table 'MyIngress.ipv4_lpm'
[06:04:59.055] [bmv2] [D] [thread 247324] Dumping entry 231
Match key:
* hdr.ipv4.dstAddr              : LPM       0a00102f/32
* standard_metadata.ingress_port: EXACT     0002
Action entry: MyIngress.ipv4_forward - a00102f,6,

[06:04:59.056] [bmv2] [T] [thread 247324] bm_table_add_entry
[06:04:59.056] [bmv2] [D] [thread 247324] Entry 232 added to table 'MyIngress.ipv4_lpm'
[06:04:59.056] [bmv2] [D] [thread 247324] Dumping entry 232
Match key:
* hdr.ipv4.dstAddr              : LPM       0a00102f/32
* standard_metadata.ingress_port: EXACT     0003
Action entry: MyIngress.ipv4_forward - a00102f,6,

[06:04:59.057] [bmv2] [T] [thread 247324] bm_table_add_entry
[06:04:59.057] [bmv2] [D] [thread 247324] Entry 233 added to table 'MyIngress.ipv4_lpm'
[06:04:59.057] [bmv2] [D] [thread 247324] Dumping entry 233
Match key:
* hdr.ipv4.dstAddr              : LPM       0a00102f/32
* standard_metadata.ingress_port: EXACT     0004
Action entry: MyIngress.ipv4_forward - a00102f,6,

[06:04:59.057] [bmv2] [T] [thread 247324] bm_table_add_entry
[06:04:59.058] [bmv2] [D] [thread 247324] Entry 234 added to table 'MyIngress.ipv4_lpm'
[06:04:59.058] [bmv2] [D] [thread 247324] Dumping entry 234
Match key:
* hdr.ipv4.dstAddr              : LPM       0a00102f/32
* standard_metadata.ingress_port: EXACT     0005
Action entry: MyIngress.ipv4_forward - a00102f,6,

[06:04:59.058] [bmv2] [T] [thread 247324] bm_table_add_entry
[06:04:59.059] [bmv2] [D] [thread 247324] Entry 235 added to table 'MyIngress.ipv4_lpm'
[06:04:59.059] [bmv2] [D] [thread 247324] Dumping entry 235
Match key:
* hdr.ipv4.dstAddr              : LPM       0a001030/32
* standard_metadata.ingress_port: EXACT     0001
Action entry: MyIngress.ipv4_forward - a001030,6,

[06:04:59.059] [bmv2] [T] [thread 247324] bm_table_add_entry
[06:04:59.059] [bmv2] [D] [thread 247324] Entry 236 added to table 'MyIngress.ipv4_lpm'
[06:04:59.059] [bmv2] [D] [thread 247324] Dumping entry 236
Match key:
* hdr.ipv4.dstAddr              : LPM       0a001030/32
* standard_metadata.ingress_port: EXACT     0002
Action entry: MyIngress.ipv4_forward - a001030,6,

[06:04:59.060] [bmv2] [T] [thread 247324] bm_table_add_entry
[06:04:59.060] [bmv2] [D] [thread 247324] Entry 237 added to table 'MyIngress.ipv4_lpm'
[06:04:59.060] [bmv2] [D] [thread 247324] Dumping entry 237
Match key:
* hdr.ipv4.dstAddr              : LPM       0a001030/32
* standard_metadata.ingress_port: EXACT     0003
Action entry: MyIngress.ipv4_forward - a001030,6,

[06:04:59.061] [bmv2] [T] [thread 247324] bm_table_add_entry
[06:04:59.061] [bmv2] [D] [thread 247324] Entry 238 added to table 'MyIngress.ipv4_lpm'
[06:04:59.061] [bmv2] [D] [thread 247324] Dumping entry 238
Match key:
* hdr.ipv4.dstAddr              : LPM       0a001030/32
* standard_metadata.ingress_port: EXACT     0004
Action entry: MyIngress.ipv4_forward - a001030,6,

[06:04:59.061] [bmv2] [T] [thread 247324] bm_table_add_entry
[06:04:59.062] [bmv2] [D] [thread 247324] Entry 239 added to table 'MyIngress.ipv4_lpm'
[06:04:59.062] [bmv2] [D] [thread 247324] Dumping entry 239
Match key:
* hdr.ipv4.dstAddr              : LPM       0a001030/32
* standard_metadata.ingress_port: EXACT     0005
Action entry: MyIngress.ipv4_forward - a001030,6,

[06:04:59.062] [bmv2] [T] [thread 247324] bm_table_add_entry
[06:04:59.063] [bmv2] [D] [thread 247324] Entry 240 added to table 'MyIngress.ipv4_lpm'
[06:04:59.063] [bmv2] [D] [thread 247324] Dumping entry 240
Match key:
* hdr.ipv4.dstAddr              : LPM       0a001131/32
* standard_metadata.ingress_port: EXACT     0001
Action entry: MyIngress.ipv4_forward - a001131,6,

[06:04:59.063] [bmv2] [T] [thread 247324] bm_table_add_entry
[06:04:59.064] [bmv2] [D] [thread 247324] Entry 241 added to table 'MyIngress.ipv4_lpm'
[06:04:59.064] [bmv2] [D] [thread 247324] Dumping entry 241
Match key:
* hdr.ipv4.dstAddr              : LPM       0a001131/32
* standard_metadata.ingress_port: EXACT     0002
Action entry: MyIngress.ipv4_forward - a001131,6,

[06:04:59.064] [bmv2] [T] [thread 247324] bm_table_add_entry
[06:04:59.064] [bmv2] [D] [thread 247324] Entry 242 added to table 'MyIngress.ipv4_lpm'
[06:04:59.065] [bmv2] [D] [thread 247324] Dumping entry 242
Match key:
* hdr.ipv4.dstAddr              : LPM       0a001131/32
* standard_metadata.ingress_port: EXACT     0003
Action entry: MyIngress.ipv4_forward - a001131,6,

[06:04:59.065] [bmv2] [T] [thread 247324] bm_table_add_entry
[06:04:59.065] [bmv2] [D] [thread 247324] Entry 243 added to table 'MyIngress.ipv4_lpm'
[06:04:59.065] [bmv2] [D] [thread 247324] Dumping entry 243
Match key:
* hdr.ipv4.dstAddr              : LPM       0a001131/32
* standard_metadata.ingress_port: EXACT     0004
Action entry: MyIngress.ipv4_forward - a001131,6,

[06:04:59.066] [bmv2] [T] [thread 247324] bm_table_add_entry
[06:04:59.066] [bmv2] [D] [thread 247324] Entry 244 added to table 'MyIngress.ipv4_lpm'
[06:04:59.066] [bmv2] [D] [thread 247324] Dumping entry 244
Match key:
* hdr.ipv4.dstAddr              : LPM       0a001131/32
* standard_metadata.ingress_port: EXACT     0005
Action entry: MyIngress.ipv4_forward - a001131,6,

[06:04:59.067] [bmv2] [T] [thread 247324] bm_table_add_entry
[06:04:59.067] [bmv2] [D] [thread 247324] Entry 245 added to table 'MyIngress.ipv4_lpm'
[06:04:59.067] [bmv2] [D] [thread 247324] Dumping entry 245
Match key:
* hdr.ipv4.dstAddr              : LPM       0a001132/32
* standard_metadata.ingress_port: EXACT     0001
Action entry: MyIngress.ipv4_forward - a001132,6,

[06:04:59.068] [bmv2] [T] [thread 247324] bm_table_add_entry
[06:04:59.068] [bmv2] [D] [thread 247324] Entry 246 added to table 'MyIngress.ipv4_lpm'
[06:04:59.068] [bmv2] [D] [thread 247324] Dumping entry 246
Match key:
* hdr.ipv4.dstAddr              : LPM       0a001132/32
* standard_metadata.ingress_port: EXACT     0002
Action entry: MyIngress.ipv4_forward - a001132,6,

[06:04:59.069] [bmv2] [T] [thread 247324] bm_table_add_entry
[06:04:59.069] [bmv2] [D] [thread 247324] Entry 247 added to table 'MyIngress.ipv4_lpm'
[06:04:59.069] [bmv2] [D] [thread 247324] Dumping entry 247
Match key:
* hdr.ipv4.dstAddr              : LPM       0a001132/32
* standard_metadata.ingress_port: EXACT     0003
Action entry: MyIngress.ipv4_forward - a001132,6,

[06:04:59.070] [bmv2] [T] [thread 247324] bm_table_add_entry
[06:04:59.070] [bmv2] [D] [thread 247324] Entry 248 added to table 'MyIngress.ipv4_lpm'
[06:04:59.070] [bmv2] [D] [thread 247324] Dumping entry 248
Match key:
* hdr.ipv4.dstAddr              : LPM       0a001132/32
* standard_metadata.ingress_port: EXACT     0004
Action entry: MyIngress.ipv4_forward - a001132,6,

[06:04:59.070] [bmv2] [T] [thread 247324] bm_table_add_entry
[06:04:59.071] [bmv2] [D] [thread 247324] Entry 249 added to table 'MyIngress.ipv4_lpm'
[06:04:59.071] [bmv2] [D] [thread 247324] Dumping entry 249
Match key:
* hdr.ipv4.dstAddr              : LPM       0a001132/32
* standard_metadata.ingress_port: EXACT     0005
Action entry: MyIngress.ipv4_forward - a001132,6,

[06:04:59.071] [bmv2] [T] [thread 247324] bm_table_add_entry
[06:04:59.072] [bmv2] [D] [thread 247324] Entry 250 added to table 'MyIngress.ipv4_lpm'
[06:04:59.072] [bmv2] [D] [thread 247324] Dumping entry 250
Match key:
* hdr.ipv4.dstAddr              : LPM       0a001133/32
* standard_metadata.ingress_port: EXACT     0001
Action entry: MyIngress.ipv4_forward - a001133,6,

[06:04:59.073] [bmv2] [T] [thread 247324] bm_table_add_entry
[06:04:59.073] [bmv2] [D] [thread 247324] Entry 251 added to table 'MyIngress.ipv4_lpm'
[06:04:59.073] [bmv2] [D] [thread 247324] Dumping entry 251
Match key:
* hdr.ipv4.dstAddr              : LPM       0a001133/32
* standard_metadata.ingress_port: EXACT     0002
Action entry: MyIngress.ipv4_forward - a001133,6,

[06:04:59.074] [bmv2] [T] [thread 247324] bm_table_add_entry
[06:04:59.074] [bmv2] [D] [thread 247324] Entry 252 added to table 'MyIngress.ipv4_lpm'
[06:04:59.074] [bmv2] [D] [thread 247324] Dumping entry 252
Match key:
* hdr.ipv4.dstAddr              : LPM       0a001133/32
* standard_metadata.ingress_port: EXACT     0003
Action entry: MyIngress.ipv4_forward - a001133,6,

[06:04:59.075] [bmv2] [T] [thread 247324] bm_table_add_entry
[06:04:59.075] [bmv2] [D] [thread 247324] Entry 253 added to table 'MyIngress.ipv4_lpm'
[06:04:59.075] [bmv2] [D] [thread 247324] Dumping entry 253
Match key:
* hdr.ipv4.dstAddr              : LPM       0a001133/32
* standard_metadata.ingress_port: EXACT     0004
Action entry: MyIngress.ipv4_forward - a001133,6,

[06:04:59.076] [bmv2] [T] [thread 247324] bm_table_add_entry
[06:04:59.076] [bmv2] [D] [thread 247324] Entry 254 added to table 'MyIngress.ipv4_lpm'
[06:04:59.076] [bmv2] [D] [thread 247324] Dumping entry 254
Match key:
* hdr.ipv4.dstAddr              : LPM       0a001133/32
* standard_metadata.ingress_port: EXACT     0005
Action entry: MyIngress.ipv4_forward - a001133,6,

[06:04:59.076] [bmv2] [T] [thread 247324] bm_table_add_entry
[06:04:59.077] [bmv2] [D] [thread 247324] Entry 255 added to table 'MyIngress.ipv4_lpm'
[06:04:59.077] [bmv2] [D] [thread 247324] Dumping entry 255
Match key:
* hdr.ipv4.dstAddr              : LPM       0a001234/32
* standard_metadata.ingress_port: EXACT     0001
Action entry: MyIngress.ipv4_forward - a001234,6,

[06:04:59.077] [bmv2] [T] [thread 247324] bm_table_add_entry
[06:04:59.078] [bmv2] [D] [thread 247324] Entry 256 added to table 'MyIngress.ipv4_lpm'
[06:04:59.078] [bmv2] [D] [thread 247324] Dumping entry 256
Match key:
* hdr.ipv4.dstAddr              : LPM       0a001234/32
* standard_metadata.ingress_port: EXACT     0002
Action entry: MyIngress.ipv4_forward - a001234,6,

[06:04:59.078] [bmv2] [T] [thread 247324] bm_table_add_entry
[06:04:59.078] [bmv2] [D] [thread 247324] Entry 257 added to table 'MyIngress.ipv4_lpm'
[06:04:59.078] [bmv2] [D] [thread 247324] Dumping entry 257
Match key:
* hdr.ipv4.dstAddr              : LPM       0a001234/32
* standard_metadata.ingress_port: EXACT     0003
Action entry: MyIngress.ipv4_forward - a001234,6,

[06:04:59.079] [bmv2] [T] [thread 247324] bm_table_add_entry
[06:04:59.079] [bmv2] [D] [thread 247324] Entry 258 added to table 'MyIngress.ipv4_lpm'
[06:04:59.079] [bmv2] [D] [thread 247324] Dumping entry 258
Match key:
* hdr.ipv4.dstAddr              : LPM       0a001234/32
* standard_metadata.ingress_port: EXACT     0004
Action entry: MyIngress.ipv4_forward - a001234,6,

[06:04:59.080] [bmv2] [T] [thread 247324] bm_table_add_entry
[06:04:59.080] [bmv2] [D] [thread 247324] Entry 259 added to table 'MyIngress.ipv4_lpm'
[06:04:59.080] [bmv2] [D] [thread 247324] Dumping entry 259
Match key:
* hdr.ipv4.dstAddr              : LPM       0a001234/32
* standard_metadata.ingress_port: EXACT     0005
Action entry: MyIngress.ipv4_forward - a001234,6,

[06:04:59.081] [bmv2] [T] [thread 247324] bm_table_add_entry
[06:04:59.081] [bmv2] [D] [thread 247324] Entry 260 added to table 'MyIngress.ipv4_lpm'
[06:04:59.081] [bmv2] [D] [thread 247324] Dumping entry 260
Match key:
* hdr.ipv4.dstAddr              : LPM       0a001235/32
* standard_metadata.ingress_port: EXACT     0001
Action entry: MyIngress.ipv4_forward - a001235,6,

[06:04:59.082] [bmv2] [T] [thread 247324] bm_table_add_entry
[06:04:59.082] [bmv2] [D] [thread 247324] Entry 261 added to table 'MyIngress.ipv4_lpm'
[06:04:59.082] [bmv2] [D] [thread 247324] Dumping entry 261
Match key:
* hdr.ipv4.dstAddr              : LPM       0a001235/32
* standard_metadata.ingress_port: EXACT     0002
Action entry: MyIngress.ipv4_forward - a001235,6,

[06:04:59.083] [bmv2] [T] [thread 247324] bm_table_add_entry
[06:04:59.083] [bmv2] [D] [thread 247324] Entry 262 added to table 'MyIngress.ipv4_lpm'
[06:04:59.083] [bmv2] [D] [thread 247324] Dumping entry 262
Match key:
* hdr.ipv4.dstAddr              : LPM       0a001235/32
* standard_metadata.ingress_port: EXACT     0003
Action entry: MyIngress.ipv4_forward - a001235,6,

[06:04:59.084] [bmv2] [T] [thread 247324] bm_table_add_entry
[06:04:59.084] [bmv2] [D] [thread 247324] Entry 263 added to table 'MyIngress.ipv4_lpm'
[06:04:59.084] [bmv2] [D] [thread 247324] Dumping entry 263
Match key:
* hdr.ipv4.dstAddr              : LPM       0a001235/32
* standard_metadata.ingress_port: EXACT     0004
Action entry: MyIngress.ipv4_forward - a001235,6,

[06:04:59.084] [bmv2] [T] [thread 247324] bm_table_add_entry
[06:04:59.084] [bmv2] [D] [thread 247324] Entry 264 added to table 'MyIngress.ipv4_lpm'
[06:04:59.084] [bmv2] [D] [thread 247324] Dumping entry 264
Match key:
* hdr.ipv4.dstAddr              : LPM       0a001235/32
* standard_metadata.ingress_port: EXACT     0005
Action entry: MyIngress.ipv4_forward - a001235,6,

[06:04:59.085] [bmv2] [T] [thread 247324] bm_table_add_entry
[06:04:59.085] [bmv2] [D] [thread 247324] Entry 265 added to table 'MyIngress.ipv4_lpm'
[06:04:59.085] [bmv2] [D] [thread 247324] Dumping entry 265
Match key:
* hdr.ipv4.dstAddr              : LPM       0a001236/32
* standard_metadata.ingress_port: EXACT     0001
Action entry: MyIngress.ipv4_forward - a001236,6,

[06:04:59.086] [bmv2] [T] [thread 247324] bm_table_add_entry
[06:04:59.086] [bmv2] [D] [thread 247324] Entry 266 added to table 'MyIngress.ipv4_lpm'
[06:04:59.086] [bmv2] [D] [thread 247324] Dumping entry 266
Match key:
* hdr.ipv4.dstAddr              : LPM       0a001236/32
* standard_metadata.ingress_port: EXACT     0002
Action entry: MyIngress.ipv4_forward - a001236,6,

[06:04:59.087] [bmv2] [T] [thread 247324] bm_table_add_entry
[06:04:59.087] [bmv2] [D] [thread 247324] Entry 267 added to table 'MyIngress.ipv4_lpm'
[06:04:59.087] [bmv2] [D] [thread 247324] Dumping entry 267
Match key:
* hdr.ipv4.dstAddr              : LPM       0a001236/32
* standard_metadata.ingress_port: EXACT     0003
Action entry: MyIngress.ipv4_forward - a001236,6,

[06:04:59.087] [bmv2] [T] [thread 247324] bm_table_add_entry
[06:04:59.087] [bmv2] [D] [thread 247324] Entry 268 added to table 'MyIngress.ipv4_lpm'
[06:04:59.087] [bmv2] [D] [thread 247324] Dumping entry 268
Match key:
* hdr.ipv4.dstAddr              : LPM       0a001236/32
* standard_metadata.ingress_port: EXACT     0004
Action entry: MyIngress.ipv4_forward - a001236,6,

[06:04:59.088] [bmv2] [T] [thread 247324] bm_table_add_entry
[06:04:59.088] [bmv2] [D] [thread 247324] Entry 269 added to table 'MyIngress.ipv4_lpm'
[06:04:59.088] [bmv2] [D] [thread 247324] Dumping entry 269
Match key:
* hdr.ipv4.dstAddr              : LPM       0a001236/32
* standard_metadata.ingress_port: EXACT     0005
Action entry: MyIngress.ipv4_forward - a001236,6,

[06:04:59.090] [bmv2] [T] [thread 247324] bm_set_default_action
[06:04:59.090] [bmv2] [D] [thread 247324] Set default entry for table 'MyEgress.tbl_prime': MyEgress.prime_multiply - 9d,
[06:04:59.090] [bmv2] [T] [thread 247324] bm_set_default_action
[06:04:59.090] [bmv2] [D] [thread 247324] Set default entry for table 'MyEgress.swtrace': MyEgress.add_swtrace - 25,
